"field_agency_fire_id","field_agency_code","field_agency_data_timezone","field_situation_report_date","field_status_date","field_stage_of_control_status","field_system_fire_cause","field_response_type","field_fire_size","field_latitude","field_longitude","full_count"
"SS029-23","nt","MST","2023-07-11T03:38:00.000Z","2023-11-27T17:00:37.000Z","OUT","N","MON","2986.00","60.803883","-112.726667","6668"
"SS027-23","nt","MST","2023-07-05T15:00:00.000Z","2023-11-27T17:00:37.000Z","OUT","N","MON","176000.00","61.281233","-111.385017","6668"
"SS026-23","nt","MST","2023-07-05T00:00:00.000Z","2023-11-27T17:00:37.000Z","OUT","N","MON","0.00","61.2768","-111.2975","6668"
"FS018-23","nt","MST","2023-07-17T16:27:00.000Z","2023-11-27T17:00:37.000Z","OUT","N","MON","250.00","60.7384","-120.9336","6668"
"FS019-23","nt","MST","2023-07-17T16:26:00.000Z","2023-11-27T17:00:37.000Z","OUT","N","MON","1400.00","60.7707","-121.0307","6668"
"FS020-23","nt","MST","2023-07-17T21:48:00.000Z","2023-11-27T17:00:37.000Z","OUT","N","MON","3.00","60.8764","-120.4707","6668"
"FS021-23","nt","MST","2023-07-18T22:29:00.000Z","2023-11-27T17:00:37.000Z","OUT","N","MON","1320.00","60.7423","-120.5908","6668"
"FS022-23","nt","MST","2023-07-20T19:30:00.000Z","2023-11-27T17:00:37.000Z","OUT","N","MON","14000.00","61.029833","-121.346167","6668"
"FS023-23","nt","MST","2023-07-10T09:43:00.000Z","2023-11-27T17:00:37.000Z","OUT","N","MON","26000.00","64.008","-121.356","6668"
"FS024-23","nt","MST","2023-07-31T14:45:00.000Z","2023-11-27T17:00:37.000Z","OUT","N","MON","3.00","63.805033","-122.365517","6668"
"FS025-23","nt","MST","2023-08-05T16:00:00.000Z","2023-11-27T17:00:37.000Z","OUT","N","MON","12000.00","63.500833","-121.386333","6668"
"FS026-23","nt","MST","2023-07-16T18:23:00.000Z","2023-11-27T17:00:37.000Z","OUT","N","MON","60.00","62.7478","-124.8905","6668"
"FS027-23","nt","MST","2023-08-08T20:48:00.000Z","2023-11-27T17:00:37.000Z","OUT","N","MON","760.00","63.091667","-124.0185","6668"
"FS028-23","nt","MST","2023-08-13T19:13:00.000Z","2023-11-27T17:00:37.000Z","OUT","H","MOD","328.00","61.434667","-120.5569","6668"
"FS029-23","nt","MST","2023-08-25T22:57:00.000Z","2023-11-27T17:00:37.000Z","OUT","N","FUL","1.00","60.026167","-122.943","6668"
"FS030-23","nt","MST","2023-09-01T20:30:00.000Z","2023-11-27T17:00:37.000Z","OUT","N","MON","0.20","61.24605","-120.546817","6668"
"FS031-23","nt","MST","2023-09-01T21:53:00.000Z","2023-11-27T17:00:37.000Z","OUT","H","FUL","0.20","60.2416","-123.43025","6668"
"FS032-23","nt","MST","2023-09-07T19:37:00.000Z","2023-11-27T17:00:37.000Z","OUT","N","MON","10.00","60.149167","-125.148333","6668"
"FS033-23","nt","MST","2023-09-10T21:14:00.000Z","2023-11-27T17:00:37.000Z","OUT","H","MON","0.01","62.316567","-123.436317","6668"
"FS034-23","nt","MST","2023-09-18T14:49:00.000Z","2023-11-27T17:00:37.000Z","OUT","N","MON","2.00","60.05","-123.683333","6668"
"SS001-23","nt","MST","2023-05-05T00:00:00.000Z","2023-11-27T17:00:37.000Z","OUT","N","FUL","1.00","60.213367","-111.480217","6668"
"SS002-23","nt","MST","2023-05-05T22:45:00.000Z","2023-11-27T17:00:37.000Z","OUT","H","FUL","28.50","60.01545","-112.165067","6668"
"SS003-23","nt","MST","2023-05-12T17:00:00.000Z","2023-11-27T17:00:37.000Z","OUT","H","FUL","0.02","60.838","-115.742167","6668"
"SS004-23","nt","MST","2023-05-12T23:30:00.000Z","2023-11-27T17:00:37.000Z","OUT","N","MON","64000.00","60.9536","-119.1875","6668"
"SS005-23","nt","MST","2023-05-14T15:45:00.000Z","2023-11-27T17:00:37.000Z","OUT","H","FUL","3208.90","60.849217","-115.694167","6668"
"SS006-23","nt","MST","2023-05-14T21:05:00.000Z","2023-11-27T17:00:37.000Z","OUT","H","FUL","0.14","60.0083","-111.89335","6668"
"SS007-23","nt","MST","2023-05-22T22:24:00.000Z","2023-11-27T17:00:37.000Z","OUT","H","FUL","0.60","60.001933","-111.901667","6668"
"SS010-23","nt","MST","2023-05-31T21:54:00.000Z","2023-11-27T17:00:37.000Z","OUT","N","FUL","6.00","60.118833","-111.0755","6668"
"SS011-23","nt","MST","2023-06-04T21:35:00.000Z","2023-11-27T17:00:37.000Z","OUT","H","FUL","0.10","60.001733","-112.471833","6668"
"SS012-23","nt","MST","2023-06-05T23:30:00.000Z","2023-11-27T17:00:37.000Z","OUT","N","MOD","18.20","60.573917","-118.026667","6668"
"SS013-23","nt","MST","2023-06-12T00:35:00.000Z","2023-11-27T17:00:37.000Z","OUT","H","FUL","0.10","60.034","-112.23525","6668"
"SS014-23","nt","MST","2023-06-12T14:37:00.000Z","2023-11-27T17:00:37.000Z","OUT","N","FUL","0.20","60.029667","-112.536383","6668"
"SS015-23","nt","MST","2023-05-31T21:29:00.000Z","2023-11-27T17:00:37.000Z","OUT","N","MON","2.00","60.9826","-107.098867","6668"
"SS016-23","nt","MST","2023-06-29T15:10:00.000Z","2023-11-27T17:00:37.000Z","OUT","N","MON","75643.00","61.41925","-110.399733","6668"
"SS017-23","nt","MST","2023-07-01T22:10:00.000Z","2023-11-27T17:00:37.000Z","OUT","N","MOD","0.01","60.666883","-112.518717","6668"
"SS018-23","nt","MST","2023-07-01T22:35:00.000Z","2023-11-27T17:00:37.000Z","OUT","N","MON","7.00","60.387167","-116.272017","6668"
"SS019-23","nt","MST","2023-07-03T21:35:00.000Z","2023-11-27T17:00:37.000Z","OUT","N","MON","0.00","60.8754","-111.7204","6668"
"SS020-23","nt","MST","2023-06-30T19:03:00.000Z","2023-11-27T17:00:37.000Z","OUT","N","MON","30.00","60.604117","-107.133833","6668"
"SS021-23","nt","MST","2023-06-30T22:13:00.000Z","2023-11-27T17:00:37.000Z","OUT","N","MON","150.00","60.734333","-105.7826","6668"
"SS022-23","nt","MST","2023-07-05T22:15:00.000Z","2023-11-27T17:00:37.000Z","OUT","N","MOD","641421.00","60.290967","-111.85055","6668"
"SS023-23","nt","MST","2023-07-12T00:15:00.000Z","2023-11-27T17:00:37.000Z","OUT","N","FUL","641.00","61.208333","-113.203883","6668"
"ZF106-23","nt","MST","2023-10-01T18:37:00.000Z","2023-11-27T17:00:37.000Z","OUT","N","MON","9.00","62.71445","-112.838833","6668"
"ZF105-23","nt","MST","2023-10-01T18:22:00.000Z","2023-11-27T17:00:37.000Z","OUT","N","MON","102.00","64.501467","-107.282983","6668"
"ZF104-23","nt","MST","2023-10-01T17:58:00.000Z","2023-11-27T17:00:37.000Z","OUT","N","MON","138.00","63.349167","-113.338433","6668"
"ZF103-23","nt","MST","2023-09-30T15:55:00.000Z","2023-11-27T17:00:37.000Z","OUT","H","MON","0.10","62.351","-114.597517","6668"
"ZF102-23","nt","MST","2023-09-08T17:58:00.000Z","2023-11-27T17:00:37.000Z","OUT","N","MON","17.00","63.890667","-112.915","6668"
"ZF101-23","nt","MST","2023-09-07T16:39:00.000Z","2023-11-27T17:00:37.000Z","OUT","N","MON","2382.33","64.279433","-115.197217","6668"
"ZF100-23","nt","MST","2023-09-07T14:19:00.000Z","2023-11-27T17:00:37.000Z","OUT","N","MON","4305.00","63.915","-114.671383","6668"
"ZF099-23","nt","MST","2023-08-24T16:43:00.000Z","2023-11-27T17:00:37.000Z","OUT","N","MON","572.00","63.31555","-116.6845","6668"
"ZF098-23","nt","MST","2023-08-24T16:36:00.000Z","2023-11-27T17:00:37.000Z","OUT","N","MON","274.00","64.36555","-119.0525","6668"
"ZF097-23","nt","MST","2023-08-10T20:42:00.000Z","2023-11-27T17:00:37.000Z","OUT","N","MON","517.20","62.767217","-103.574433","6668"
"ZF096-23","nt","MST","2023-08-16T04:18:00.000Z","2023-11-27T17:00:37.000Z","OUT","H","FUL","0.10","62.472167","-114.419667","6668"
"ZF095-23","nt","MST","2023-08-08T01:09:00.000Z","2023-11-27T17:00:37.000Z","OUT","N","MON","181.00","62.633333","-111.516667","6668"
"ZF094-23","nt","MST","2023-08-02T23:48:00.000Z","2023-11-27T17:00:37.000Z","OUT","N","MON","3800.00","64.738883","-118.813333","6668"
"ZF093-23","nt","MST","2023-08-07T18:30:00.000Z","2023-11-27T17:00:37.000Z","OUT","N","MON","513.00","62.673333","-113.3007","6668"
"ZF092-23","nt","MST","2023-08-02T02:04:00.000Z","2023-11-27T17:00:37.000Z","OUT","N","MON","8796.53","63.556667","-111.994433","6668"
"ZF091-23","nt","MST","2023-08-02T23:58:00.000Z","2023-11-27T17:00:37.000Z","OUT","N","MON","2600.00","65.120833","-116.10085","6668"
"ZF090-23","nt","MST","2023-08-03T00:02:00.000Z","2023-11-27T17:00:37.000Z","OUT","N","MON","7000.00","65.057667","-115.4325","6668"
"ZF089-23","nt","MST","2023-08-03T00:03:00.000Z","2023-11-27T17:00:37.000Z","OUT","N","MON","4100.00","64.872333","-115.4225","6668"
"ZF088-23","nt","MST","2023-08-02T18:52:00.000Z","2023-11-27T17:00:37.000Z","OUT","N","MON","3000.00","64.783333","-115.193","6668"
"ZF087-23","nt","MST","2023-07-31T23:42:00.000Z","2023-11-27T17:00:37.000Z","OUT","N","MON","1100.00","64.450833","-111.4855","6668"
"ZF086-23","nt","MST","2023-08-02T02:03:00.000Z","2023-11-27T17:00:37.000Z","OUT","N","MON","15346.54","63.491333","-113.5075","6668"
"ZF085-23","nt","MST","2023-08-02T16:07:00.000Z","2023-11-27T17:00:37.000Z","OUT","N","MON","73109.17","62.18555","-113.386667","6668"
"ZF084-23","nt","MST","2023-08-02T19:26:00.000Z","2023-11-27T17:00:37.000Z","OUT","N","FUL","1.00","62.513967","-114.465483","6668"
"ZF083-23","nt","MST","2023-08-02T02:02:00.000Z","2023-11-27T17:00:37.000Z","OUT","N","MON","11412.24","64.416667","-118.90555","6668"
"ZF082-23","nt","MST","2023-08-02T18:48:00.000Z","2023-11-27T17:00:37.000Z","OUT","N","MON","0.00","65.790333","-115.626667","6668"
"ZF081-23","nt","MST","2023-08-02T18:39:00.000Z","2023-11-27T17:00:37.000Z","OUT","N","MON","3000.00","65.520333","-114.308333","6668"
"ZF080-23","nt","MST","2023-08-01T23:48:00.000Z","2023-11-27T17:00:37.000Z","OUT","N","MON","22806.82","64.454167","-115.202667","6668"
"ZF079-23","nt","MST","2023-08-01T19:42:00.000Z","2023-11-27T17:00:37.000Z","OUT","N","FUL","4.00","62.502067","-114.768267","6668"
"ZF078-23","nt","MST","2023-07-31T01:05:00.000Z","2023-11-27T17:00:37.000Z","OUT","N","MON","1000.00","63.1355","-107.635833","6668"
"ZF077-23","nt","MST","2023-07-31T01:00:00.000Z","2023-11-27T17:00:37.000Z","OUT","N","MON","1.00","63.001833","-108.634183","6668"
"ZF076-23","nt","MST","2023-07-31T00:41:00.000Z","2023-11-27T17:00:37.000Z","OUT","N","MON","250.00","62.272217","-104.927767","6668"
"ZF075-23","nt","MST","2023-07-22T19:18:00.000Z","2023-11-27T17:00:37.000Z","OUT","N","MON","279.00","62.1374","-105.6324","6668"
"ZF074-23","nt","MST","2023-07-31T00:29:00.000Z","2023-11-27T17:00:37.000Z","OUT","N","MON","10.00","63.7545","-106.965","6668"
"ZF073-23","nt","MST","2023-07-31T00:05:00.000Z","2023-11-27T17:00:37.000Z","OUT","N","MON","12338.95","63.793333","-115.979167","6668"
"ZF072-23","nt","MST","2023-07-30T23:26:00.000Z","2023-11-27T17:00:37.000Z","OUT","N","MON","22285.96","63.625167","-115.998333","6668"
"ZF071-23","nt","MST","2023-07-30T22:34:00.000Z","2023-11-27T17:00:37.000Z","OUT","N","MON","800.00","64.470833","-114.679167","6668"
"ZF070-23","nt","MST","2023-07-30T22:29:00.000Z","2023-11-27T17:00:37.000Z","OUT","N","MON","2179.00","64.425","-114.475","6668"
"ZF069-23","nt","MST","2023-07-30T22:13:00.000Z","2023-11-27T17:00:37.000Z","OUT","N","MON","7132.00","64.361","-114.729167","6668"
"ZF068-23","nt","MST","2023-07-30T22:03:00.000Z","2023-11-27T17:00:37.000Z","OUT","N","MON","0.00","64.301667","-114.683333","6668"
"ZF067-23","nt","MST","2023-07-30T21:43:00.000Z","2023-11-27T17:00:37.000Z","OUT","N","MON","342.00","64.4625","-113.122167","6668"
"ZF066-23","nt","MST","2023-07-30T21:30:00.000Z","2023-11-27T17:00:37.000Z","OUT","N","MON","25063.37","64.7325","-115.986667","6668"
"ZF065-23","nt","MST","2023-07-30T21:20:00.000Z","2023-11-27T17:00:37.000Z","OUT","N","MON","100.00","65.045833","-114.475","6668"
"ZF064-23","nt","MST","2023-07-30T21:04:00.000Z","2023-11-27T17:00:37.000Z","OUT","N","MON","2100.00","64.854","-114.641667","6668"
"ZF063-23","nt","MST","2023-07-30T00:19:00.000Z","2023-11-27T17:00:37.000Z","OUT","N","MON","3300.00","64.941667","-114.258333","6668"
"ZF062-23","nt","MST","2023-07-30T20:19:00.000Z","2023-11-27T17:00:37.000Z","OUT","N","MON","2700.00","65.158333","-109.822167","6668"
"ZF061-23","nt","MST","2023-07-30T20:10:00.000Z","2023-11-27T17:00:37.000Z","OUT","N","MON","1300.00","65.158333","-109.934167","6668"
"ZF060-23","nt","MST","2023-07-30T18:51:00.000Z","2023-11-27T17:00:37.000Z","OUT","N","MON","5.00","64.225","-106.400833","6668"
"ZF059-23","nt","MST","2023-07-30T18:43:00.000Z","2023-11-27T17:00:37.000Z","OUT","N","MON","300.00","64.451667","-107.385","6668"
"ZF058-23","nt","MST","2023-07-30T18:10:00.000Z","2023-11-27T17:00:37.000Z","OUT","N","MON","5.00","64.066667","-107.708333","6668"
"ZF057-23","nt","MST","2023-07-30T00:12:00.000Z","2023-11-27T17:00:37.000Z","OUT","N","MON","0.00","65.581667","-116.2","6668"
"ZF056-23","nt","MST","2023-07-29T01:54:00.000Z","2023-11-27T17:00:37.000Z","OUT","N","MON","600.00","65.430833","-115.251667","6668"
"ZF055-23","nt","MST","2023-07-29T01:49:00.000Z","2023-11-27T17:00:37.000Z","OUT","N","MON","70.00","65.581667","-115.116667","6668"
"ZF054-23","nt","MST","2023-07-29T01:41:00.000Z","2023-11-27T17:00:37.000Z","OUT","N","MON","5400.00","65.55","-115.804167","6668"
"ZF053-23","nt","MST","2023-07-29T01:34:00.000Z","2023-11-27T17:00:37.000Z","OUT","N","MON","1.00","66.191667","-115.351","6668"
"ZF052-23","nt","MST","2023-07-28T21:47:00.000Z","2023-11-27T17:00:37.000Z","OUT","N","MON","20279.58","65.919167","-116.941667","6668"
"ZF051-23","nt","MST","2023-07-01T00:30:00.000Z","2023-11-27T17:00:37.000Z","OUT","N","MON","4000.00","65.779167","-116.750167","6668"
"ZF050-23","nt","MST","2023-07-27T18:38:00.000Z","2023-11-27T17:00:37.000Z","OUT","N","FUL","45.00","64.2315","-114.3929","6668"
"ZF049-23","nt","MST","2023-07-27T18:27:00.000Z","2023-11-27T17:00:37.000Z","OUT","N","MON","1591.69","63.5625","-112.2884","6668"
"ZF048-23","nt","MST","2023-07-24T20:26:00.000Z","2023-11-27T17:00:37.000Z","OUT","N","MON","678.00","62.4296","-105.9499","6668"
"ZF047-23","nt","MST","2023-07-22T19:21:00.000Z","2023-11-27T17:00:37.000Z","OUT","N","MON","2.00","62.6927","-105.6832","6668"
"ZF046-23","nt","MST","2023-07-24T00:00:00.000Z","2023-11-27T17:00:37.000Z","OUT","N","MON","11210.49","63.9224","-113.8541","6668"
"ZF045-23","nt","MST","2023-07-22T19:15:00.000Z","2023-11-27T17:00:37.000Z","OUT","N","MON","416.00","62.7653","-102.0207","6668"
"ZF044-23","nt","MST","2023-06-30T16:32:00.000Z","2023-11-27T17:00:37.000Z","OUT","N","MON","103.00","62.65","-107.3","6668"
"ZF043-23","nt","MST","2023-07-03T22:00:00.000Z","2023-11-27T17:00:37.000Z","OUT","N","MON","20.00","63.0947","-108.9946","6668"
"ZF042-23","nt","MST","2023-07-23T03:39:00.000Z","2023-11-27T17:00:37.000Z","OUT","N","MON","154.00","66.0764","-115.5121","6668"
"ZF041-23","nt","MST","2023-07-23T21:50:00.000Z","2023-11-27T17:00:37.000Z","OUT","N","MON","36070.35","64.7693","-119.5291","6668"
"ZF040-23","nt","MST","2023-07-22T21:16:00.000Z","2023-11-27T17:00:37.000Z","OUT","N","MON","22000.00","65.669","-115.6223","6668"
"ZF039-23","nt","MST","2023-07-22T20:03:00.000Z","2023-11-27T17:00:37.000Z","OUT","N","MON","2200.00","65.4942","-114.7059","6668"
"ZF038-23","nt","MST","2023-07-22T19:08:00.000Z","2023-11-27T17:00:37.000Z","OUT","N","MON","21572.73","64.5512","-119.9343","6668"
"ZF037-23","nt","MST","2023-07-22T21:49:00.000Z","2023-11-27T17:00:37.000Z","OUT","N","MON","1678.00","62.7542","-112.2085","6668"
"ZF036-23","nt","MST","2023-07-22T21:54:00.000Z","2023-11-27T17:00:37.000Z","OUT","N","MON","386.00","62.6353","-112.4867","6668"
"ZF035-23","nt","MST","2023-07-22T21:47:00.000Z","2023-11-27T17:00:37.000Z","OUT","N","MON","1227.00","62.5917","-112.7354","6668"
"ZF034-23","nt","MST","2023-07-22T18:00:00.000Z","2023-11-27T17:00:37.000Z","OUT","N","MON","1.00","62.594433","-112.868883","6668"
"ZF033-23","nt","MST","2023-06-30T16:49:00.000Z","2023-11-27T17:00:37.000Z","OUT","N","MON","99628.30","65.316667","-116.25","6668"
"ZF032-23","nt","MST","2023-07-12T19:30:00.000Z","2023-11-27T17:00:37.000Z","OUT","H","FUL","0.01","62.453333","-114.4175","6668"
"ZF031-23","nt","MST","2023-07-10T16:15:00.000Z","2023-11-27T17:00:37.000Z","OUT","H","FUL","0.01","62.707267","-115.579983","6668"
"ZF030-23","nt","MST","2023-07-06T22:00:00.000Z","2023-11-27T17:00:37.000Z","OUT","N","FUL","50.00","63.047417","-116.088517","6668"
"ZF029-23","nt","MST","2023-07-05T01:00:00.000Z","2023-11-27T17:00:37.000Z","OUT","N","FUL","4.00","63.296767","-116.22215","6668"
"ZF028-23","nt","MST","2023-07-04T20:27:00.000Z","2023-11-27T17:00:37.000Z","OUT","H","MON","1.00","62.341667","-114.453333","6668"
"ZF027-23","nt","MST","2023-07-03T22:30:00.000Z","2023-11-27T17:00:37.000Z","OUT","N","MON","0.00","63.246667","-114.834833","6668"
"ZF026-23","nt","MST","2023-07-03T22:25:00.000Z","2023-11-27T17:00:37.000Z","OUT","N","MON","0.00","63.421667","-114.558333","6668"
"ZF025-23","nt","MST","2023-07-04T01:13:00.000Z","2023-11-27T17:00:37.000Z","OUT","N","MON","18529.16","63.320833","-113.591667","6668"
"ZF024-23","nt","MST","2023-07-04T01:06:00.000Z","2023-11-27T17:00:37.000Z","OUT","N","MON","0.00","64.033333","-113.233333","6668"
"ZF023-23","nt","MST","2023-07-03T21:20:00.000Z","2023-11-27T17:00:37.000Z","OUT","N","MON","1.00","63.945833","-112.575","6668"
"ZF022-23","nt","MST","2023-06-30T16:41:00.000Z","2023-11-27T17:00:37.000Z","OUT","N","MON","100.00","63.933333","-112.566667","6668"
"ZF021-23","nt","MST","2023-06-28T23:15:00.000Z","2023-11-27T17:00:37.000Z","OUT","N","MON","0.00","63.343333","-114.961","6668"
"ZF020-23","nt","MST","2023-06-30T16:43:00.000Z","2023-11-27T17:00:37.000Z","OUT","N","MON","19736.16","63.816667","-115.683333","6668"
"ZF019-23","nt","MST","2023-06-30T16:18:00.000Z","2023-11-27T17:00:37.000Z","OUT","N","MON","82000.00","63.2","-114.533333","6668"
"ZF018-23","nt","MST","2023-07-01T23:24:00.000Z","2023-11-27T17:00:37.000Z","OUT","N","MON","62082.85","63.066667","-112.033333","6668"
"ZF017-23","nt","MST","2023-06-30T15:50:00.000Z","2023-11-27T17:00:37.000Z","OUT","N","MON","0.00","63.316667","-115.1","6668"
"ZF016-23","nt","MST","2023-07-01T23:20:00.000Z","2023-11-27T17:00:37.000Z","OUT","N","MON","0.00","63.2385","-114.824333","6668"
"ZF015-23","nt","MST","2023-06-28T23:00:00.000Z","2023-11-27T17:00:37.000Z","OUT","N","MOD","215280.41","62.938333","-115.105","6668"
"ZF014-23","nt","MST","2023-06-29T22:57:00.000Z","2023-11-27T17:00:37.000Z","OUT","N","MON","200.00","63.2415","-114.374","6668"
"ZF013-23","nt","MST","2023-07-01T22:02:00.000Z","2023-11-27T17:00:37.000Z","OUT","N","MON","132001.00","64.24","-113.591667","6668"
"ZF012-23","nt","MST","2023-07-01T15:17:00.000Z","2023-11-27T17:00:37.000Z","OUT","N","MON","31138.66","63.01205","-114.424317","6668"
"ZF011-23","nt","MST","2023-06-29T23:05:00.000Z","2023-11-27T17:00:37.000Z","OUT","N","FUL","57413.62","62.864967","-113.718333","6668"
"ZF010-23","nt","MST","2023-06-28T23:35:00.000Z","2023-11-27T17:00:37.000Z","OUT","N","MOD","0.20","62.8","-114.983333","6668"
"ZF009-23","nt","MST","2023-06-28T23:45:00.000Z","2023-11-27T17:00:37.000Z","OUT","N","FUL","57.20","64.208917","-114.145383","6668"
"ZF008-23","nt","MST","2023-06-29T01:47:00.000Z","2023-11-27T17:00:37.000Z","OUT","N","MON","5.00","64.15","-114.833333","6668"
"ZF007-23","nt","MST","2023-06-29T01:17:00.000Z","2023-11-27T17:00:37.000Z","OUT","N","MON","1.00","64.133333","-114.183333","6668"
"ZF006-23","nt","MST","2023-06-29T00:51:00.000Z","2023-11-27T17:00:37.000Z","OUT","N","FUL","1.00","62.716667","-114.2","6668"
"ZF005-23","nt","MST","2023-06-28T23:56:00.000Z","2023-11-27T17:00:37.000Z","OUT","N","FUL","1.00","62.733333","-114.316667","6668"
"ZF004-23","nt","MST","2023-06-28T23:17:00.000Z","2023-11-27T17:00:37.000Z","OUT","N","FUL","0.40","62.683333","-115.016667","6668"
"ZF003-23","nt","MST","2023-06-28T20:50:00.000Z","2023-11-27T17:00:37.000Z","OUT","N","FUL","1.00","62.648833","-114.238667","6668"
"ZF002-23","nt","MST","2023-06-19T22:20:00.000Z","2023-11-27T17:00:37.000Z","OUT","H","MON","40.00","61.90525","-112.744533","6668"
"ZF001-23","nt","MST","2023-06-19T00:00:00.000Z","2023-11-27T17:00:37.000Z","OUT","H","FUL","0.01","62.535867","-113.687817","6668"
"VQ056-23","nt","MST","2023-11-19T19:00:00.000Z","2023-11-27T17:00:37.000Z","OC","H","MON","1.00","65.154767","-126.303917","6668"
"VQ055-23","nt","MST","2023-09-21T21:25:00.000Z","2023-11-27T17:00:37.000Z","OUT","N","MON","1.00","64.4182","-125.585533","6668"
"VQ054-23","nt","MST","2023-09-15T15:00:00.000Z","2023-11-27T17:00:37.000Z","OUT","N","MOD","195.00","64.902617","-125.444867","6668"
"VQ053-23","nt","MST","2023-09-11T15:54:00.000Z","2023-11-27T17:00:37.000Z","OUT","N","MON","19.00","64.458067","-128.633533","6668"
"VQ052-23","nt","MST","2023-08-29T17:18:00.000Z","2023-11-27T17:00:37.000Z","OUT","N","MON","165.00","63.62805","-126.894483","6668"
"VQ051-23","nt","MST","2023-08-21T19:45:00.000Z","2023-11-27T17:00:37.000Z","OUT","N","MON","4.00","66.978367","-126.5642","6668"
"VQ050-23","nt","MST","2023-08-21T19:24:00.000Z","2023-11-27T17:00:37.000Z","OUT","N","MON","75.00","66.133767","-130.28455","6668"
"VQ049-23","nt","MST","2023-08-14T18:41:00.000Z","2023-11-27T17:00:37.000Z","OUT","N","MON","2.50","66.225267","-127.9774","6668"
"VQ048-23","nt","MST","2023-08-04T00:00:00.000Z","2023-11-27T17:00:37.000Z","OUT","N","MON","5.00","63.578783","-126.3652","6668"
"VQ047-23","nt","MST","2023-08-03T00:35:00.000Z","2023-11-27T17:00:37.000Z","OUT","N","MON","5865.00","63.623683","-125.2411","6668"
"VQ046-23","nt","MST","2023-08-07T16:00:00.000Z","2023-11-27T17:00:37.000Z","OUT","N","MON","6290.00","64.390683","-120.814217","6668"
"VQ045-23","nt","MST","2023-07-27T17:55:00.000Z","2023-11-27T17:00:37.000Z","OUT","N","MON","12.00","65.579583","-118.17305","6668"
"VQ044-23","nt","MST","2023-08-07T16:00:00.000Z","2023-11-27T17:00:37.000Z","OUT","N","MON","1089.00","65.73945","-117.95255","6668"
"VQ043-23","nt","MST","2023-08-03T00:32:00.000Z","2023-11-27T17:00:37.000Z","OUT","N","MON","18.00","66.709467","-123.421133","6668"
"SS024-23","nt","MST","2023-07-04T22:22:00.000Z","2023-11-27T17:00:37.000Z","OUT","N","MON","4911.00","60.07345","-108.410717","6668"
"SS025-23","nt","MST","2023-07-06T20:25:00.000Z","2023-11-27T17:00:37.000Z","OUT","N","MON","5857.00","60.511633","-109.888967","6668"
"VQ042-23","nt","MST","2023-07-27T17:55:00.000Z","2023-11-27T17:00:37.000Z","OUT","N","MON","200.00","67.900917","-128.011633","6668"
"VQ041-23","nt","MST","2023-08-06T19:23:00.000Z","2023-11-27T17:00:37.000Z","OUT","N","MON","5.00","64.784317","-122.521917","6668"
"VQ040-23","nt","MST","2023-08-01T16:00:00.000Z","2023-11-27T17:00:37.000Z","OUT","N","MON","165.00","65.352833","-125.57275","6668"
"VQ039-23","nt","MST","2023-08-01T16:00:00.000Z","2023-11-27T17:00:37.000Z","OUT","N","MON","643.00","65.369917","-125.279483","6668"
"VQ038-23","nt","MST","2023-07-29T02:00:00.000Z","2023-11-27T17:00:37.000Z","OUT","N","MON","9000.00","64.71735","-121.2397","6668"
"VQ037-23","nt","MST","2023-07-31T18:35:00.000Z","2023-11-27T17:00:37.000Z","OUT","N","MON","1185.09","66.6366","-127.456183","6668"
"VQ036-23","nt","MST","2023-08-01T16:00:00.000Z","2023-11-27T17:00:37.000Z","OUT","N","MON","4000.00","66.017033","-125.542133","6668"
"VQ035-23","nt","MST","2023-07-27T17:55:00.000Z","2023-11-27T17:00:37.000Z","OUT","N","MON","2907.00","66.979967","-128.999133","6668"
"VQ034-23","nt","MST","2023-07-29T00:25:00.000Z","2023-11-27T17:00:37.000Z","OUT","N","MON","12000.00","65.934783","-129.8975","6668"
"VQ033-23","nt","MST","2023-07-29T00:00:00.000Z","2023-11-27T17:00:37.000Z","OUT","N","MON","11000.00","66.0378","-130.074","6668"
"VQ032-23","nt","MST","2023-07-27T17:55:00.000Z","2023-11-27T17:00:37.000Z","OUT","N","MON","11000.00","66.173783","-130.413433","6668"
"VQ031-23","nt","MST","2023-07-27T17:55:00.000Z","2023-11-27T17:00:37.000Z","OUT","N","MON","307.00","67.986783","-127.434333","6668"
"VQ030-23","nt","MST","2023-07-29T00:20:00.000Z","2023-11-27T17:00:37.000Z","OUT","N","MON","25000.00","67.779583","-129.701883","6668"
"VQ029-23","nt","MST","2023-08-03T00:56:00.000Z","2023-11-27T17:00:37.000Z","OUT","N","MOD","266.00","64.622967","-124.87775","6668"
"VQ028-23","nt","MST","2023-07-30T15:30:00.000Z","2023-11-27T17:00:37.000Z","OUT","N","MON","5000.00","64.54985","-125.545583","6668"
"VQ027-23","nt","MST","2023-07-28T16:00:00.000Z","2023-11-27T17:00:37.000Z","OUT","N","MON","11000.00","65.678133","-127.605983","6668"
"VQ026-23","nt","MST","2023-07-27T17:55:00.000Z","2023-11-27T17:00:37.000Z","OUT","N","MON","10400.00","66.929567","-128.535917","6668"
"VQ025-23","nt","MST","2023-07-27T17:55:00.000Z","2023-11-27T17:00:37.000Z","OUT","N","MON","1900.00","66.992717","-128.746967","6668"
"VQ024-23","nt","MST","2023-07-26T17:55:00.000Z","2023-11-27T17:00:37.000Z","OUT","N","MON","157.06","66.105767","-129.1493","6668"
"VQ023-23","nt","MST","2023-07-24T01:36:00.000Z","2023-11-27T17:00:37.000Z","OUT","N","MON","0.00","67.22625","-129.87845","6668"
"VQ022-23","nt","MST","2023-07-23T20:24:00.000Z","2023-11-27T17:00:37.000Z","OUT","N","MON","120.06","66.398033","-127.713317","6668"
"VQ021-23","nt","MST","2023-07-23T17:21:00.000Z","2023-11-27T17:00:37.000Z","OUT","N","MON","1542.00","65.660067","-126.841267","6668"
"VQ020-23","nt","MST","2023-07-17T18:46:00.000Z","2023-11-27T17:00:37.000Z","OUT","N","MON","35000.00","67.32465","-130.092883","6668"
"VQ019-23","nt","MST","2023-07-17T16:08:00.000Z","2023-11-27T17:00:37.000Z","OUT","N","MON","145.25","65.96055","-127.378817","6668"
"VQ018-23","nt","MST","2023-07-14T15:07:00.000Z","2023-11-27T17:00:37.000Z","OC","N","MON","38550.00","66.91965","-129.47335","6668"
"VQ017-23","nt","MST","2023-07-13T23:39:00.000Z","2023-11-27T17:00:37.000Z","OUT","N","MON","6376.00","66.371567","-119.391067","6668"
"VQ016-23","nt","MST","2023-07-12T01:10:00.000Z","2023-11-27T17:00:37.000Z","OUT","N","MON","767.00","65.170883","-120.116317","6668"
"VQ015-23","nt","MST","2023-07-09T01:00:00.000Z","2023-11-27T17:00:37.000Z","OUT","N","MON","4024.00","64.16715","-124.067567","6668"
"VQ014-23","nt","MST","2023-07-10T00:46:00.000Z","2023-11-27T17:00:37.000Z","OUT","N","MON","2.00","66.6111","-128.729333","6668"
"VQ013-23","nt","MST","2023-07-11T01:47:00.000Z","2023-11-27T17:00:37.000Z","OUT","N","MON","81.20","66.686683","-127.309","6668"
"VQ012-23","nt","MST","2023-07-10T00:46:00.000Z","2023-11-27T17:00:37.000Z","OUT","N","MON","12000.00","65.675617","-129.443283","6668"
"VQ011-23","nt","MST","2023-07-09T15:26:00.000Z","2023-11-27T17:00:37.000Z","OC","N","FUL","6.00","65.142483","-126.0791","6668"
"VQ010-23","nt","MST","2023-07-05T22:06:00.000Z","2023-11-27T17:00:37.000Z","OUT","N","MON","18000.00","64.380883","-125.962067","6668"
"VQ009-23","nt","MST","2023-07-03T23:24:00.000Z","2023-11-27T17:00:37.000Z","OC","N","MOD","55173.00","64.815","-125.137417","6668"
"VQ008-23","nt","MST","2023-07-01T15:44:00.000Z","2023-11-27T17:00:37.000Z","OUT","N","MON","50.00","64.22755","-124.2367","6668"
"VQ007-23","nt","MST","2023-06-30T00:53:00.000Z","2023-11-27T17:00:37.000Z","OUT","N","MON","18000.00","64.157583","-125.645783","6668"
"VQ006-23","nt","MST","2023-06-30T23:27:00.000Z","2023-11-27T17:00:37.000Z","OUT","N","MOD","32101.00","64.9089","-125.218717","6668"
"VQ005-23","nt","MST","2023-06-28T18:03:00.000Z","2023-11-27T17:00:37.000Z","OUT","N","MON","9.15","65.063567","-127.8614","6668"
"VQ004-23","nt","MST","2023-06-16T21:25:00.000Z","2023-11-27T17:00:37.000Z","OUT","N","MON","400.00","64.9371","-124.199483","6668"
"VQ003-23","nt","MST","2023-06-15T22:41:00.000Z","2023-11-27T17:00:37.000Z","OUT","N","MON","21099.00","65.475367","-126.70775","6668"
"VQ002-23","nt","MST","2023-06-03T00:55:00.000Z","2023-11-27T17:00:37.000Z","OUT","N","MON","19412.00","64.349583","-122.731517","6668"
"VQ001-23","nt","MST","2023-05-15T03:30:00.000Z","2023-11-27T17:00:37.000Z","OUT","H","FUL","0.10","65.1889","-126.543633","6668"
"SS080-23","nt","MST","2023-09-20T17:48:00.000Z","2023-11-27T17:00:37.000Z","OUT","N","MON","2000.00","60","-115.9914","6668"
"SS079-23","nt","MST","2023-09-20T15:22:00.000Z","2023-11-27T17:00:37.000Z","OUT","N","MON","80.00","61.679333","-117.6871","6668"
"SS078-23","nt","MST","2023-09-18T22:45:00.000Z","2023-11-27T17:00:37.000Z","OUT","N","MOD","25.00","61.033333","-118.483333","6668"
"SS077-23","nt","MST","2023-09-16T22:45:00.000Z","2023-11-27T17:00:37.000Z","OUT","N","FUL","80.00","61.603433","-117.520217","6668"
"SS076-23","nt","MST","2023-09-11T16:00:00.000Z","2023-11-27T17:00:37.000Z","OUT","N","MON","25.00","60.538367","-110.742733","6668"
"SS075-23","nt","MST","2023-09-11T18:56:00.000Z","2023-11-27T17:00:37.000Z","OUT","N","MON","10.00","60.8525","-102.4505","6668"
"SS074-23","nt","MST","2023-09-11T18:50:00.000Z","2023-11-27T17:00:37.000Z","OUT","N","MON","350.00","60.984167","-102.544333","6668"
"SS073-23","nt","MST","2023-09-07T16:00:00.000Z","2023-11-27T17:00:37.000Z","OUT","N","MON","882.00","60.52395","-113.7263","6668"
"SS072-23","nt","MST","2023-09-08T20:19:00.000Z","2023-11-27T17:00:37.000Z","OUT","N","MON","5.00","61.058333","-105.708333","6668"
"SS071-23","nt","MST","2023-08-26T01:36:00.000Z","2023-11-27T17:00:37.000Z","OUT","N","MON","190.00","60.682167","-115.029967","6668"
"SS070-23","nt","MST","2023-08-18T19:00:00.000Z","2023-11-27T17:00:37.000Z","OUT","N","FUL","0.10","60.019167","-112.233167","6668"
"SS069-23","nt","MST","2023-08-09T17:17:00.000Z","2023-11-27T17:00:37.000Z","OC","N","FUL","43000.00","60.019783","-112.673983","6668"
"SS068-23","nt","MST","2023-08-08T21:14:00.000Z","2023-11-27T17:00:37.000Z","OUT","N","MON","75.00","61.7942","-112.456733","6668"
"SS067-23","nt","MST","2023-08-04T20:26:00.000Z","2023-11-27T17:00:37.000Z","OUT","N","MON","430000.00","60.018817","-118.325867","6668"
"SS066-23","nt","MST","2023-08-02T19:40:00.000Z","2023-11-27T17:00:37.000Z","OUT","N","MON","2000.00","61.530817","-105.94815","6668"
"SS065-23","nt","MST","2023-08-02T19:37:00.000Z","2023-11-27T17:00:37.000Z","OUT","N","MON","2000.00","61.401967","-104.759667","6668"
"SS064-23","nt","MST","2023-08-02T19:32:00.000Z","2023-11-27T17:00:37.000Z","OUT","N","MON","7500.00","61.296917","-104.109533","6668"
"SS063-23","nt","MST","2023-08-02T19:24:00.000Z","2023-11-27T17:00:37.000Z","OUT","N","MON","300.00","61.094067","-105.40955","6668"
"SS062-23","nt","MST","2023-08-02T19:18:00.000Z","2023-11-27T17:00:37.000Z","OUT","N","MON","2000.00","61.194083","-106.173133","6668"
"SS061-23","nt","MST","2023-07-21T19:32:00.000Z","2023-11-27T17:00:37.000Z","OUT","N","MON","450.00","60.529767","-103.398867","6668"
"SS060-23","nt","MST","2023-07-28T22:33:00.000Z","2023-11-27T17:00:37.000Z","OUT","N","MON","75.00","60.934033","-107.48205","6668"
"SS059-23","nt","MST","2023-07-28T22:30:00.000Z","2023-11-27T17:00:37.000Z","OUT","N","MON","500.00","60.2394","-106.809117","6668"
"SS058-23","nt","MST","2023-07-28T22:26:00.000Z","2023-11-27T17:00:37.000Z","OUT","N","MON","8000.00","60.197617","-106.355067","6668"
"SS057-23","nt","MST","2023-07-28T21:21:00.000Z","2023-11-27T17:00:37.000Z","OUT","N","MON","3700.00","60.026683","-106.992","6668"
"SS056-23","nt","MST","2023-07-28T21:15:00.000Z","2023-11-27T17:00:37.000Z","OUT","N","MON","21000.00","60.244567","-108.11215","6668"
"SS055-23","nt","MST","2023-07-28T20:55:00.000Z","2023-11-27T17:00:37.000Z","OUT","N","MON","10000.00","60.44355","-108.101417","6668"
"SS054-23","nt","MST","2023-07-28T22:19:00.000Z","2023-11-27T17:00:37.000Z","OUT","N","MON","5500.00","60.0747","-106.24215","6668"
"SS053-23","nt","MST","2023-07-28T21:18:00.000Z","2023-11-27T17:00:37.000Z","OUT","N","MON","325.00","60.179","-107.661583","6668"
"SS052-23","nt","MST","2023-08-02T20:12:00.000Z","2023-11-27T17:00:37.000Z","OC","N","FUL","252253.00","60.766667","-116.8","6668"
"SS051-23","nt","MST","2023-08-02T19:42:00.000Z","2023-11-27T17:00:37.000Z","OUT","N","FUL","2.40","61.32615","-117.433117","6668"
"SS050-23","nt","MST","2023-07-26T21:18:00.000Z","2023-11-27T17:00:37.000Z","OUT","N","MON","1396.00","60.841067","-110.3106","6668"
"SS049-23","nt","MST","2023-07-22T18:00:00.000Z","2023-11-27T17:00:37.000Z","OUT","N","MON","5500.00","61.294567","-109.8511","6668"
"SS048-23","nt","MST","2023-07-21T20:37:00.000Z","2023-11-27T17:00:37.000Z","OUT","N","MON","0.00","61.262133","-110.345383","6668"
"SS047-23","nt","MST","2023-07-25T21:34:00.000Z","2023-11-27T17:00:37.000Z","OUT","N","MON","0.00","61.195167","-110.405617","6668"
"SS046-23","nt","MST","2023-07-22T23:05:00.000Z","2023-11-27T17:00:37.000Z","OUT","N","MON","0.01","60.145067","-110.8108","6668"
"SS045-23","nt","MST","2023-07-23T01:21:00.000Z","2023-11-27T17:00:37.000Z","OUT","H","FUL","0.50","60.010367","-111.902983","6668"
"SS044-23","nt","MST","2023-07-22T14:25:00.000Z","2023-11-27T17:00:37.000Z","OUT","N","FUL","0.00","60.406817","-111.577333","6668"
"SS043-23","nt","MST","2023-07-22T16:30:00.000Z","2023-11-27T17:00:37.000Z","OUT","H","FUL","1.00","60.860767","-115.762183","6668"
"SS042-23","nt","MST","2023-07-22T19:20:00.000Z","2023-11-27T17:00:37.000Z","OUT","N","FUL","0.05","60.119033","-111.713333","6668"
"SS041-23","nt","MST","2023-07-22T02:21:00.000Z","2023-11-27T17:00:37.000Z","OUT","N","MON","0.00","60.4036","-111.506667","6668"
"SS040-23","nt","MST","2023-07-22T02:18:00.000Z","2023-11-27T17:00:37.000Z","OUT","N","MON","0.00","60.417217","-111.58505","6668"
"SS039-23","nt","MST","2023-07-22T00:47:00.000Z","2023-11-27T17:00:37.000Z","OUT","N","MON","0.00","60.666267","-111.40875","6668"
"SS038-23","nt","MST","2023-07-22T00:42:00.000Z","2023-11-27T17:00:37.000Z","OUT","N","MON","0.00","60.63215","-111.367167","6668"
"SS037-23","nt","MST","2023-07-22T00:33:00.000Z","2023-11-27T17:00:37.000Z","OUT","N","MON","0.00","60.62915","-111.364517","6668"
"SS036-23","nt","MST","2023-07-22T00:20:00.000Z","2023-11-27T17:00:37.000Z","OUT","N","MON","0.00","60.616533","-111.309267","6668"
"SS035-23","nt","MST","2023-07-21T21:08:00.000Z","2023-11-27T17:00:37.000Z","OUT","N","MON","0.00","60.61745","-111.332483","6668"
"SS034-23","nt","MST","2023-07-21T21:01:00.000Z","2023-11-27T17:00:37.000Z","OUT","N","MOD","0.00","60.4929","-111.583017","6668"
"SS033-23","nt","MST","2023-07-15T23:50:00.000Z","2023-11-27T17:00:37.000Z","OUT","H","MON","50.00","60.8894","-112.727167","6668"
"SS032-23","nt","MST","2023-07-15T22:07:00.000Z","2023-11-27T17:00:37.000Z","OUT","H","MON","50.00","60.917683","-112.776333","6668"
"SS031-23","nt","MST","2023-07-15T19:00:00.000Z","2023-11-27T17:00:37.000Z","OUT","N","FUL","0.10","60.53225","-112.5049","6668"
"SS030-23","nt","MST","2023-07-14T15:00:00.000Z","2023-11-27T17:00:37.000Z","OUT","N","FUL","193.00","60.537283","-112.618833","6668"
"SS028-23","nt","MST","2023-06-30T15:29:00.000Z","2023-11-27T17:00:37.000Z","OUT","N","MON","1093.00","61.291383","-103.7911","6668"
"EV001-23","nt","MST","2023-05-16T18:40:00.000Z","2023-11-27T17:00:37.000Z","OUT","H","FUL","0.00","68.303833","-133.522","6668"
"EV002-23","nt","MST","2023-06-13T19:55:00.000Z","2023-11-27T17:00:37.000Z","OUT","H","FUL","0.01","67.428683","-134.849367","6668"
"EV003-23","nt","MST","2023-06-28T01:00:00.000Z","2023-11-27T17:00:37.000Z","OUT","N","FUL","25.00","67.108","-133.307","6668"
"EV004-23","nt","MST","2023-07-02T02:47:00.000Z","2023-11-27T17:00:37.000Z","OUT","N","MOD","100000.00","67.116667","-132.31445","6668"
"EV005-23","nt","MST","2023-07-05T03:20:00.000Z","2023-11-27T17:00:37.000Z","OUT","H","MOD","0.50","69.571633","-132.98155","6668"
"EV006-23","nt","MST","2023-07-05T17:29:00.000Z","2023-11-27T17:00:37.000Z","OUT","N","FUL","4.66","67.379567","-133.95655","6668"
"EV007-23","nt","MST","2023-07-02T00:51:00.000Z","2023-11-27T17:00:37.000Z","OUT","N","MON","745.56","65.97915","-131.60745","6668"
"EV008-23","nt","MST","2023-07-05T00:52:00.000Z","2023-11-27T17:00:37.000Z","OUT","N","MON","2024.00","65.931283","-131.415","6668"
"EV009-23","nt","MST","2023-07-05T22:20:00.000Z","2023-11-27T17:00:37.000Z","OUT","N","MON","24.00","66.833333","-133.716667","6668"
"EV010-23","nt","MST","2023-07-05T22:30:00.000Z","2023-11-27T17:00:37.000Z","OUT","N","MOD","311.00","67.116667","-134.5","6668"
"EV011-23","nt","MST","2023-07-06T19:00:00.000Z","2023-11-27T17:00:37.000Z","OUT","H","FUL","10.00","69.05","-133.116667","6668"
"EV012-23","nt","MST","2023-07-08T21:30:00.000Z","2023-11-27T17:00:37.000Z","OUT","N","MOD","3000.00","67.179","-135.669883","6668"
"EV013-23","nt","MST","2023-07-23T16:33:00.000Z","2023-11-27T17:00:37.000Z","OUT","N","MON","350.00","68.617733","-129.82375","6668"
"EV014-23","nt","MST","2023-07-26T02:03:00.000Z","2023-11-27T17:00:37.000Z","OUT","N","MON","35583.00","68.5205","-133.1005","6668"
"EV015-23","nt","MST","2023-07-24T15:47:00.000Z","2023-11-27T17:00:37.000Z","OUT","N","MON","10.00","65.868167","-131.852167","6668"
"EV016-23","nt","MST","2023-07-27T14:55:00.000Z","2023-11-27T17:00:37.000Z","OUT","N","MON","18000.00","68.086333","-132.359333","6668"
"EV017-23","nt","MST","2023-07-30T18:23:00.000Z","2023-11-27T17:00:37.000Z","OUT","N","MON","7.41","67.905","-131.686833","6668"
"EV018-23","nt","MST","2023-07-27T14:59:00.000Z","2023-11-27T17:00:37.000Z","OUT","N","MON","224.00","67.842167","-131.1755","6668"
"EV019-23","nt","MST","2023-07-30T18:21:00.000Z","2023-11-27T17:00:37.000Z","OUT","N","MON","9000.00","67.592","-130.609333","6668"
"EV020-23","nt","MST","2023-07-27T15:05:00.000Z","2023-11-27T17:00:37.000Z","OUT","N","MON","3000.00","68.3375","-130.368","6668"
"EV021-23","nt","MST","2023-07-27T15:01:00.000Z","2023-11-27T17:00:37.000Z","OUT","N","MON","3000.00","68.3255","-130.671667","6668"
"EV022-23","nt","MST","2023-07-30T18:20:00.000Z","2023-11-27T17:00:37.000Z","OUT","N","MON","0.00","67.6865","-130.154333","6668"
"EV023-23","nt","MST","2023-07-23T23:10:00.000Z","2023-11-27T17:00:37.000Z","OUT","N","MON","920.00","68.02685","-129.993017","6668"
"EV024-23","nt","MST","2023-07-21T21:03:00.000Z","2023-11-27T17:00:37.000Z","OUT","N","MON","10.00","68.694583","-127.67165","6668"
"EV025-23","nt","MST","2023-07-27T16:19:00.000Z","2023-11-27T17:00:37.000Z","OUT","N","MON","7000.00","67.6925","-130.087333","6668"
"EV026-23","nt","MST","2023-07-27T19:10:00.000Z","2023-11-27T17:00:37.000Z","OUT","N","MON","300.00","67.973167","-131.019833","6668"
"EV027-23","nt","MST","2023-08-14T19:30:00.000Z","2023-11-27T17:00:37.000Z","OUT","H","FUL","0.03","67.2249","-135.425767","6668"
"EV028-23","nt","MST","2023-09-06T20:27:00.000Z","2023-11-27T17:00:37.000Z","OUT","N","MON","5.00","66.022217","-132.06085","6668"
"FS001-23","nt","MST","2023-05-13T21:30:00.000Z","2023-11-27T17:00:37.000Z","OC","N","MOD","541766.00","60.0514","-120.9759","6668"
"FS002-23","nt","MST","2023-05-19T21:49:00.000Z","2023-11-27T17:00:37.000Z","OUT","N","MOD","14550.00","61.824667","-123.8697","6668"
"FS003-23","nt","MST","2023-05-17T14:30:00.000Z","2023-11-27T17:00:37.000Z","OUT","N","MON","12453.00","62.55395","-124.6435","6668"
"FS004-23","nt","MST","2023-05-17T14:30:00.000Z","2023-11-27T17:00:37.000Z","OUT","N","MON","10335.00","63.258317","-125.120417","6668"
"FS005-23","nt","MST","2023-05-19T22:25:00.000Z","2023-11-27T17:00:37.000Z","OUT","N","MON","540.00","62.853317","-124.842067","6668"
"FS006-23","nt","MST","2023-05-16T20:00:00.000Z","2023-11-27T17:00:37.000Z","OUT","H","MON","0.01","60.248","-123.406333","6668"
"FS007-23","nt","MST","2023-06-05T19:24:00.000Z","2023-11-27T17:00:37.000Z","OUT","N","FUL","333.00","60.785117","-121.35875","6668"
"FS008-23","nt","MST","2023-06-05T22:04:00.000Z","2023-11-27T17:00:37.000Z","OUT","N","MON","1.00","61.15","-121.216667","6668"
"FS009-23","nt","MST","2023-06-10T22:08:00.000Z","2023-11-27T17:00:37.000Z","OUT","N","MOD","66.00","60.127533","-123.8218","6668"
"FS010-23","nt","MST","2023-06-12T23:11:00.000Z","2023-11-27T17:00:37.000Z","OC","N","FUL","90508.00","61.008167","-119.9915","6668"
"FS011-23","nt","MST","2023-07-04T03:21:00.000Z","2023-11-27T17:00:37.000Z","OUT","N","FUL","320.00","61.02575","-122.985367","6668"
"FS012-23","nt","MST","2023-07-04T15:16:00.000Z","2023-11-27T17:00:37.000Z","OUT","N","FUL","0.01","60.422417","-123.347183","6668"
"FS013-23","nt","MST","2023-07-05T00:43:00.000Z","2023-11-27T17:00:37.000Z","OUT","N","FUL","1.00","60.522417","-122.894833","6668"
"FS014-23","nt","MST","2023-07-05T17:22:00.000Z","2023-11-27T17:00:37.000Z","OUT","N","MON","37.47","60.482517","-120.693783","6668"
"FS015-23","nt","MST","2023-07-08T00:50:00.000Z","2023-11-27T17:00:37.000Z","OUT","N","FUL","0.01","60.208283","-123.69205","6668"
"FS016-23","nt","MST","2023-07-07T23:47:00.000Z","2023-11-27T17:00:37.000Z","OUT","N","FUL","15.00","60.14","-123.015167","6668"
"FS017-23","nt","MST","2023-07-15T01:10:00.000Z","2023-11-27T17:00:37.000Z","OUT","N","MON","5.00","60.519267","-122.187567","6668"
"132","nl","NST","2023-07-21T00:00:00.000Z","2023-11-27T17:00:33.000Z","OUT","H","FUL","0.00","47.5817","-53.2869","6668"
"130","nl","NST","2023-07-17T00:00:00.000Z","2023-11-27T17:00:33.000Z","OUT","H","FUL","0.00","48.3892","-53.6229","6668"
"129","nl","NST","2023-07-13T00:00:00.000Z","2023-11-27T17:00:33.000Z","OUT","H","FUL","0.00","48.7836","-54.217","6668"
"533","nl","NST","2023-05-02T00:00:00.000Z","2023-11-27T17:00:33.000Z","OUT","H","FUL","0.50","48.5414","-58.758","6668"
"532","nl","NST","2023-05-02T00:00:00.000Z","2023-11-27T17:00:33.000Z","OUT","H","FUL","0.50","48.9862","-56.0585","6668"
"531","nl","NST","2023-05-01T00:00:00.000Z","2023-11-27T17:00:33.000Z","OUT","H","FUL","0.20","47.8461","-59.2473","6668"
"530","nl","NST","2023-05-01T00:00:00.000Z","2023-11-27T17:00:33.000Z","OUT","H","FUL","1.10","49.1564","-57.1064","6668"
"127","nl","NST","2023-07-01T00:00:00.000Z","2023-11-27T17:00:33.000Z","OUT","H","FUL","0.70","47.3845","-53.3518","6668"
"529","nl","NST","2023-04-30T00:00:00.000Z","2023-11-27T17:00:33.000Z","OUT","H","FUL","1.00","47.8951","-59.0793","6668"
"528","nl","NST","2023-04-30T00:00:00.000Z","2023-11-27T17:00:33.000Z","OUT","H","FUL","0.50","48.375","-58.6559","6668"
"527","nl","NST","2023-04-30T00:00:00.000Z","2023-11-27T17:00:33.000Z","OUT","H","FUL","3.00","47.9454","-58.9737","6668"
"526","nl","NST","2023-04-28T00:00:00.000Z","2023-11-27T17:00:33.000Z","OUT","H","FUL","0.10","47.9402","-58.964","6668"
"525","nl","NST","2023-04-28T00:00:00.000Z","2023-11-27T17:00:33.000Z","OUT","H","FUL","0.00","47.8965","-59.0657","6668"
"524","nl","NST","2023-04-27T00:00:00.000Z","2023-11-27T17:00:33.000Z","OUT","H","FUL","2.00","47.9066","-59.0677","6668"
"523","nl","NST","2023-04-27T00:00:00.000Z","2023-11-27T17:00:33.000Z","OUT","H","FUL","9.60","47.9365","-58.571","6668"
"522","nl","NST","2023-04-27T00:00:00.000Z","2023-11-27T17:00:33.000Z","OUT","H","FUL","0.10","47.9365","-58.9365","6668"
"521","nl","NST","2023-04-26T00:00:00.000Z","2023-11-27T17:00:33.000Z","OUT","H","FUL","0.10","47.9016","-59.0515","6668"
"128","nl","NST","2023-07-02T00:00:00.000Z","2023-11-27T17:00:33.000Z","OUT","H","FUL","0.00","47.7715","-52.7843","6668"
"520","nl","NST","2023-04-26T00:00:00.000Z","2023-11-27T17:00:33.000Z","OUT","H","FUL","0.10","47.9034","-59.047","6668"
"519","nl","NST","2023-04-25T00:00:00.000Z","2023-11-27T17:00:33.000Z","OUT","H","FUL","0.00","48.5259","-58.9152","6668"
"518","nl","NST","2023-04-25T00:00:00.000Z","2023-11-27T17:00:33.000Z","OUT","H","FUL","2.00","47.8342","-59.2994","6668"
"517","nl","NST","2023-04-24T00:00:00.000Z","2023-11-27T17:00:33.000Z","OUT","H","FUL","0.10","48.3765","-58.6577","6668"
"516","nl","NST","2023-04-24T00:00:00.000Z","2023-11-27T17:00:33.000Z","OUT","H","FUL","0.10","48.3769","-58.6531","6668"
"515","nl","NST","2023-04-24T00:00:00.000Z","2023-11-27T17:00:33.000Z","OUT","H","FUL","0.10","48.3835","-58.6442","6668"
"514","nl","NST","2023-04-24T00:00:00.000Z","2023-11-27T17:00:33.000Z","OUT","H","FUL","0.10","48.3839","-58.6421","6668"
"513","nl","NST","2023-04-23T00:00:00.000Z","2023-11-27T17:00:33.000Z","OUT","H","FUL","0.10","48.3725","-58.671","6668"
"512","nl","NST","2023-04-23T00:00:00.000Z","2023-11-27T17:00:33.000Z","OUT","H","FUL","7.00","48.3686","-58.671","6668"
"511","nl","NST","2023-04-18T00:00:00.000Z","2023-11-27T17:00:33.000Z","OUT","H","FUL","0.00","48.5181","-58.4246","6668"
"510","nl","NST","2023-04-13T00:00:00.000Z","2023-11-27T17:00:33.000Z","OUT","H","FUL","0.00","47.8252","-59.4016","6668"
"509","nl","NST","2023-04-11T00:00:00.000Z","2023-11-27T17:00:33.000Z","OUT","H","FUL","3.00","48.3958","-58.6217","6668"
"508","nl","NST","2023-04-11T00:00:00.000Z","2023-11-27T17:00:33.000Z","OUT","H","FUL","1.00","47.8937","-59.4016","6668"
"507","nl","NST","2023-04-09T00:00:00.000Z","2023-11-27T17:00:33.000Z","OUT","H","FUL","0.70","47.7723","-59.2825","6668"
"506","nl","NST","2023-04-06T00:00:00.000Z","2023-11-27T17:00:33.000Z","OUT","H","FUL","1.00","47.8471","-59.3435","6668"
"505","nl","NST","2023-04-05T00:00:00.000Z","2023-11-27T17:00:33.000Z","OUT","H","FUL","0.10","47.774","-59.3435","6668"
"504","nl","NST","2023-03-31T00:00:00.000Z","2023-11-27T17:00:33.000Z","OUT","H","FUL","0.10","47.7867","-59.278","6668"
"503","nl","NST","2023-03-31T00:00:00.000Z","2023-11-27T17:00:33.000Z","OUT","H","FUL","0.70","47.8505","-59.2686","6668"
"502","nl","NST","2023-03-31T00:00:00.000Z","2023-11-27T17:00:33.000Z","OUT","H","FUL","0.10","47.8819","-59.3938","6668"
"501","nl","NST","2023-03-30T00:00:00.000Z","2023-11-27T17:00:33.000Z","OUT","H","FUL","0.60","47.7721","-59.2831","6668"
"138","nl","NST","2023-09-28T00:00:00.000Z","2023-11-27T17:00:33.000Z","OUT","H","FUL","0.00","49.0497","-55.6645","6668"
"137","nl","NST","2023-09-05T00:00:00.000Z","2023-11-27T17:00:33.000Z","OUT","H","FUL","0.50","48.8974","-55.6222","6668"
"136","nl","NST","2023-09-02T00:00:00.000Z","2023-11-27T17:00:33.000Z","OUT","H","FUL","0.00","48.9791","-54.6939","6668"
"135","nl","NST","2023-08-27T00:00:00.000Z","2023-11-27T17:00:33.000Z","OUT","H","FUL","0.00","47.5042","-53.4189","6668"
"134","nl","NST","2023-08-05T00:00:00.000Z","2023-11-27T17:00:33.000Z","OUT","H","FUL","0.10","47.4738","-52.8769","6668"
"133","nl","NST","2023-08-03T00:00:00.000Z","2023-11-27T17:00:33.000Z","OUT","H","FUL","0.00","47.5021","-52.9841","6668"
"131","nl","NST","2023-07-18T00:00:00.000Z","2023-11-27T17:00:33.000Z","OUT","H","FUL","0.10","48.8963","-55.0261","6668"
"119","nl","NST","2023-05-21T00:00:00.000Z","2023-11-27T17:00:33.000Z","OUT","H","FUL","0.10","47.4879","-53.0302","6668"
"118","nl","NST","2023-05-20T00:00:00.000Z","2023-11-27T17:00:33.000Z","OUT","H","FUL","0.10","49.1012","-55.9523","6668"
"120","nl","NST","2023-05-21T00:00:00.000Z","2023-11-27T17:00:33.000Z","OUT","H","FUL","0.40","49.4099","-54.2918","6668"
"121","nl","NST","2023-05-21T00:00:00.000Z","2023-11-27T17:00:33.000Z","OUT","H","FUL","0.30","47.6739","-53.2585","6668"
"117","nl","NST","2023-05-20T00:00:00.000Z","2023-11-27T17:00:33.000Z","OUT","H","FUL","0.30","46.8076","-53.2995","6668"
"116","nl","NST","2023-05-20T00:00:00.000Z","2023-11-27T17:00:33.000Z","OUT","H","FUL","0.10","48.8041","-55.0555","6668"
"115","nl","NST","2023-05-19T00:00:00.000Z","2023-11-27T17:00:33.000Z","OUT","H","FUL","0.00","47.5687","-52.7772","6668"
"114","nl","NST","2023-05-18T00:00:00.000Z","2023-11-27T17:00:33.000Z","OUT","H","FUL","0.00","47.0851","-55.2117","6668"
"113","nl","NST","2023-05-16T00:00:00.000Z","2023-11-27T17:00:33.000Z","OUT","H","FUL","0.10","49.0594","-55.1845","6668"
"112","nl","NST","2023-05-13T00:00:00.000Z","2023-11-27T17:00:33.000Z","OUT","H","FUL","0.30","47.4453","-53.0826","6668"
"111","nl","NST","2023-05-13T00:00:00.000Z","2023-11-27T17:00:33.000Z","OUT","H","FUL","0.30","47.5122","-52.9839","6668"
"110","nl","NST","2023-05-12T00:00:00.000Z","2023-11-27T17:00:33.000Z","OUT","H","FUL","0.30","48.0713","-53.0081","6668"
"109","nl","NST","2023-05-02T00:00:00.000Z","2023-11-27T17:00:33.000Z","OUT","H","FUL","1.20","46.9171","-55.3837","6668"
"108","nl","NST","2023-05-03T00:00:00.000Z","2023-11-27T17:00:33.000Z","OUT","H","FUL","69.70","46.8146","-54.1283","6668"
"107","nl","NST","2023-05-02T00:00:00.000Z","2023-11-27T17:00:33.000Z","OUT","H","FUL","0.40","47.7653","-53.2484","6668"
"106","nl","NST","2023-05-01T00:00:00.000Z","2023-11-27T17:00:33.000Z","OUT","H","FUL","0.20","46.9426","-54.1699","6668"
"105","nl","NST","2023-04-18T00:00:00.000Z","2023-11-27T17:00:33.000Z","OUT","H","FUL","0.00","48.8671","-53.9696","6668"
"104","nl","NST","2023-04-30T00:00:00.000Z","2023-11-27T17:00:33.000Z","OUT","H","FUL","5.00","49.0471","-55.5086","6668"
"122","nl","NST","2023-05-23T00:00:00.000Z","2023-11-27T17:00:33.000Z","OUT","H","FUL","0.00","49.4078","-55.4763","6668"
"103","nl","NST","2023-04-30T00:00:00.000Z","2023-11-27T17:00:33.000Z","OUT","H","FUL","2.00","47.4867","-55.8047","6668"
"102","nl","NST","2023-04-30T00:00:00.000Z","2023-11-27T17:00:33.000Z","OUT","H","FUL","1.60","47.7113","-53.9326","6668"
"101","nl","NST","2023-04-13T00:00:00.000Z","2023-11-27T17:00:33.000Z","OUT","H","FUL","1.90","47.6375","-53.2282","6668"
"619","nl","NST","2023-08-03T00:00:00.000Z","2023-11-27T17:00:33.000Z","OUT","N","FUL","0.00","52.5461","-56.3031","6668"
"618","nl","NST","2023-07-16T00:00:00.000Z","2023-11-27T17:00:33.000Z","OUT","N","FUL","1.00","54.4578","-66.7272","6668"
"617","nl","NST","2023-07-16T00:00:00.000Z","2023-11-27T17:00:33.000Z","OUT","H","FUL","0.00","52.8247","-66.8402","6668"
"616","nl","NST","2023-07-06T00:00:00.000Z","2023-11-27T17:00:33.000Z","OUT","N","FUL","500.00","53.8739","-66.4214","6668"
"615","nl","NST","2023-07-06T00:00:00.000Z","2023-11-27T17:00:33.000Z","OUT","N","FUL","23.00","53.7433","-66.3725","6668"
"123","nl","NST","2023-05-24T00:00:00.000Z","2023-11-27T17:00:33.000Z","OUT","H","FUL","0.00","48.9577","-54.562","6668"
"124","nl","NST","2023-05-30T00:00:00.000Z","2023-11-27T17:00:33.000Z","OUT","H","FUL","4.00","46.9481","-53.9009","6668"
"125","nl","NST","2023-05-31T00:00:00.000Z","2023-11-27T17:00:33.000Z","OUT","H","FUL","0.00","48.9627","-54.6492","6668"
"614","nl","NST","2023-07-05T00:00:00.000Z","2023-11-27T17:00:33.000Z","OUT","N","FUL","4852.00","56.9991","-62.0414","6668"
"613","nl","NST","2023-06-30T00:00:00.000Z","2023-11-27T17:00:33.000Z","OUT","H","FUL","0.00","53.4919","-60.7569","6668"
"612","nl","NST","2023-06-26T00:00:00.000Z","2023-11-27T17:00:33.000Z","OUT","N","FUL","1200.00","52.0993","-58.913","6668"
"611","nl","NST","2023-06-26T00:00:00.000Z","2023-11-27T17:00:33.000Z","OUT","H","FUL","0.70","53.5372","-63.9302","6668"
"610","nl","NST","2023-06-25T00:00:00.000Z","2023-11-27T17:00:33.000Z","OUT","N","FUL","2100.00","52.392","-65.1075","6668"
"609","nl","NST","2023-06-24T00:00:00.000Z","2023-11-27T17:00:33.000Z","OUT","N","FUL","0.00","52.243","-56.1059","6668"
"608","nl","NST","2023-06-24T00:00:00.000Z","2023-11-27T17:00:33.000Z","OUT","N","FUL","2300.00","52.4032","-65.9883","6668"
"126","nl","NST","2023-06-24T00:00:00.000Z","2023-11-27T17:00:33.000Z","OUT","H","FUL","0.00","47.3162","-53.3653","6668"
"607","nl","NST","2023-06-12T00:00:00.000Z","2023-11-27T17:00:33.000Z","OUT","N","FUL","10560.00","53.0856","-64.3624","6668"
"606","nl","NST","2023-06-11T00:00:00.000Z","2023-11-27T17:00:33.000Z","OUT","H","FUL","0.10","53.4156","-60.4148","6668"
"605","nl","NST","2023-06-03T00:00:00.000Z","2023-11-27T17:00:33.000Z","OUT","H","FUL","0.10","53.3039","-60.3408","6668"
"604","nl","NST","2023-06-03T00:00:00.000Z","2023-11-27T17:00:33.000Z","OUT","H","FUL","0.10","53.3031","-60.3413","6668"
"603","nl","NST","2023-06-01T00:00:00.000Z","2023-11-27T17:00:33.000Z","OUT","N","FUL","215.00","52.3459","-61.0788","6668"
"602","nl","NST","2023-05-20T00:00:00.000Z","2023-11-27T17:00:33.000Z","OUT","H","FUL","0.00","53.0665","-66.1992","6668"
"601","nl","NST","2023-05-06T00:00:00.000Z","2023-11-27T17:00:33.000Z","OUT","H","FUL","0.00","53.0369","-66.5683","6668"
"544","nl","NST","2023-08-31T00:00:00.000Z","2023-11-27T17:00:33.000Z","OUT","H","FUL","0.10","48.5177","-58.2832","6668"
"543","nl","NST","2023-06-21T00:00:00.000Z","2023-11-27T17:00:33.000Z","OUT","H","FUL","0.10","48.4569","-58.4337","6668"
"542","nl","NST","2023-05-24T00:00:00.000Z","2023-11-27T17:00:33.000Z","OUT","H","FUL","0.10","49.015","-57.633","6668"
"541","nl","NST","2023-05-23T00:00:00.000Z","2023-11-27T17:00:33.000Z","OUT","H","FUL","3.50","48.8196","-56.5914","6668"
"540","nl","NST","2023-05-18T00:00:00.000Z","2023-11-27T17:00:33.000Z","OUT","H","FUL","0.10","48.5084","-58.2624","6668"
"539","nl","NST","2023-05-12T00:00:00.000Z","2023-11-27T17:00:33.000Z","OUT","H","FUL","0.10","48.5139","-58.9567","6668"
"538","nl","NST","2023-05-06T00:00:00.000Z","2023-11-27T17:00:33.000Z","OUT","H","FUL","0.50","48.5433","-58.4563","6668"
"537","nl","NST","2023-05-06T00:00:00.000Z","2023-11-27T17:00:33.000Z","OUT","H","FUL","0.80","47.5898","-57.0982","6668"
"536","nl","NST","2023-05-05T00:00:00.000Z","2023-11-27T17:00:33.000Z","OUT","H","FUL","0.10","48.4333","-58.4691","6668"
"535","nl","NST","2023-05-06T00:00:00.000Z","2023-11-27T17:00:33.000Z","OUT","H","FUL","0.10","48.5415","-58.757","6668"
"534","nl","NST","2023-05-04T00:00:00.000Z","2023-11-27T17:00:33.000Z","OUT","H","FUL","0.50","48.5283","-58.9214","6668"
"435","qc","EST","2023-06-05T23:35:00.000Z","2023-11-27T16:56:51.000Z","OUT","H","MOD","5.00","53.7861","-78.9017","6668"
"396","qc","EST","2023-06-01T18:34:00.000Z","2023-11-27T15:59:57.000Z","OUT","N","FUL","0.70","47.6006","-74.6494","6668"
"633","qc","EST","2023-07-16T03:45:00.000Z","2023-11-27T15:43:00.000Z","OUT","N","MOD","758.80","57.9736","-68.5222","6668"
"2023-G90288","bc","PDT","2023-05-13T20:30:00.000Z","2023-11-27T15:30:00.000Z","OC","N","MOD","290073.31","59.963566999999998","-120.98656699999999","6668"
"483","qc","EST","2023-06-15T03:33:00.000Z","2023-11-27T15:14:25.000Z","OUT","N","MON","425871.90","54.0569","-74.6378","6668"
"498","qc","EST","2023-06-22T00:57:00.000Z","2023-11-27T15:12:18.000Z","OUT","N","MON","26230.00","54.5289","-77.7439","6668"
"500","qc","EST","2023-06-22T00:31:00.000Z","2023-11-27T15:11:51.000Z","OUT","N","MON","3167.70","54.5533","-77.8639","6668"
"501","qc","EST","2023-06-22T07:10:00.000Z","2023-11-27T15:11:27.000Z","OUT","N","MON","19483.20","54.4906","-77.3303","6668"
"503","qc","EST","2023-06-21T15:45:00.000Z","2023-11-27T15:10:55.000Z","OUT","N","MON","1.00","54.5308","-77.6772","6668"
"324","qc","EST","2023-06-01T19:30:00.000Z","2023-11-27T14:49:43.000Z","OUT","H","FUL","0.00","49.7414","-74.2403","6668"
"604","qc","EST","2023-07-05T16:33:00.000Z","2023-11-27T14:46:36.000Z","OUT","N","MOD","2531.60","51.7181","-77.0631","6668"
"713","qc","EST","2023-06-01T21:00:00.000Z","2023-11-27T14:37:44.000Z","OUT","N","FUL","0.10","47.4036","-72.5197","6668"
"371","qc","EST","2023-06-02T11:29:00.000Z","2023-11-27T14:30:51.000Z","OUT","N","FUL","21467.70","49.1508","-75.1675","6668"
"300","qc","EST","2023-06-01T19:30:00.000Z","2023-11-27T14:25:53.000Z","OUT","N","FUL","0.00","50.5272","-74.6653","6668"
"433","qc","EST","2023-06-05T23:00:00.000Z","2023-11-27T14:17:29.000Z","OUT","N","FUL","726.30","49.0639","-75.0464","6668"
"THU_FIRE_052","on","GMT","2023-11-24T20:16:00.000Z","2023-11-25T02:30:00.000Z","OUT","H","FUL","0.10","48.3343","-88.8284","6668"
"2023-V13426","bc","PDT","2023-10-15T19:20:00.000Z","2023-11-24T20:01:00.000Z","OUT","H","FUL","0.01","49.357616999999998","-121.439283","6668"
"2023-V13129","bc","PDT","2023-09-02T21:05:00.000Z","2023-11-24T20:01:00.000Z","OUT","N","FUL","0.01","49.413666999999997","-122.825833","6668"
"2023-V10597","bc","PDT","2023-06-04T02:52:00.000Z","2023-11-24T19:30:00.000Z","OUT","H","FUL","0.90","49.337966999999999","-121.845167","6668"
"2023-C13470","bc","PDT","2023-11-23T18:42:00.000Z","2023-11-24T19:30:00.000Z","OUT","H","FUL","0.09","52.582332999999998","-122.448967","6668"
"2023-R50580","bc","PDT","2023-06-03T13:41:00.000Z","2023-11-24T19:30:00.000Z","OUT","H","FUL","1.40","54.569232999999997","-128.46106700000001","6668"
"2023-C23472","bc","PDT","2023-11-24T00:01:00.000Z","2023-11-24T18:01:00.000Z","OUT","H","FUL","0.00","52.105049999999999","-122.020933","6668"
"2023-K23471","bc","PDT","2023-11-23T22:04:00.000Z","2023-11-24T18:01:00.000Z","UC","H","FUL","0.08","50.484233000000003","-120.6093","6668"
"RWF-081-2023","ab","MST","2023-11-25T00:45:00.000Z","2023-11-24T17:45:00.000Z","UC","U","FUL","0.20","53.005155","-115.212957","6668"
"2023-V12712","bc","PDT","2023-08-12T23:27:00.000Z","2023-11-24T17:30:00.000Z","OUT","H","FUL","0.01","49.414282999999998","-121.318066","6668"
"2023-V12545","bc","PDT","2023-08-06T23:25:00.000Z","2023-11-24T17:01:00.000Z","OUT","H","FUL","0.01","49.429917000000003","-122.853233","6668"
"2023-V12404","bc","PDT","2023-08-02T01:15:00.000Z","2023-11-24T17:01:00.000Z","OUT","H","FUL","0.10","49.624282999999998","-121.393917","6668"
"2023-V12206","bc","PDT","2023-07-23T22:50:00.000Z","2023-11-24T16:30:00.000Z","OUT","H","FUL","0.01","49.362917000000003","-121.37365","6668"
"23LA-WISTIGO","sk","CST","2023-05-11T17:27:38.000Z","2023-11-24T15:57:36.000Z","OUT","N","FUL","64309.00","55.2572","-106.374667","6668"
"590","qc","EST","2023-07-05T14:16:00.000Z","2023-11-24T15:47:42.000Z","OUT","N","MOD","54061.00","51.9708","-77.9328","6668"
"534","qc","EST","2023-06-19T20:00:00.000Z","2023-11-24T14:45:05.000Z","OUT","N","MOD","47184.20","50.8211","-76.1183","6668"
"535","qc","EST","2023-06-21T20:00:00.000Z","2023-11-24T14:44:21.000Z","OUT","N","FUL","22666.60","50.295","-78.1756","6668"
"LWF-191-2023","ab","MST","2023-11-24T21:17:00.000Z","2023-11-24T14:18:00.000Z","OUT","U","FUL","0.01","55.712266","-111.845019","6668"
"561","qc","EST","2023-07-03T18:54:00.000Z","2023-11-24T13:27:44.000Z","OUT","N","MON","96.20","54.8758","-69.4956","6668"
"2023-C53054","bc","PDT","2023-08-29T23:38:00.000Z","2023-11-23T23:30:00.000Z","OUT","N","FUL","0.01","52.622","-125.468633","6668"
"2023-V11965","bc","PDT","2023-07-21T02:24:00.000Z","2023-11-23T23:01:00.000Z","OUT","H","FUL","0.20","49.093783000000002","-121.94591699999999","6668"
"2023-V11777","bc","PDT","2023-07-17T00:32:00.000Z","2023-11-23T23:01:00.000Z","OUT","H","FUL","0.30","49.394283000000001","-121.458167","6668"
"2023-V11694","bc","PDT","2023-07-14T22:09:00.000Z","2023-11-23T22:30:00.000Z","OUT","H","FUL","0.01","49.353532999999999","-121.583483","6668"
"2023-C53184","bc","PDT","2023-09-08T00:21:00.000Z","2023-11-23T22:01:00.000Z","OUT","H","FUL","1.00","52.294016999999997","-125.118183","6668"
"2023-C10395","bc","PDT","2023-05-19T18:54:00.000Z","2023-11-23T22:01:00.000Z","OUT","N","FUL","82.00","53.295549999999999","-121.626133","6668"
"2023-V11223","bc","PDT","2023-07-08T01:52:00.000Z","2023-11-23T22:01:00.000Z","OUT","N","FUL","0.70","49.930967000000003","-121.56236699999999","6668"
"2023-V11688","bc","PDT","2023-07-14T20:35:00.000Z","2023-11-23T22:01:00.000Z","OUT","H","FUL","0.50","49.353833000000002","-122.61320000000001","6668"
"2023-C11314","bc","PDT","2023-07-08T23:54:00.000Z","2023-11-23T21:30:00.000Z","OUT","N","FUL","0.09","52.928333000000002","-124.820517","6668"
"2023-C11320","bc","PDT","2023-07-09T00:26:00.000Z","2023-11-23T21:30:00.000Z","OUT","N","FUL","0.01","52.990366999999999","-124.62715","6668"
"2023-V11221","bc","PDT","2023-07-08T01:50:00.000Z","2023-11-23T21:30:00.000Z","OUT","N","FUL","0.10","49.990882999999997","-121.386167","6668"
"23HB-CLEM","sk","CST","2023-05-19T16:13:45.000Z","2023-11-23T21:07:05.000Z","OUT","H","FUL","298.00","52.72738","-102.481436","6668"
"655","qc","EST","2023-08-12T18:45:00.000Z","2023-11-23T21:02:34.000Z","OUT","H","MOD","0.00","53.0036","-78.805","6668"
"533","qc","EST","2023-07-01T13:00:00.000Z","2023-11-23T20:31:40.000Z","OUT","N","MON","1791.10","50.3594","-78.1033","6668"
"595","qc","EST","2023-07-05T21:00:00.000Z","2023-11-23T20:03:12.000Z","OUT","N","MOD","3395.90","51.7064","-77.4492","6668"
"575","qc","EST","2023-07-05T15:39:00.000Z","2023-11-23T20:02:34.000Z","OUT","N","MOD","52014.10","51.3069","-77.3306","6668"
"2023-C11326","bc","PDT","2023-07-09T01:01:00.000Z","2023-11-23T20:01:00.000Z","OUT","N","FUL","3.60","52.780783","-124.0172","6668"
"2023-C11328","bc","PDT","2023-07-09T01:03:00.000Z","2023-11-23T20:01:00.000Z","OUT","N","FUL","1.00","52.823833","-124.10046699999999","6668"
"415","qc","EST","2023-06-04T18:00:00.000Z","2023-11-23T19:42:48.000Z","OUT","H","FUL","0.20","46.3058","-75.5014","6668"
"2023-C11407","bc","PDT","2023-07-09T22:46:00.000Z","2023-11-23T19:30:00.000Z","OUT","N","FUL","0.01","52.767467000000003","-125.04949999999999","6668"
"2023-C11405","bc","PDT","2023-07-09T22:31:00.000Z","2023-11-23T19:30:00.000Z","OUT","N","FUL","1282.00","52.740032999999997","-125.035917","6668"
"2023-C11427","bc","PDT","2023-07-10T00:37:00.000Z","2023-11-23T19:30:00.000Z","OUT","N","FUL","70.00","53.137633000000001","-123.56996700000001","6668"
"420","qc","EST","2023-04-06T20:00:00.000Z","2023-11-23T19:20:36.000Z","OUT","N","FUL","450.00","48.6903","-76.3567","6668"
"419","qc","EST","2023-06-04T21:00:00.000Z","2023-11-23T19:19:10.000Z","OUT","N","FUL","350.00","48.7253","-76.3144","6668"
"597","qc","EST","2023-07-07T17:00:00.000Z","2023-11-23T19:03:41.000Z","OUT","N","MON","11966.30","51.7425","-78.4303","6668"
"2023-C11471","bc","PDT","2023-07-10T04:44:00.000Z","2023-11-23T19:01:00.000Z","OUT","N","FUL","0.01","53.010866999999998","-123.61321700000001","6668"
"691","qc","EST","2023-09-26T17:00:00.000Z","2023-11-23T18:30:59.000Z","OUT","N","MON","18.00","51.3867","-77.0475","6668"
"695","qc","EST","2023-09-28T22:20:00.000Z","2023-11-23T18:28:33.000Z","OUT","N","MON","0.10","50.9303","-79.1311","6668"
"697","qc","EST","2023-09-30T20:20:00.000Z","2023-11-23T18:25:32.000Z","OUT","N","MON","0.00","52.5181","-78.4586","6668"
"2023-C13469","bc","PDT","2023-11-17T23:35:00.000Z","2023-11-23T18:01:00.000Z","UC","H","MON","0.01","52.480200000000004","-122.298833","6668"
"2023-C11767","bc","PDT","2023-07-16T07:12:00.000Z","2023-11-23T18:01:00.000Z","OUT","N","FUL","0.50","52.829017","-122.21720000000001","6668"
"2023-C11765","bc","PDT","2023-07-16T20:23:00.000Z","2023-11-23T18:01:00.000Z","OUT","H","FUL","0.01","52.948883000000002","-121.629983","6668"
"2023-C11749","bc","PDT","2023-07-16T04:32:00.000Z","2023-11-23T18:01:00.000Z","OUT","H","FUL","0.01","52.761417000000002","-122.157467","6668"
"587","qc","EST","2023-07-05T13:52:00.000Z","2023-11-23T17:32:20.000Z","OUT","N","MOD","113712.70","53.0594","-77.9686","6668"
"2023-C12123","bc","PDT","2023-07-22T22:08:00.000Z","2023-11-23T17:30:00.000Z","OUT","N","FUL","0.01","52.741917000000001","-122.597917","6668"
"2023-C12119","bc","PDT","2023-07-22T21:11:00.000Z","2023-11-23T17:30:00.000Z","OUT","N","FUL","1.10","52.754832999999998","-122.60205000000001","6668"
"2023-C11892","bc","PDT","2023-07-19T21:27:00.000Z","2023-11-23T17:30:00.000Z","OUT","N","FUL","341.90","52.911900000000003","-125.436167","6668"
"2023-C11877","bc","PDT","2023-07-19T02:47:00.000Z","2023-11-23T17:30:00.000Z","OUT","N","FUL","0.01","52.973149999999997","-122.522266","6668"
"583","qc","EST","2023-07-05T13:38:00.000Z","2023-11-23T17:17:33.000Z","OUT","N","MON","3266.80","52.4258","-78.4064","6668"
"428","qc","EST","2023-06-03T18:00:00.000Z","2023-11-23T17:06:53.000Z","OUT","N","FUL","1.50","46.3803","-76.94","6668"
"2023-C12124","bc","PDT","2023-07-22T22:15:00.000Z","2023-11-23T17:01:00.000Z","OUT","H","FUL","0.10","53.006","-123.194333","6668"
"384","qc","EST","2023-06-03T16:30:00.000Z","2023-11-23T16:57:00.000Z","OUT","H","FUL","0.10","46.3333","-75.4844","6668"
"432","qc","EST","2023-06-05T21:00:00.000Z","2023-11-23T16:51:02.000Z","OUT","N","FUL","0.10","46.0594","-74.3322","6668"
"380","qc","EST","2023-06-01T22:00:00.000Z","2023-11-23T16:35:18.000Z","OUT","H","FUL","0.10","45.8594","-75.7153","6668"
"455","qc","EST","2023-06-05T23:24:00.000Z","2023-11-23T16:32:34.000Z","OUT","N","FUL","4.40","50.9056","-72.5036","6668"
"2023-C12211","bc","PDT","2023-07-24T00:36:00.000Z","2023-11-23T16:32:00.000Z","OUT","N","FUL","0.01","52.874850000000002","-122.06873299999999","6668"
"2023-C12204","bc","PDT","2023-07-23T22:22:00.000Z","2023-11-23T16:32:00.000Z","OUT","N","FUL","0.30","53.418750000000003","-123.76394999999999","6668"
"472","qc","EST","2023-06-11T18:00:00.000Z","2023-11-23T16:23:21.000Z","OUT","H","FUL","0.20","45.5828","-75.6883","6668"
"366","qc","EST","2023-06-02T20:38:00.000Z","2023-11-23T16:17:42.000Z","OUT","N","FUL","0.10","46.0297","-74.6944","6668"
"512","qc","EST","2023-06-02T01:37:00.000Z","2023-11-23T15:46:37.000Z","OUT","N","FUL","0.50","46.3406","-76.9142","6668"
"513","qc","EST","2023-06-20T23:00:00.000Z","2023-11-23T15:36:01.000Z","OUT","H","FUL","0.00","46.0108","-75.8139","6668"
"LWF-190-2023","ab","MST","2023-11-23T22:35:00.000Z","2023-11-23T15:35:00.000Z","UC","U","FUL","0.01","54.596694","-110.732366","6668"
"593","qc","EST","2023-07-06T18:46:00.000Z","2023-11-23T15:32:48.000Z","OUT","N","MOD","11564.40","51.4725","-77.3678","6668"
"349","qc","EST","2023-06-02T17:00:00.000Z","2023-11-23T15:30:06.000Z","OUT","H","FUL","0.00","45.6758","-76.6728","6668"
"571","qc","EST","2023-07-04T19:57:00.000Z","2023-11-23T15:15:18.000Z","OUT","N","MON","0.20","54.6892","-73.0164","6668"
"565","qc","EST","2023-07-02T18:35:00.000Z","2023-11-23T15:12:21.000Z","OUT","N","MON","0.20","56.3469","-68.8236","6668"
"336","qc","EST","2023-06-01T23:00:00.000Z","2023-11-23T14:47:35.000Z","OUT","N","FUL","0.10","47.4628","-77.2508","6668"
"502","qc","EST","2023-06-21T16:00:00.000Z","2023-11-23T14:04:40.000Z","OUT","N","MON","2798.60","54.5136","-77.1606","6668"
"547","qc","EST","2023-07-03T02:26:00.000Z","2023-11-23T13:44:51.000Z","OUT","N","MON","71598.60","55.9933","-68.9825","6668"
"546","qc","EST","2023-07-03T01:58:00.000Z","2023-11-23T13:36:21.000Z","OUT","N","MON","2305.80","55.3222","-68.7828","6668"
"520","qc","EST","2023-06-24T19:44:00.000Z","2023-11-23T13:22:46.000Z","OUT","N","MON","8945.90","53.7708","-73.2528","6668"
"240","qc","EST","2023-06-01T20:00:00.000Z","2023-11-23T13:13:45.000Z","OUT","N","FUL","40.00","49.3275","-72.3933","6668"
"2023-R21234","bc","PDT","2023-07-08T02:37:00.000Z","2023-11-22T22:30:00.000Z","UC","N","FUL","6758.00","54.015116999999996","-126.38395","6668"
"2023-R21377","bc","PDT","2023-07-09T01:15:00.000Z","2023-11-22T22:30:00.000Z","UC","H","FUL","4762.24","54.045417","-126.59935","6668"
"2023-R11244","bc","PDT","2023-07-08T04:05:00.000Z","2023-11-22T22:01:00.000Z","UC","N","FUL","8044.00","54.235166999999997","-125.64345","6668"
"328","qc","EST","2023-06-02T01:00:00.000Z","2023-11-22T22:00:35.000Z","OUT","H","FUL","0.00","48.7717","-64.5056","6668"
"2023-V11219","bc","PDT","2023-07-08T01:35:00.000Z","2023-11-22T21:30:00.000Z","OUT","N","FUL","0.10","50.016866999999998","-121.417033","6668"
"348","qc","EST","2023-06-01T22:33:00.000Z","2023-11-22T21:04:15.000Z","OUT","H","FUL","0.00","46.5997","-74.8408","6668"
"290","qc","EST","2023-06-01T21:30:00.000Z","2023-11-22T21:02:50.000Z","OUT","N","FUL","163.10","49.3803","-72.4919","6668"
"508","qc","EST","2023-06-22T17:51:00.000Z","2023-11-22T20:35:47.000Z","OUT","N","MON","13477.70","54.6819","-74.8561","6668"
"521","qc","EST","2023-06-24T17:13:00.000Z","2023-11-22T20:32:52.000Z","OUT","N","MON","4356.70","53.6758","-71.4789","6668"
"516","qc","EST","2023-06-24T18:00:00.000Z","2023-11-22T20:07:49.000Z","OUT","N","MON","217.00","52.7906","-75.9942","6668"
"2023-V11206","bc","PDT","2023-07-08T00:11:00.000Z","2023-11-22T20:01:00.000Z","OUT","N","FUL","0.01","49.997500000000002","-121.430617","6668"
"2023-R21250","bc","PDT","2023-07-08T04:46:00.000Z","2023-11-22T20:01:00.000Z","UC","N","FUL","2061.00","54.410150000000002","-126.415283","6668"
"2023-R21673","bc","PDT","2023-07-13T21:42:00.000Z","2023-11-22T20:01:00.000Z","UC","N","FUL","4360.00","53.807633000000003","-126.690783","6668"
"504","qc","EST","2023-06-22T16:38:00.000Z","2023-11-22T19:43:27.000Z","OUT","N","MON","87031.60","54.4117","-76.0108","6668"
"2023-R21609","bc","PDT","2023-07-12T16:24:00.000Z","2023-11-22T19:30:00.000Z","UC","H","MON","168.00","55.040849999999999","-125.894316","6668"
"2023-V10934","bc","PDT","2023-06-27T03:43:00.000Z","2023-11-22T19:30:00.000Z","OUT","N","FUL","0.01","49.065100000000001","-120.85641699999999","6668"
"403","qc","EST","2023-06-02T22:00:00.000Z","2023-11-22T19:27:26.000Z","OUT","H","FUL","37.50","47.7744","-76.6953","6668"
"2023-V10690","bc","PDT","2023-06-09T13:49:00.000Z","2023-11-22T19:01:00.000Z","OUT","H","FUL","0.06","49.373382999999997","-121.443583","6668"
"2023-V10313","bc","PDT","2023-05-14T23:02:00.000Z","2023-11-22T19:01:00.000Z","OUT","H","FUL","19.23","49.303550000000001","-122.217917","6668"
"398","qc","EST","2023-06-01T22:09:00.000Z","2023-11-22T18:59:57.000Z","OUT","N","FUL","3.20","46.8275","-76.9869","6668"
"2023-K21763","bc","PDT","2023-07-16T19:57:00.000Z","2023-11-22T18:30:00.000Z","OUT","N","FUL","0.10","51.160283","-119.48696700000001","6668"
"2023-R13068","bc","PDT","2023-08-29T22:25:00.000Z","2023-11-22T18:01:00.000Z","UC","N","MON","419.00","53.428550000000001","-126.939733","6668"
"2023-R13124","bc","PDT","2023-09-02T20:19:00.000Z","2023-11-22T18:01:00.000Z","UC","N","MON","280.00","54.475633000000002","-125.178533","6668"
"2023-V12167","bc","PDT","2023-07-23T04:23:00.000Z","2023-11-22T18:01:00.000Z","OUT","H","FUL","0.50","49.266350000000003","-122.300217","6668"
"2023-R11277","bc","PDT","2023-07-08T17:53:00.000Z","2023-11-22T17:30:00.000Z","UC","N","FUL","6890.00","54.400399999999998","-125.467467","6668"
"2023-R13093","bc","PDT","2023-08-31T20:50:00.000Z","2023-11-22T17:30:00.000Z","UC","N","MON","913.00","53.302083000000003","-126.753467","6668"
"2023-R11282","bc","PDT","2023-07-08T18:33:00.000Z","2023-11-22T17:01:00.000Z","BH","H","MON","24810.80","53.519167000000003","-125.85333300000001","6668"
"624","qc","EST","2023-07-10T17:13:00.000Z","2023-11-22T16:48:55.000Z","OUT","N","MON","20559.60","52.9581","-76.7292","6668"
"469","qc","EST","2023-06-10T22:37:00.000Z","2023-11-22T16:37:30.000Z","OUT","N","MON","96803.40","54.0028","-72.1719","6668"
"662","qc","EST","2023-08-10T21:42:00.000Z","2023-11-22T16:12:47.000Z","OUT","N","MON","0.10","50.9294","-79.1311","6668"
"490","qc","EST","2023-06-17T20:00:00.000Z","2023-11-22T16:00:24.000Z","OUT","N","MON","3431.40","54.8631","-70.9075","6668"
"238","qc","EST","2023-06-01T18:06:00.000Z","2023-11-22T15:49:34.000Z","OUT","N","FUL","271.70","47.5953","-76.5986","6668"
"491","qc","EST","2023-06-20T23:38:00.000Z","2023-11-22T15:43:28.000Z","OUT","H","MOD","0.90","53.7672","-78.8667","6668"
"584","qc","EST","2023-07-05T14:45:00.000Z","2023-11-22T15:41:02.000Z","OUT","N","MOD","6437.70","52.1069","-78.0569","6668"
"577","qc","EST","2023-07-05T16:29:00.000Z","2023-11-22T15:19:40.000Z","OUT","N","MOD","6964.40","51.22","-77.1336","6668"
"517","qc","EST","2023-06-23T11:14:00.000Z","2023-11-22T14:35:16.000Z","OUT","N","MOD","3.50","53.6519","-78.4969","6668"
"468","qc","EST","2023-06-10T22:40:00.000Z","2023-11-22T13:54:21.000Z","OUT","N","MOD","29660.80","53.9519","-72.4031","6668"
"SAU_FIRE_016","on","GMT","2023-11-17T02:30:00.000Z","2023-11-22T13:00:00.000Z","OUT","H","FUL","0.10","46.898","-84.3749","6668"
"WWF-059-2023","ab","MST","2023-11-20T16:50:00.000Z","2023-11-22T09:30:00.000Z","UC","U","FUL","5.90","54.19294","-115.85244","6668"
"2023-R42579","bc","PDT","2023-08-07T05:08:00.000Z","2023-11-22T00:30:00.000Z","OUT","N","MOD","9.68","55.059283000000001","-128.513633","6668"
"2023-R92525","bc","PDT","2023-08-06T18:04:00.000Z","2023-11-22T00:30:00.000Z","OUT","N","MOD","1171.95","59.457816999999999","-132.863833","6668"
"2023-R91774","bc","PDT","2023-07-16T23:01:00.000Z","2023-11-22T00:30:00.000Z","OUT","N","FUL","0.70","59.115366999999999","-132.88503299999999","6668"
"2023-R91733","bc","PDT","2023-07-15T22:57:00.000Z","2023-11-22T00:30:00.000Z","OUT","N","MON","68.25","57.999366999999999","-128.43286699999999","6668"
"2023-R91715","bc","PDT","2023-07-15T04:12:00.000Z","2023-11-22T00:30:00.000Z","OUT","N","MON","9.20","58.987099999999998","-130.21174999999999","6668"
"2023-R41659","bc","PDT","2023-07-13T21:17:00.000Z","2023-11-22T00:30:00.000Z","OUT","H","MOD","278.10","55.7303","-127.270183","6668"
"2023-R31585","bc","PDT","2023-07-12T06:15:00.000Z","2023-11-22T00:30:00.000Z","OUT","N","MOD","520.00","55.076082999999997","-126.766183","6668"
"2023-R31581","bc","PDT","2023-07-12T04:47:00.000Z","2023-11-22T00:30:00.000Z","OUT","N","FUL","239.00","55.596299999999999","-126.78400000000001","6668"
"2023-R41510","bc","PDT","2023-07-10T23:58:00.000Z","2023-11-22T00:30:00.000Z","OUT","N","MOD","105.00","55.077916999999999","-128.25285","6668"
"2023-R31465","bc","PDT","2023-07-10T04:10:00.000Z","2023-11-22T00:30:00.000Z","OUT","N","FUL","639.00","55.386667000000003","-126.72148300000001","6668"
"2023-R31391","bc","PDT","2023-07-09T20:17:00.000Z","2023-11-22T00:30:00.000Z","OUT","H","MOD","3030.00","55.638599999999997","-126.73399999999999","6668"
"2023-R11238","bc","PDT","2023-07-08T03:26:00.000Z","2023-11-22T00:30:00.000Z","UC","N","FUL","359.00","54.077466999999999","-126.177617","6668"
"2023-R91184","bc","PDT","2023-07-07T19:04:00.000Z","2023-11-22T00:30:00.000Z","OUT","H","MOD","2253.27","59.704050000000002","-134.25225","6668"
"2023-R90857","bc","PDT","2023-06-24T02:58:00.000Z","2023-11-22T00:30:00.000Z","OUT","N","MOD","762.36","57.358573","-129.027838","6668"
"2023-R90877","bc","PDT","2023-06-24T16:18:00.000Z","2023-11-22T00:30:00.000Z","OUT","N","MOD","14460.07","57.4801","-127.652033","6668"
"2023-R93217","bc","PDT","2023-09-09T22:14:00.000Z","2023-11-22T00:30:00.000Z","OUT","H","MOD","0.01","56.288882999999998","-130.318783","6668"
"2023-R43173","bc","PDT","2023-09-06T19:38:00.000Z","2023-11-22T00:30:00.000Z","OUT","N","MOD","12.30","55.620800000000003","-127.349283","6668"
"2023-R92676","bc","PDT","2023-08-10T18:48:00.000Z","2023-11-22T00:30:00.000Z","OUT","N","MOD","0.01","58.872166999999997","-133.01098300000001","6668"
"2023-R11378","bc","PDT","2023-07-09T16:48:00.000Z","2023-11-21T23:30:00.000Z","UC","N","MON","1400.00","54.34205","-125.29295","6668"
"2023-R11274","bc","PDT","2023-07-08T15:28:00.000Z","2023-11-21T23:30:00.000Z","UC","N","MOD","428.00","54.454700000000003","-125.276167","6668"
"2023-V12916","bc","PDT","2023-08-23T03:42:00.000Z","2023-11-21T23:30:00.000Z","OUT","H","MON","0.01","49.358466999999997","-121.466117","6668"
"2023-R21217","bc","PDT","2023-07-08T01:23:00.000Z","2023-11-21T23:01:00.000Z","BH","N","MON","7984.00","54.8934","-125.89870000000001","6668"
"2023-R21178","bc","PDT","2023-07-07T06:17:00.000Z","2023-11-21T23:01:00.000Z","UC","N","FUL","1444.72","54.305267000000001","-126.76115","6668"
"2023-C53447","bc","PDT","2023-10-26T00:16:00.000Z","2023-11-21T23:01:00.000Z","OUT","H","FUL","0.01","52.115917000000003","-124.048616","6668"
"2023-N42780","bc","PDT","2023-08-16T23:44:00.000Z","2023-11-21T23:01:00.000Z","OUT","H","FUL","0.30","51.449916999999999","-117.09778300000001","6668"
"2023-R23113","bc","PDT","2023-09-01T23:39:00.000Z","2023-11-21T23:01:00.000Z","UC","N","MON","0.01","53.661050000000003","-126.79340000000001","6668"
"2023-R21225","bc","PDT","2023-07-08T02:03:00.000Z","2023-11-21T23:01:00.000Z","UC","N","FUL","86.00","54.039183000000001","-126.826483","6668"
"2023-R13165","bc","PDT","2023-09-04T23:30:00.000Z","2023-11-21T22:30:00.000Z","UC","N","MON","913.00","53.285449999999997","-126.716217","6668"
"2023-C50144","bc","PDT","2023-04-30T08:37:00.000Z","2023-11-21T22:30:00.000Z","OUT","H","FUL","0.10","52.465350000000001","-125.265933","6668"
"2023-R23091","bc","PDT","2023-08-31T18:26:00.000Z","2023-11-21T22:30:00.000Z","UC","N","MON","1255.00","53.499250000000004","-127.07115","6668"
"2023-C50191","bc","PDT","2023-05-04T00:05:00.000Z","2023-11-21T22:30:00.000Z","OUT","H","FUL","0.40","52.465083","-125.314167","6668"
"572","qc","EST","2023-07-02T21:00:00.000Z","2023-11-21T22:06:03.000Z","OUT","N","FUL","0.40","47.1042","-77.7461","6668"
"2023-N52957","bc","PDT","2023-08-26T20:24:00.000Z","2023-11-21T22:01:00.000Z","OUT","N","FUL","1.30","50.295116999999998","-118.202","6668"
"570","qc","EST","2023-07-02T20:00:00.000Z","2023-11-21T21:52:43.000Z","OUT","N","FUL","0.20","46.8856","-79.1614","6668"
"2023-R11388","bc","PDT","2023-07-09T19:24:00.000Z","2023-11-21T21:30:00.000Z","UC","N","MON","2779.00","53.461599999999997","-126.100967","6668"
"2023-K43390","bc","PDT","2023-10-03T20:49:00.000Z","2023-11-21T21:01:00.000Z","OUT","H","FUL","0.01","50.636783000000001","-119.044526","6668"
"2023-R11387","bc","PDT","2023-07-09T19:20:00.000Z","2023-11-21T21:01:00.000Z","BH","N","MON","12142.00","53.750349999999997","-126.173683","6668"
"2023-K40937","bc","PDT","2023-06-27T17:28:00.000Z","2023-11-21T21:01:00.000Z","OUT","H","FUL","0.01","50.116616999999998","-119.27375000000001","6668"
"2023-R13032","bc","PDT","2023-08-29T18:11:00.000Z","2023-11-21T21:01:00.000Z","UC","H","MON","2.00","53.669432999999998","-126.290633","6668"
"495","qc","EST","2023-06-21T02:00:00.000Z","2023-11-21T20:39:24.000Z","OUT","H","FUL","0.00","45.7736","-74.1011","6668"
"487","qc","EST","2023-06-17T23:00:00.000Z","2023-11-21T20:34:19.000Z","OUT","H","MON","7.90","58.745","-65.9844","6668"
"598","qc","EST","2023-07-05T13:38:00.000Z","2023-11-21T20:14:24.000Z","OUT","N","MON","575.90","52.4825","-78.2353","6668"
"2023-C51919","bc","PDT","2023-07-20T02:33:00.000Z","2023-11-21T20:01:00.000Z","OUT","N","FUL","27.00","52.269616999999997","-123.5857","6668"
"2023-K42092","bc","PDT","2023-07-22T13:28:00.000Z","2023-11-21T20:01:00.000Z","OUT","N","FUL","4.00","50.475932999999998","-118.87605000000001","6668"
"674","qc","EST","2023-09-06T15:00:00.000Z","2023-11-21T19:57:29.000Z","OUT","H","FUL","0.00","46.0011","-75.7958","6668"
"346","qc","EST","2023-06-02T01:20:00.000Z","2023-11-21T19:33:30.000Z","OUT","N","FUL","89.00","46.8397","-76.9475","6668"
"2023-N42107","bc","PDT","2023-07-22T18:15:00.000Z","2023-11-21T19:30:00.000Z","OUT","N","FUL","0.01","51.016300000000001","-116.207967","6668"
"250","qc","EST","2023-06-01T17:00:00.000Z","2023-11-21T18:51:36.000Z","OUT","N","FUL","400.00","47.91","-75.7717","6668"
"2023-C51562","bc","PDT","2023-07-11T22:40:00.000Z","2023-11-21T18:30:00.000Z","OUT","N","MOD","6651.90","52.547133000000002","-124.739817","6668"
"2023-N13465","bc","PDT","2023-11-05T19:08:00.000Z","2023-11-21T18:01:00.000Z","OUT","H","FUL","0.01","49.682935000000001","-115.848766","6668"
"493","qc","EST","2023-06-21T00:45:00.000Z","2023-11-21T16:51:45.000Z","OUT","H","FUL","0.10","48.1383","-78.0403","6668"
"489","qc","EST","2023-06-19T20:40:00.000Z","2023-11-21T16:49:16.000Z","OUT","H","FUL","0.20","48.26","-78.9853","6668"
"RWF-080-2023","ab","MST","2023-11-21T23:15:00.000Z","2023-11-21T16:30:00.000Z","OUT","H","FUL","0.08","52.487567","-114.93725","6668"
"260","qc","EST","2023-06-01T19:00:00.000Z","2023-11-21T15:56:21.000Z","OUT","N","FUL","3.50","48.7672","-76.0111","6668"
"670","qc","EST","2023-09-03T18:21:00.000Z","2023-11-21T15:34:04.000Z","OUT","N","MON","0.00","50.5767","-79.3956","6668"
"337","qc","EST","2023-06-02T00:03:00.000Z","2023-11-21T15:25:03.000Z","OUT","N","FUL","623.60","46.5953","-77.3606","6668"
"MWF-067-2023","ab","MST","2023-11-21T18:31:00.000Z","2023-11-21T11:45:00.000Z","OUT","H","FUL","0.01","56.605467","-111.380017","6668"
"PWF-150-2023","ab","MST","2023-11-20T23:27:00.000Z","2023-11-21T11:40:00.000Z","OUT","U","FUL","0.10","56.561467","-117.234383","6668"
"2023-V72662","bc","PDT","2023-08-09T20:57:00.000Z","2023-11-20T22:01:00.000Z","OUT","H","FUL","0.01","49.250616999999998","-124.865217","6668"
"2023-V72438","bc","PDT","2023-08-03T18:55:00.000Z","2023-11-20T22:01:00.000Z","OUT","H","FUL","0.01","49.476917","-124.912133","6668"
"2023-V83463","bc","PDT","2023-11-02T19:44:00.000Z","2023-11-20T22:01:00.000Z","BH","H","MON","50.00","50.422699999999999","-126.416267","6668"
"2023-V60581","bc","PDT","2023-06-03T08:55:00.000Z","2023-11-20T21:30:00.000Z","OUT","H","FUL","0.02","48.892783000000001","-123.42155","6668"
"654","qc","EST","2023-08-07T18:13:00.000Z","2023-11-20T20:43:44.000Z","OUT","N","MON","1.10","55.1042","-75.9764","6668"
"693","qc","EST","2023-09-28T13:00:00.000Z","2023-11-20T20:40:45.000Z","OUT","N","MON","1.00","52.7583","-76.9422","6668"
"525","qc","EST","2023-06-24T13:00:00.000Z","2023-11-20T20:37:39.000Z","OUT","N","MON","33.00","54.52","-77.4333","6668"
"526","qc","EST","2023-06-23T17:47:00.000Z","2023-11-20T20:28:42.000Z","OUT","N","MON","15955.90","54.4136","-72.6189","6668"
"540","qc","EST","2023-07-02T17:33:00.000Z","2023-11-20T20:23:07.000Z","OUT","N","MON","162.10","53.4428","-72.7169","6668"
"706","qc","EST","2023-10-06T05:00:00.000Z","2023-11-20T20:20:56.000Z","OUT","H","FUL","0.00","45.5414","-75.7756","6668"
"541","qc","EST","2023-07-03T00:25:00.000Z","2023-11-20T20:16:40.000Z","OUT","N","MON","389.80","56.9319","-67.5875","6668"
"542","qc","EST","2023-07-02T19:35:00.000Z","2023-11-20T20:06:21.000Z","OUT","N","MON","0.10","56.2761","-68.8617","6668"
"543","qc","EST","2023-07-01T20:15:00.000Z","2023-11-20T20:02:50.000Z","OUT","N","MON","1195.40","54.8167","-72.3636","6668"
"544","qc","EST","2023-07-02T18:35:00.000Z","2023-11-20T19:59:44.000Z","OUT","N","MON","0.10","56.1239","-68.8125","6668"
"545","qc","EST","2023-07-02T18:35:00.000Z","2023-11-20T19:56:27.000Z","OUT","N","MON","0.10","56.1975","-68.8892","6668"
"2023-V63017","bc","PDT","2023-08-29T02:22:00.000Z","2023-11-20T19:01:00.000Z","OUT","N","FUL","0.10","48.395466999999996","-123.80158299999999","6668"
"2023-V61123","bc","PDT","2023-07-04T19:14:00.000Z","2023-11-20T19:01:00.000Z","OUT","H","FUL","0.01","48.730117","-124.17525000000001","6668"
"2023-V63320","bc","PDT","2023-09-20T17:29:00.000Z","2023-11-20T19:01:00.000Z","OUT","H","FUL","0.01","48.665717000000001","-123.802716","6668"
"2023-R10185","bc","PDT","2023-05-03T22:23:00.000Z","2023-11-20T18:30:00.000Z","OUT","H","FUL","3.00","54.198766999999997","-125.807","6668"
"2023-R10344","bc","PDT","2023-05-16T23:48:00.000Z","2023-11-20T18:30:00.000Z","OUT","H","FUL","17.00","53.700266999999997","-125.742817","6668"
"548","qc","EST","2023-07-02T17:30:00.000Z","2023-11-20T17:52:19.000Z","OUT","N","MON","1063.80","56.8667","-66.1603","6668"
"549","qc","EST","2023-07-03T00:25:00.000Z","2023-11-20T17:48:42.000Z","OUT","N","MON","0.20","56.8139","-67.3725","6668"
"550","qc","EST","2023-07-03T02:54:00.000Z","2023-11-20T17:46:49.000Z","OUT","N","MON","19887.50","56.9","-67.0406","6668"
"551","qc","EST","2023-07-02T19:50:00.000Z","2023-11-20T17:42:46.000Z","OUT","N","MON","0.20","55.1939","-69.3097","6668"
"552","qc","EST","2023-07-02T20:02:00.000Z","2023-11-20T17:37:40.000Z","OUT","N","MON","890.90","54.1528","-70.1653","6668"
"700","qc","EST","2023-10-02T18:00:00.000Z","2023-11-20T16:54:26.000Z","OUT","H","FUL","0.40","46.0325","-75.8269","6668"
"553","qc","EST","2023-07-02T18:35:00.000Z","2023-11-20T16:44:55.000Z","OUT","N","MON","0.10","56.3783","-68.9053","6668"
"258","qc","EST","2023-06-01T19:00:00.000Z","2023-11-20T15:58:45.000Z","OUT","N","FUL","2.40","48.855","-76.0808","6668"
"264","qc","EST","2023-06-01T20:00:00.000Z","2023-11-20T15:54:49.000Z","OUT","N","FUL","30.00","48.7808","-76.1764","6668"
"296","qc","EST","2023-06-01T20:30:00.000Z","2023-11-20T15:53:12.000Z","OUT","N","FUL","500.00","49.2281","-76.5572","6668"
"488","qc","EST","2023-06-18T21:13:00.000Z","2023-11-20T13:38:31.000Z","OUT","N","MOD","48247.20","50.2325","-78.3942","6668"
"23SF-DITCH31","sk","CST","2023-07-12T14:02:11.000Z","2023-11-20T13:06:35.000Z","OUT","H","MOD","0.20","50.39669","-104.74618","6668"
"23SF-DITCH30","sk","CST","2023-09-03T15:19:59.000Z","2023-11-20T12:33:32.000Z","OUT","H","MOD","0.40","49.744692","-103.158819","6668"
"HWF-104-2023","ab","MST","2023-07-03T22:19:00.000Z","2023-11-20T09:25:00.000Z","UC","N","FUL","14250.00","59.955033","-116.247333","6668"
"HWF-079-2023","ab","MST","2023-06-25T22:04:00.000Z","2023-11-20T09:25:00.000Z","UC","N","FUL","42579.00","59.860083","-115.8038","6668"
"2023-R33451","bc","PDT","2023-10-21T18:57:00.000Z","2023-11-18T00:01:00.000Z","OUT","H","MOD","0.10","54.703867000000002","-126.784167","6668"
"2023-R11725","bc","PDT","2023-07-15T20:41:00.000Z","2023-11-18T00:01:00.000Z","OUT","H","MON","330.00","53.536499999999997","-126.63079999999999","6668"
"2023-V33258","bc","PDT","2023-09-15T15:20:00.000Z","2023-11-18T00:01:00.000Z","OUT","N","MON","300.00","50.595883000000001","-122.73441699999999","6668"
"2023-V32307","bc","PDT","2023-07-29T01:02:00.000Z","2023-11-18T00:01:00.000Z","OUT","N","MON","1.30","50.551349999999999","-122.779567","6668"
"2023-R23312","bc","PDT","2023-09-18T18:04:00.000Z","2023-11-17T23:01:00.000Z","OUT","H","MON","0.35","53.919249999999998","-126.74678299999999","6668"
"2023-V83098","bc","PDT","2023-09-01T02:17:00.000Z","2023-11-17T22:31:00.000Z","OUT","N","FUL","0.01","49.563000000000002","-125.613333","6668"
"2023-R21286","bc","PDT","2023-07-08T18:28:00.000Z","2023-11-17T22:01:00.000Z","OUT","H","MON","0.00","53.652732999999998","-126.824333","6668"
"2023-V73355","bc","PDT","2023-09-24T23:58:00.000Z","2023-11-17T21:31:00.000Z","OUT","H","MOD","0.01","49.257466999999998","-124.884783","6668"
"2023-R21630","bc","PDT","2023-07-13T02:54:00.000Z","2023-11-17T21:31:00.000Z","OUT","H","MON","220.00","54.115983","-126.92273299999999","6668"
"317","qc","EST","2023-06-01T19:00:00.000Z","2023-11-17T21:30:28.000Z","OUT","N","FUL","0.00","48.0469","-76.0389","6668"
"224","qc","EST","2023-06-01T17:01:00.000Z","2023-11-17T20:59:04.000Z","OUT","N","FUL","244.80","47.9753","-75.2783","6668"
"2023-V93005","bc","PDT","2023-08-28T23:49:00.000Z","2023-11-17T19:31:00.000Z","OUT","N","FUL","0.10","50.835749999999997","-126.609167","6668"
"2023-V73334","bc","PDT","2023-09-21T22:09:00.000Z","2023-11-17T19:01:00.000Z","OUT","H","FUL","0.01","49.225499999999997","-125.192367","6668"
"2023-R21621","bc","PDT","2023-07-13T01:54:00.000Z","2023-11-17T18:01:00.000Z","OUT","N","MON","0.10","55.113833","-125.953833","6668"
"2023-R21622","bc","PDT","2023-07-13T01:58:00.000Z","2023-11-17T18:01:00.000Z","OUT","N","MON","20.00","55.067332999999998","-125.877667","6668"
"2023-R11592","bc","PDT","2023-07-12T19:21:00.000Z","2023-11-17T18:01:00.000Z","OUT","H","MON","203.80","53.471367000000001","-125.20313299999999","6668"
"2023-R11289","bc","PDT","2023-07-08T19:47:00.000Z","2023-11-17T17:01:00.000Z","OUT","H","MON","0.01","53.298699999999997","-126.869533","6668"
"673","qc","EST","2023-09-06T00:00:00.000Z","2023-11-17T15:55:11.000Z","OUT","H","MON","0.20","50.1508","-78.3081","6668"
"682","qc","EST","2023-09-19T20:00:00.000Z","2023-11-17T15:47:35.000Z","OUT","H","FUL","0.00","46.2808","-74.2853","6668"
"451","qc","EST","2023-06-06T17:26:00.000Z","2023-11-17T15:47:30.000Z","OUT","N","FUL","802.20","49.7681","-73.3861","6668"
"689","qc","EST","2023-09-20T19:00:00.000Z","2023-11-17T15:43:24.000Z","OUT","N","MON","17325.90","50.5711","-79.305","6668"
"671","qc","EST","2023-09-04T15:00:00.000Z","2023-11-17T15:40:59.000Z","OUT","H","FUL","20.00","50.3703","-78.2178","6668"
"466","qc","EST","2023-06-10T16:00:00.000Z","2023-11-17T15:36:55.000Z","OUT","N","FUL","3.00","50.5272","-74.6653","6668"
"482","qc","EST","2023-06-15T19:25:00.000Z","2023-11-17T15:28:47.000Z","OUT","H","FUL","0.50","49.7897","-74.5431","6668"
"496","qc","EST","2023-06-01T17:00:00.000Z","2023-11-17T14:45:33.000Z","OUT","N","FUL","133.80","48.5811","-75.7872","6668"
"23SF-DITCH29","sk","CST","2023-10-16T14:52:01.000Z","2023-11-17T11:25:04.000Z","OUT","H","MOD","0.50","49.140861","-103.859908","6668"
"GWF-078-2023","ab","MST","2023-11-11T21:05:00.000Z","2023-11-17T11:11:00.000Z","OUT","H","FUL","0.20","55.193153","-117.367745","6668"
"2023-V31311","bc","PDT","2023-07-08T23:47:00.000Z","2023-11-17T00:31:00.000Z","OUT","N","FUL","0.01","49.611800000000002","-123.153983","6668"
"2023-K23468","bc","PDT","2023-11-14T19:31:00.000Z","2023-11-17T00:01:00.000Z","OUT","H","FUL","0.01","50.578417000000002","-120.464367","6668"
"2023-V13342","bc","PDT","2023-09-22T07:38:00.000Z","2023-11-16T23:31:00.000Z","OUT","H","FUL","0.01","49.379817000000003","-123.27575","6668"
"2023-V72045","bc","PDT","2023-07-22T01:28:00.000Z","2023-11-16T22:01:00.000Z","OUT","H","FUL","0.01","49.044617000000002","-123.88035000000001","6668"
"2023-K52650","bc","PDT","2023-08-09T01:04:00.000Z","2023-11-16T21:31:00.000Z","OUT","N","FUL","0.02","49.724299999999999","-120.098933","6668"
"2023OC017","yt","PDT","2023-07-30T16:55:00.000Z","2023-11-16T21:22:00.000Z","OUT","N","FUL","26479.00","68.0804","-138.43495","6668"
"2023OC016","yt","PDT","2023-07-30T16:54:00.000Z","2023-11-16T21:19:00.000Z","OUT","N","FUL","16116.00","67.95989","-138.61084","6668"
"2023OC026","yt","PDT","2023-07-30T23:30:00.000Z","2023-11-16T21:17:00.000Z","OUT","N","FUL","26367.00","67.77572","-139.06673","6668"
"2023OC011","yt","PDT","2023-07-30T16:42:00.000Z","2023-11-16T21:14:00.000Z","OUT","N","FUL","6773.00","67.78593","-140.39204","6668"
"2023-V72000","bc","PDT","2023-07-21T07:45:00.000Z","2023-11-16T20:31:00.000Z","OUT","H","FUL","0.01","49.121082999999999","-123.93315","6668"
"712","qc","EST","2023-11-16T20:15:00.000Z","2023-11-16T20:15:00.000Z","OUT","H","FUL","0.10","48.7797","-67.3525","6668"
"2023OC009","yt","PDT","2023-07-30T16:22:00.000Z","2023-11-16T20:12:00.000Z","OUT","N","FUL","768.00","67.53253","-139.67667","6668"
"2023OC012","yt","PDT","2023-07-30T16:46:00.000Z","2023-11-16T20:10:00.000Z","OUT","N","FUL","674.00","67.70826","-139.89993","6668"
"2023-V31647","bc","PDT","2023-07-13T05:18:00.000Z","2023-11-16T20:01:00.000Z","OUT","N","FUL","1.10","50.123399999999997","-122.509367","6668"
"370","qc","EST","2023-06-01T18:00:00.000Z","2023-11-16T19:51:12.000Z","OUT","N","FUL","2169.00","49.2317","-75.3114","6668"
"369","qc","EST","2023-06-01T19:30:00.000Z","2023-11-16T19:29:13.000Z","OUT","N","FUL","24917.10","49.1686","-75.6703","6668"
"293","qc","EST","2023-06-01T21:00:00.000Z","2023-11-16T19:22:46.000Z","OUT","N","FUL","5.00","50.0478","-73.6247","6668"
"243","qc","EST","2023-06-01T20:00:00.000Z","2023-11-16T19:14:53.000Z","OUT","N","FUL","140.00","49.3275","-72.42","6668"
"241","qc","EST","2023-06-01T20:00:00.000Z","2023-11-16T19:12:06.000Z","OUT","N","FUL","6.00","49.3417","-72.4058","6668"
"2023-V30620","bc","PDT","2023-06-05T01:22:00.000Z","2023-11-16T19:01:00.000Z","OUT","H","FUL","0.20","49.443849999999998","-123.238467","6668"
"313","qc","EST","2023-06-01T20:33:00.000Z","2023-11-16T18:54:32.000Z","OUT","N","FUL","0.10","48.9906","-79.3867","6668"
"567","qc","EST","2023-07-04T01:20:00.000Z","2023-11-16T18:50:19.000Z","OUT","H","FUL","0.00","48.4267","-77.2339","6668"
"449","qc","EST","2023-06-02T20:00:00.000Z","2023-11-16T18:45:37.000Z","OUT","N","FUL","9137.10","49.2592","-74.985","6668"
"481","qc","EST","2023-06-14T23:35:00.000Z","2023-11-16T18:29:16.000Z","OUT","N","FUL","673.40","49.0325","-75.3508","6668"
"667","qc","EST","2023-08-27T23:00:00.000Z","2023-11-16T18:22:30.000Z","OUT","H","FUL","0.10","45.7486","-76.765","6668"
"665","qc","EST","2023-08-18T23:00:00.000Z","2023-11-16T18:19:38.000Z","OUT","N","FUL","0.00","46.2878","-76.215","6668"
"2023-V71784","bc","PDT","2023-07-17T01:55:00.000Z","2023-11-16T18:01:00.000Z","OUT","H","FUL","0.99","49.237833000000002","-124.791633","6668"
"2023-V11198","bc","PDT","2023-07-07T22:54:00.000Z","2023-11-16T17:31:00.000Z","OUT","N","FUL","1.10","49.31143333","-121.41863333000001","6668"
"2023-K62315","bc","PDT","2023-07-29T21:49:00.000Z","2023-11-16T17:01:00.000Z","OUT","H","FUL","5.50","50.277900000000002","-120.45996667","6668"
"2023-V13306","bc","PDT","2023-09-18T00:06:00.000Z","2023-11-16T17:01:00.000Z","OUT","H","FUL","0.09","49.417400000000001","-122.5471","6668"
"256","qc","EST","2023-06-01T17:00:00.000Z","2023-11-16T16:24:40.000Z","OUT","N","FUL","5872.10","49.3014","-76.9186","6668"
"344","qc","EST","2023-06-01T17:00:00.000Z","2023-11-16T16:21:30.000Z","OUT","N","FUL","277701.90","49.1222","-76.7867","6668"
"314","qc","EST","2023-06-01T17:00:00.000Z","2023-11-16T16:19:20.000Z","OUT","N","FUL","101699.80","49.5558","-76.7642","6668"
"480","qc","EST","2023-06-10T22:30:00.000Z","2023-11-16T16:16:00.000Z","OUT","N","MON","36538.60","51.6803","-73.2594","6668"
"245","qc","EST","2023-06-01T18:45:00.000Z","2023-11-16T15:59:21.000Z","OUT","N","FUL","7427.20","48.4708","-76.8569","6668"
"297","qc","EST","2023-06-01T19:12:00.000Z","2023-11-16T15:57:04.000Z","OUT","N","FUL","16434.70","48.1811","-76.9086","6668"
"382","qc","EST","2023-06-01T23:41:00.000Z","2023-11-16T15:41:54.000Z","OUT","N","FUL","1830.40","48.2969","-76.1019","6668"
"438","qc","EST","2023-06-06T02:30:00.000Z","2023-11-16T14:06:48.000Z","OUT","N","FUL","1.70","49.7389","-74.3097","6668"
"607","qc","EST","2023-07-05T16:43:00.000Z","2023-11-16T12:53:43.000Z","OUT","N","MOD","2384.90","51.8936","-76.8686","6668"
"606","qc","EST","2023-07-05T15:44:00.000Z","2023-11-16T12:48:12.000Z","OUT","N","MOD","58400.00","51.2325","-78.1725","6668"
"138","qc","EST","2023-05-19T19:30:00.000Z","2023-11-16T12:35:57.000Z","OUT","H","FUL","0.30","46.4536","-76.0219","6668"
"2023-V13055","bc","PDT","2023-08-29T23:42:00.000Z","2023-11-15T23:01:00.000Z","OUT","N","FUL","0.01","49.474367000000001","-121.74853299999999","6668"
"2023-K40216","bc","PDT","2023-05-05T19:06:00.000Z","2023-11-15T22:31:00.000Z","OUT","H","FUL","11.00","50.840232999999998","-118.53706699999999","6668"
"288","qc","EST","2023-06-01T17:50:00.000Z","2023-11-15T21:25:18.000Z","OUT","N","FUL","0.00","47.615","-76.5919","6668"
"2023-K41831","bc","PDT","2023-07-18T01:16:00.000Z","2023-11-15T21:01:00.000Z","OUT","N","FUL","0.01","50.535404999999997","-119.212923","6668"
"272","qc","EST","2023-06-01T17:00:00.000Z","2023-11-15T20:56:25.000Z","OUT","N","FUL","16.80","47.6158","-75.7881","6668"
"214","qc","EST","2023-05-31T16:00:00.000Z","2023-11-15T20:08:22.000Z","OUT","H","FUL","0.00","48.7619","-64.4536","6668"
"2023-K52318","bc","PDT","2023-07-29T22:21:00.000Z","2023-11-15T19:31:00.000Z","OUT","H","FUL","7060.60","49.001049999999999","-119.50566600000001","6668"
"2023-V10500","bc","PDT","2023-05-25T22:04:00.000Z","2023-11-15T19:31:00.000Z","OUT","H","FUL","0.01","49.352899999999998","-123.339533","6668"
"281","qc","EST","2023-06-01T20:56:00.000Z","2023-11-15T18:43:49.000Z","OUT","N","FUL","10541.80","49.0622","-79.3578","6668"
"274","qc","EST","2023-06-01T19:38:00.000Z","2023-11-15T18:19:41.000Z","OUT","N","FUL","87689.40","49.5083","-75.2878","6668"
"2023-C50678","bc","PDT","2023-06-08T23:40:00.000Z","2023-11-15T18:01:00.000Z","OUT","H","FUL","0.10","52.120550000000001","-123.2388","6668"
"2023-C23225","bc","PDT","2023-09-11T02:47:00.000Z","2023-11-15T17:31:00.000Z","OUT","N","FUL","0.70","52.318716999999999","-121.902367","6668"
"2023-V30293","bc","PDT","2023-05-13T23:33:00.000Z","2023-11-15T17:31:00.000Z","OUT","H","FUL","38.00","50.061067000000001","-123.32965","6668"
"2023-V10304","bc","PDT","2023-05-14T17:53:00.000Z","2023-11-15T17:31:00.000Z","OUT","H","FUL","0.40","49.337466999999997","-122.888267","6668"
"339","qc","EST","2023-06-01T17:00:00.000Z","2023-11-15T17:04:15.000Z","OUT","N","FUL","1913.50","48.4889","-74.8294","6668"
"2023-C33439","bc","PDT","2023-10-23T17:07:00.000Z","2023-11-15T17:01:00.000Z","OUT","H","FUL","0.01","52.605583000000003","-121.4883","6668"
"519","qc","EST","2023-06-23T23:17:00.000Z","2023-11-15T15:32:24.000Z","OUT","N","FUL","1579.00","49.9167","-79.4","6668"
"169","qc","EST","2023-05-28T15:00:00.000Z","2023-11-15T15:20:18.000Z","OUT","H","FUL","3.10","48.6069","-71.0317","6668"
"394","qc","EST","2023-06-02T01:08:00.000Z","2023-11-15T15:20:15.000Z","OUT","N","FUL","73.70","46.2269","-76.4597","6668"
"694","qc","EST","2023-09-28T16:00:00.000Z","2023-11-15T15:06:27.000Z","OUT","H","FUL","0.00","47.995","-76.9744","6668"
"471","qc","EST","2023-06-01T19:15:00.000Z","2023-11-15T14:37:43.000Z","OUT","N","FUL","9.20","47.6022","-76.1561","6668"
"341","qc","EST","2023-06-01T23:00:00.000Z","2023-11-15T14:24:42.000Z","OUT","N","FUL","0.10","48.4897","-74.8353","6668"
"423","qc","EST","2023-06-02T23:00:00.000Z","2023-11-15T13:34:12.000Z","OUT","N","FUL","2.80","48.9383","-71.3344","6668"
"687","qc","EST","2023-09-22T22:00:00.000Z","2023-11-15T13:22:48.000Z","OUT","H","FUL","0.00","48.1464","-77.4475","6668"
"663","qc","EST","2023-08-10T18:10:00.000Z","2023-11-15T12:47:10.000Z","OUT","N","MON","300.00","51.0542","-79.1325","6668"
"SWF-138-2023","ab","MST","2023-10-04T23:05:00.000Z","2023-11-15T12:30:00.000Z","OUT","H","FUL","4.00","55.0234","-115.349233","6668"
"MWF-066-2023","ab","MST","2023-11-14T17:51:00.000Z","2023-11-15T10:33:00.000Z","OUT","H","FUL","0.01","56.370667","-111.4537","6668"
"2023-V33249","bc","PDT","2023-09-14T01:41:00.000Z","2023-11-15T00:01:00.000Z","OUT","N","MON","10.00","50.259283000000003","-123.6555","6668"
"2023-V51695","bc","PDT","2023-07-14T22:33:00.000Z","2023-11-14T23:31:00.000Z","OUT","N","MON","122.00","51.137582999999999","-124.994467","6668"
"2023-V52831","bc","PDT","2023-08-18T20:36:00.000Z","2023-11-14T23:31:00.000Z","OUT","N","MON","181.00","51.036417","-125.15011699999999","6668"
"2023-V51696","bc","PDT","2023-07-14T22:49:00.000Z","2023-11-14T23:31:00.000Z","OUT","N","MON","238.00","51.167883000000003","-125.017033","6668"
"2023-K20714","bc","PDT","2023-06-10T23:43:00.000Z","2023-11-14T23:01:00.000Z","OUT","N","FUL","0.01","50.771616000000002","-120.38249999999999","6668"
"2023-V52804","bc","PDT","2023-08-17T23:02:00.000Z","2023-11-14T23:01:00.000Z","OUT","N","MON","302.00","50.669283","-123.9888","6668"
"2023-V53027","bc","PDT","2023-08-29T16:46:00.000Z","2023-11-14T23:01:00.000Z","OUT","N","MOD","415.50","49.712249999999997","-123.5527","6668"
"2023-V53043","bc","PDT","2023-08-29T20:35:00.000Z","2023-11-14T23:01:00.000Z","OUT","N","FUL","2.50","49.871833000000002","-123.951617","6668"
"2023-V53071","bc","PDT","2023-08-30T18:41:00.000Z","2023-11-14T23:01:00.000Z","OUT","N","MON","2.00","50.491883000000001","-124.3295","6668"
"2023-V53075","bc","PDT","2023-08-30T21:52:00.000Z","2023-11-14T23:01:00.000Z","OUT","N","MON","262.00","50.532217000000003","-124.339617","6668"
"2023-V53097","bc","PDT","2023-09-01T01:17:00.000Z","2023-11-14T23:01:00.000Z","OUT","N","MON","162.00","49.941133000000001","-123.8013","6668"
"2023-V53186","bc","PDT","2023-09-08T01:31:00.000Z","2023-11-14T23:01:00.000Z","OUT","N","MON","0.50","49.822367","-123.812183","6668"
"2023-V31726","bc","PDT","2023-07-15T21:24:00.000Z","2023-11-14T22:31:00.000Z","OUT","N","MON","258.00","50.707799999999999","-123.315917","6668"
"2023-N12546","bc","PDT","2023-08-06T23:31:00.000Z","2023-11-14T21:31:00.000Z","OUT","N","MOD","2512.00","50.161700000000003","-114.99495","6668"
"2023-K53294","bc","PDT","2023-09-17T02:25:00.000Z","2023-11-14T21:01:00.000Z","OUT","H","FUL","1116.20","49.771033000000003","-119.9618","6668"
"664","qc","EST","2023-08-25T14:00:00.000Z","2023-11-14T19:58:11.000Z","OUT","H","FUL","0.00","49.1069","-79.3319","6668"
"646","qc","EST","2023-08-03T18:37:00.000Z","2023-11-14T19:14:56.000Z","OUT","N","FUL","0.00","46.8558","-79.2042","6668"
"642","qc","EST","2023-07-30T21:30:00.000Z","2023-11-14T19:01:54.000Z","OUT","H","FUL","0.10","48.2072","-77.7108","6668"
"637","qc","EST","2023-07-22T00:45:00.000Z","2023-11-14T18:43:48.000Z","OUT","H","FUL","0.00","48.3158","-77.8383","6668"
"2023-G11943","bc","PDT","2023-07-20T22:56:00.000Z","2023-11-14T18:31:00.000Z","OUT","N","MOD","13.60","53.657283","-121.06999999999999","6668"
"690","qc","EST","2023-09-26T18:00:00.000Z","2023-11-14T18:16:41.000Z","OUT","H","FUL","2.60","45.9781","-74.1344","6668"
"2023-G73467","bc","PDT","2023-11-10T17:20:00.000Z","2023-11-14T18:01:00.000Z","UC","H","MON","0.20","55.494050000000001","-120.982083","6668"
"2023-G11532","bc","PDT","2023-07-11T06:44:00.000Z","2023-11-14T17:31:00.000Z","OUT","N","FUL","1100.00","54.961382999999998","-122.6221","6668"
"2023-G12002","bc","PDT","2023-07-21T17:45:00.000Z","2023-11-14T17:31:00.000Z","OUT","N","MON","351.70","54.60895","-121.795233","6668"
"2023-G73347","bc","PDT","2023-09-22T22:59:00.000Z","2023-11-14T17:31:00.000Z","UC","N","FUL","15.00","55.733266999999998","-122.26145","6668"
"2023-G73301","bc","PDT","2023-09-17T18:09:00.000Z","2023-11-14T17:31:00.000Z","UC","N","MON","1.00","56.054250000000003","-122.32245","6668"
"2023-G73192","bc","PDT","2023-09-08T20:11:00.000Z","2023-11-14T17:31:00.000Z","UC","N","MON","17.00","55.409717000000001","-121.18508300000001","6668"
"2023-G11293","bc","PDT","2023-07-08T20:50:00.000Z","2023-11-14T17:31:00.000Z","OUT","N","FUL","2420.00","53.481499999999997","-123.847167","6668"
"2023-G73406","bc","PDT","2023-10-09T00:04:00.000Z","2023-11-14T17:31:00.000Z","UC","N","FUL","1246.00","55.631917000000001","-121.427567","6668"
"499","qc","EST","2023-06-22T04:00:00.000Z","2023-11-14T17:30:28.000Z","OUT","H","FUL","0.10","46.2825","-74.7122","6668"
"360","qc","EST","2023-05-31T22:00:00.000Z","2023-11-14T17:13:26.000Z","OUT","N","FUL","229.50","47.4275","-75.9203","6668"
"538","qc","EST","2023-07-01T22:30:00.000Z","2023-11-14T15:31:47.000Z","OUT","N","FUL","0.00","47.4439","-79.4828","6668"
"537","qc","EST","2023-07-01T22:30:00.000Z","2023-11-14T15:31:11.000Z","OUT","N","FUL","0.10","47.3442","-79.3136","6668"
"532","qc","EST","2023-06-30T20:40:00.000Z","2023-11-14T15:28:30.000Z","OUT","H","FUL","0.00","47.2592","-79.4103","6668"
"509","qc","EST","2023-06-23T17:05:00.000Z","2023-11-14T15:27:44.000Z","OUT","H","FUL","0.90","48.6758","-78.2406","6668"
"507","qc","EST","2023-06-22T21:30:00.000Z","2023-11-14T15:14:22.000Z","OUT","H","FUL","0.10","48.3594","-78.8842","6668"
"505","qc","EST","2023-06-22T20:55:00.000Z","2023-11-14T15:13:50.000Z","OUT","H","FUL","0.00","48.4708","-78.1986","6668"
"497","qc","EST","2023-06-22T18:00:00.000Z","2023-11-14T15:12:32.000Z","OUT","H","FUL","0.80","48.0011","-77.9289","6668"
"402","qc","EST","2023-06-01T19:54:00.000Z","2023-11-14T15:07:03.000Z","OUT","N","FUL","8000.00","48.7511","-76.4647","6668"
"325","qc","EST","2023-06-02T01:00:00.000Z","2023-11-14T15:06:44.000Z","OUT","N","FUL","0.40","49.3711","-77.0447","6668"
"62702","nb","AST","2023-11-14T12:41:02.000Z","2023-11-14T14:02:00.000Z","OUT","U","FUL","0.60","45.58923","-66.83333","6668"
"EWF-087-2023","ab","MST","2023-11-10T16:30:00.000Z","2023-11-14T11:00:00.000Z","OUT","H","FUL","0.01","53.628617","-116.580583","6668"
"404","qc","EST","2023-06-01T17:00:00.000Z","2023-11-13T23:12:32.000Z","OUT","N","FUL","164.80","47.2269","-74.8572","6668"
"2023-K41194","bc","PDT","2023-07-07T22:05:00.000Z","2023-11-13T21:31:00.000Z","OUT","N","FUL","4.20","50.411749999999998","-119.30096666999999","6668"
"680","qc","EST","2023-09-08T00:35:00.000Z","2023-11-13T20:30:41.000Z","OUT","N","FUL","0.00","46.0369","-75.8417","6668"
"679","qc","EST","2023-09-12T23:00:00.000Z","2023-11-13T20:04:00.000Z","OUT","H","FUL","0.00","46.1339","-74.1617","6668"
"379","qc","EST","2023-06-02T15:00:00.000Z","2023-11-13T15:02:35.000Z","OUT","N","FUL","55623.10","50.1667","-73.4733","6668"
"CWF-087-2023","ab","MST","2023-11-11T20:11:00.000Z","2023-11-12T11:10:00.000Z","OUT","U","FUL","0.01","49.877883","-114.3238","6668"
"23SF-DITCH28","sk","CST","2023-11-11T15:32:42.000Z","2023-11-11T16:00:00.000Z","OUT","H","MOD","0.10","50.425917","-107.173717","6668"
"HWF-172-2023","ab","MST","2023-11-11T19:37:00.000Z","2023-11-11T12:50:00.000Z","OUT","H","FUL","0.01","58.035233","-116.3554","6668"
"2023-R41594","bc","PDT","2023-07-12T19:35:00.000Z","2023-11-11T00:01:00.000Z","OUT","N","MON","0.00","54.979467","-127.842533","6668"
"2023-R41400","bc","PDT","2023-07-09T21:26:00.000Z","2023-11-10T23:31:00.000Z","OUT","N","MON","0.01","56.0214","-127.95780000000001","6668"
"2023-R41567","bc","PDT","2023-07-11T23:30:00.000Z","2023-11-10T23:31:00.000Z","OUT","N","FUL","0.50","55.068416999999997","-128.304","6668"
"2023-R41394","bc","PDT","2023-07-09T20:38:00.000Z","2023-11-10T23:31:00.000Z","OUT","N","FUL","0.01","55.188232999999997","-127.8211","6668"
"2023-V83080","bc","PDT","2023-08-30T23:44:00.000Z","2023-11-10T20:31:00.000Z","OUT","N","MON","8.18","49.938966999999998","-125.7452","6668"
"2023-V82535","bc","PDT","2023-08-06T21:58:00.000Z","2023-11-10T20:31:00.000Z","OUT","N","MON","0.01","49.731966999999997","-125.68686700000001","6668"
"2023-V82531","bc","PDT","2023-08-06T21:52:00.000Z","2023-11-10T20:31:00.000Z","OUT","N","MON","0.01","49.734383000000001","-125.680617","6668"
"2023-V82558","bc","PDT","2023-08-07T01:16:00.000Z","2023-11-10T20:31:00.000Z","OUT","N","MON","2320.00","49.764082999999999","-125.7","6668"
"2023-VA2327","bc","PDT","2023-07-30T03:57:00.000Z","2023-11-10T20:31:00.000Z","OUT","N","MON","1.00","51.494332999999997","-126.6335","6668"
"2023-V80527","bc","PDT","2023-05-29T21:34:00.000Z","2023-11-10T20:31:00.000Z","OUT","H","FUL","230.00","50.370866999999997","-126.04365","6668"
"2023-VA1306","bc","PDT","2023-07-08T21:25:00.000Z","2023-11-10T20:31:00.000Z","OUT","N","MON","115.00","52.327182999999998","-126.081633","6668"
"2023-VA1335","bc","PDT","2023-07-09T01:38:00.000Z","2023-11-10T20:31:00.000Z","OUT","N","MOD","2337.60","52.819049999999997","-126.649383","6668"
"2023-V82603","bc","PDT","2023-08-07T05:55:00.000Z","2023-11-10T20:31:00.000Z","OUT","N","MON","30.00","50.195549999999997","-126.258233","6668"
"2023-VA2015","bc","PDT","2023-07-21T21:31:00.000Z","2023-11-10T20:31:00.000Z","OUT","N","MON","17.50","52.903033000000001","-126.78791699999999","6668"
"2023-VA2625","bc","PDT","2023-08-08T03:48:00.000Z","2023-11-10T20:31:00.000Z","OUT","N","MON","2.16","52.284382999999998","-126.421283","6668"
"2023-VA1381","bc","PDT","2023-07-09T16:37:00.000Z","2023-11-10T20:31:00.000Z","OUT","N","MON","40580.00","53.042499999999997","-126.33085","6668"
"2023-VA1456","bc","PDT","2023-07-10T02:12:00.000Z","2023-11-10T20:31:00.000Z","OUT","N","MON","4616.40","52.284416999999998","-125.729367","6668"
"2023-VA1462","bc","PDT","2023-07-10T03:20:00.000Z","2023-11-10T20:31:00.000Z","OUT","N","MON","1708.00","52.061549999999997","-125.739783","6668"
"2023-VA1638","bc","PDT","2023-07-13T04:06:00.000Z","2023-11-10T20:31:00.000Z","OUT","N","MON","3555.00","52.702199999999998","-126.498617","6668"
"2023-VA1735","bc","PDT","2023-07-15T23:43:00.000Z","2023-11-10T20:31:00.000Z","OUT","N","MON","3360.00","52.512050000000002","-125.905717","6668"
"2023-V81802","bc","PDT","2023-07-17T19:15:00.000Z","2023-11-10T20:31:00.000Z","OUT","N","MON","90.00","50.489617000000003","-125.383667","6668"
"2023-V81938","bc","PDT","2023-07-20T21:46:00.000Z","2023-11-10T20:31:00.000Z","OUT","N","MON","121.87","49.608632999999998","-126.111667","6668"
"2023-VA2752","bc","PDT","2023-08-14T23:45:00.000Z","2023-11-10T20:31:00.000Z","OUT","N","MON","330.00","52.821249999999999","-126.19753300000001","6668"
"2023-VA2756","bc","PDT","2023-08-15T01:29:00.000Z","2023-11-10T20:31:00.000Z","OUT","N","MON","0.01","52.360717000000001","-126.1357","6668"
"2023-V82787","bc","PDT","2023-08-17T15:17:00.000Z","2023-11-10T20:31:00.000Z","OUT","H","MON","425.00","49.591932999999997","-126.27735","6668"
"2023-VA2884","bc","PDT","2023-08-21T17:45:00.000Z","2023-11-10T20:31:00.000Z","OUT","N","MON","900.00","52.291567000000001","-126.06446699999999","6668"
"2023-V82990","bc","PDT","2023-08-28T17:53:00.000Z","2023-11-10T20:31:00.000Z","OUT","N","MON","80.00","49.942782999999999","-125.765867","6668"
"2023-V82991","bc","PDT","2023-08-28T18:10:00.000Z","2023-11-10T20:31:00.000Z","OUT","N","MON","18.29","49.871167","-125.788783","6668"
"2023-V82993","bc","PDT","2023-08-28T18:29:00.000Z","2023-11-10T20:31:00.000Z","OUT","N","MON","14.00","49.835867","-125.756967","6668"
"2023-V82994","bc","PDT","2023-08-28T18:47:00.000Z","2023-11-10T20:31:00.000Z","OUT","N","MON","0.50","49.815249999999999","-125.76083300000001","6668"
"2023-V83037","bc","PDT","2023-08-29T19:58:00.000Z","2023-11-10T20:31:00.000Z","OUT","N","MON","53.20","50.598050000000001","-126.04155","6668"
"2023-V83039","bc","PDT","2023-08-29T20:06:00.000Z","2023-11-10T20:31:00.000Z","OUT","N","MON","1.20","50.611567000000001","-126.11255","6668"
"2023-V93051","bc","PDT","2023-08-29T22:25:00.000Z","2023-11-10T20:31:00.000Z","OUT","N","MON","0.90","50.710116999999997","-126.1887","6668"
"2023-V83063","bc","PDT","2023-08-30T01:50:00.000Z","2023-11-10T20:31:00.000Z","OUT","N","FUL","0.75","49.715583000000002","-125.919583","6668"
"2023-V83078","bc","PDT","2023-08-30T23:21:00.000Z","2023-11-10T20:31:00.000Z","OUT","N","MOD","167.40","50.143383","-126.137467","6668"
"2023-VA3107","bc","PDT","2023-09-01T21:02:00.000Z","2023-11-10T20:31:00.000Z","OUT","N","MON","48.10","52.926749999999998","-127.176917","6668"
"2023-V83111","bc","PDT","2023-09-01T22:04:00.000Z","2023-11-10T20:31:00.000Z","OUT","N","MON","7.00","49.552300000000002","-125.648217","6668"
"2023-V83127","bc","PDT","2023-09-02T20:40:00.000Z","2023-11-10T20:31:00.000Z","OUT","N","MON","0.50","49.617083000000001","-125.60678299999999","6668"
"2023-V83128","bc","PDT","2023-09-02T20:41:00.000Z","2023-11-10T20:31:00.000Z","OUT","N","MON","1217.10","49.507599999999996","-125.5733","6668"
"2023-V83149","bc","PDT","2023-09-03T04:39:00.000Z","2023-11-10T20:31:00.000Z","OUT","N","MON","0.01","50.636000000000003","-126.079367","6668"
"2023-V83246","bc","PDT","2023-09-13T22:51:00.000Z","2023-11-10T20:31:00.000Z","OUT","N","MON","0.01","49.732582999999998","-125.80249999999999","6668"
"2023-R20264","bc","PDT","2023-05-11T02:10:00.000Z","2023-11-10T18:01:00.000Z","OUT","H","FUL","1.10","54.797333000000002","-126.13466699999999","6668"
"2023-R11546","bc","PDT","2023-07-11T19:11:00.000Z","2023-11-10T18:01:00.000Z","UC","N","FUL","138.00","54.160117","-126.100183","6668"
"2023-K52125","bc","PDT","2023-07-22T22:53:00.000Z","2023-11-10T17:01:00.000Z","OUT","N","FUL","46504.20","49.172583000000003","-120.060717","6668"
"355","qc","EST","2023-06-01T22:00:00.000Z","2023-11-10T16:43:25.000Z","OUT","H","MOD","52.90","53.0083","-78.8156","6668"
"578","qc","EST","2023-07-05T17:01:00.000Z","2023-11-10T16:34:09.000Z","OUT","N","MON","4132.80","51.1294","-77.0175","6668"
"473","qc","EST","2023-06-10T18:18:00.000Z","2023-11-10T16:27:36.000Z","OUT","N","FUL","27602.40","50.5739","-75.0111","6668"
"586","qc","EST","2023-07-05T20:45:00.000Z","2023-11-10T16:06:25.000Z","OUT","N","MOD","4720.70","51.9231","-77.7808","6668"
"588","qc","EST","2023-07-05T20:09:00.000Z","2023-11-10T16:05:01.000Z","OUT","N","MON","32074.10","53.3478","-76.9061","6668"
"589","qc","EST","2023-07-05T22:37:00.000Z","2023-11-10T16:03:52.000Z","OUT","N","MON","1143.30","53.2592","-76.9775","6668"
"596","qc","EST","2023-07-06T23:56:00.000Z","2023-11-10T15:58:13.000Z","OUT","H","FUL","0.10","45.4978","-76.0269","6668"
"611","qc","EST","2023-07-05T05:43:00.000Z","2023-11-10T15:53:17.000Z","OUT","N","MON","610.40","55.6811","-74.9025","6668"
"616","qc","EST","2023-07-09T23:04:00.000Z","2023-11-10T15:51:02.000Z","OUT","H","FUL","0.10","49.8711","-76.9358","6668"
"618","qc","EST","2023-07-08T03:59:00.000Z","2023-11-10T15:46:09.000Z","OUT","N","MON","11006.50","56.9725","-67.3606","6668"
"619","qc","EST","2023-07-05T20:36:00.000Z","2023-11-10T15:45:12.000Z","OUT","N","MON","1529.60","54.2244","-77.3661","6668"
"621","qc","EST","2023-07-05T21:19:00.000Z","2023-11-10T15:42:14.000Z","OUT","N","MON","1513.50","52.6203","-77.0033","6668"
"634","qc","EST","2023-07-17T21:18:00.000Z","2023-11-10T15:39:18.000Z","OUT","N","FUL","0.10","50.0181","-79.0653","6668"
"656","qc","EST","2023-08-06T03:00:00.000Z","2023-11-10T15:33:37.000Z","OUT","H","FUL","0.00","48.1058","-77.7728","6668"
"659","qc","EST","2023-08-17T20:00:00.000Z","2023-11-10T15:27:02.000Z","OUT","H","FUL","0.00","48.3086","-79.0267","6668"
"660","qc","EST","2023-08-17T20:00:00.000Z","2023-11-10T14:39:42.000Z","OUT","H","FUL","0.00","46.6042","-74.8447","6668"
"661","qc","EST","2023-08-22T22:30:00.000Z","2023-11-10T14:36:42.000Z","OUT","H","FUL","0.00","45.6483","-76.1961","6668"
"676","qc","EST","2023-09-05T05:00:00.000Z","2023-11-10T14:22:30.000Z","OUT","N","FUL","0.00","47.9644","-77.0175","6668"
"704","qc","EST","2023-10-05T18:00:00.000Z","2023-11-10T14:04:01.000Z","OUT","H","FUL","0.20","47.8139","-74.8267","6668"
"236","qc","EST","2023-06-01T18:45:00.000Z","2023-11-10T13:35:24.000Z","OUT","N","FUL","6613.80","49.3775","-72.0669","6668"
"HWF-171-2023","ab","MST","2023-11-10T20:29:00.000Z","2023-11-10T13:29:00.000Z","UC","H","FUL","0.50","59.1246","-118.321567","6668"
"479","qc","EST","2023-06-12T08:00:00.000Z","2023-11-10T13:19:14.000Z","OUT","N","MON","27742.90","52.5225","-70.4006","6668"
"2023-R51704","bc","PDT","2023-07-15T01:37:00.000Z","2023-11-09T23:01:00.000Z","OUT","N","MON","0.01","53.847917000000002","-128.67378299999999","6668"
"2023-R51251","bc","PDT","2023-07-08T03:07:00.000Z","2023-11-09T23:01:00.000Z","OUT","N","MON","0.10","53.807333","-128.94999999999999","6668"
"2023-R51253","bc","PDT","2023-07-08T04:57:00.000Z","2023-11-09T23:01:00.000Z","OUT","N","MON","0.01","53.811582999999999","-128.95291700000001","6668"
"2023-R51345","bc","PDT","2023-07-09T02:17:00.000Z","2023-11-09T23:01:00.000Z","OUT","N","MON","0.01","54.950000000000003","-129.230617","6668"
"2023-R51656","bc","PDT","2023-07-13T04:51:00.000Z","2023-11-09T23:01:00.000Z","OUT","N","MON","20.00","53.770088000000001","-128.337828","6668"
"2023-R52208","bc","PDT","2023-07-23T23:15:00.000Z","2023-11-09T22:31:00.000Z","OUT","N","MON","0.01","56.202782999999997","-129.38149999999999","6668"
"2023-R51657","bc","PDT","2023-07-13T20:51:00.000Z","2023-11-09T22:31:00.000Z","OUT","N","MON","6.00","54.854349999999997","-129.09555","6668"
"2023-R52946","bc","PDT","2023-08-25T22:13:00.000Z","2023-11-09T22:01:00.000Z","OUT","H","FUL","0.01","54.563949999999998","-127.735416","6668"
"2023-K52767","bc","PDT","2023-08-16T02:00:00.000Z","2023-11-09T22:01:00.000Z","OUT","H","FUL","13970.40","49.908116999999997","-119.63283300000001","6668"
"2023-R52483","bc","PDT","2023-08-05T17:33:00.000Z","2023-11-09T22:01:00.000Z","OUT","N","MON","0.01","54.240499999999997","-128.17933300000001","6668"
"2023-K52813","bc","PDT","2023-08-18T14:05:00.000Z","2023-11-09T21:01:00.000Z","OUT","H","FUL","2043.80","49.301417000000001","-119.70908300000001","6668"
"2023-G82494","bc","PDT","2023-08-05T23:11:00.000Z","2023-11-09T21:01:00.000Z","OUT","N","MON","180.00","58.444049999999997","-121.05466699999999","6668"
"467","qc","EST","2023-06-11T18:00:00.000Z","2023-11-09T20:19:26.000Z","OUT","N","FUL","68621.90","50.7289","-76.2622","6668"
"417","qc","EST","2023-06-01T20:00:00.000Z","2023-11-09T20:11:21.000Z","OUT","N","FUL","1.30","47.6483","-72.6414","6668"
"431","qc","EST","2023-06-01T22:00:00.000Z","2023-11-09T20:01:24.000Z","OUT","N","FUL","77.10","49.0792","-75.0025","6668"
"601","qc","EST","2023-07-07T19:00:00.000Z","2023-11-09T19:47:37.000Z","OUT","N","MOD","155279.10","53.0433","-77.1397","6668"
"345","qc","EST","2023-06-01T19:08:00.000Z","2023-11-09T18:57:29.000Z","OUT","N","FUL","10.00","49.1014","-76.7131","6668"
"576","qc","EST","2023-07-05T00:30:00.000Z","2023-11-09T18:51:02.000Z","OUT","H","FUL","0.00","48.2353","-79.0403","6668"
"2023-K20791","bc","PDT","2023-06-15T16:54:00.000Z","2023-11-09T18:01:00.000Z","OUT","H","FUL","0.01","50.665233000000001","-119.86238299999999","6668"
"2023-V33341","bc","PDT","2023-09-22T04:38:00.000Z","2023-11-09T17:31:00.000Z","OUT","H","FUL","1.15","49.939782999999998","-122.386967","6668"
"280","qc","EST","2023-06-01T21:28:00.000Z","2023-11-09T16:56:46.000Z","OUT","N","FUL","1.60","49.0036","-79.4328","6668"
"568","qc","EST","2023-07-04T16:00:00.000Z","2023-11-09T16:54:25.000Z","OUT","H","FUL","0.50","48.3058","-77.9594","6668"
"514","qc","EST","2023-06-11T14:12:00.000Z","2023-11-09T16:10:08.000Z","OUT","N","FUL","0.00","49.3658","-74.9711","6668"
"2023-G93461","bc","PDT","2023-10-30T20:00:00.000Z","2023-11-09T16:01:00.000Z","OUT","H","FUL","0.20","58.807667000000002","-122.575833","6668"
"614","qc","EST","2023-07-05T13:59:00.000Z","2023-11-09T14:02:35.000Z","OUT","N","MOD","9.90","53.105","-77.8372","6668"
"492","qc","EST","2023-06-13T18:00:00.000Z","2023-11-09T13:49:35.000Z","OUT","N","MON","32137.20","51.1867","-74.0806","6668"
"581","qc","EST","2023-07-05T13:38:00.000Z","2023-11-09T13:26:03.000Z","OUT","N","MON","232.10","52.7619","-78.4436","6668"
"393","qc","EST","2023-06-02T00:30:00.000Z","2023-11-09T13:07:30.000Z","OUT","N","FUL","423.70","48.0522","-74.0336","6668"
"LWF-158-2023","ab","MST","2023-06-22T16:42:00.000Z","2023-11-09T09:00:00.000Z","OUT","H","FUL","0.01","55.924567","-110.6912","6668"
"LWF-148-2023","ab","MST","2023-06-07T22:19:00.000Z","2023-11-09T09:00:00.000Z","OUT","N","FUL","2317.00","55.935333","-111.104617","6668"
"LWF-138-2023","ab","MST","2023-05-29T21:53:00.000Z","2023-11-09T09:00:00.000Z","OUT","N","FUL","4800.00","55.628167","-110.361883","6668"
"LWF-084-2023","ab","MST","2023-05-04T03:35:00.000Z","2023-11-09T09:00:00.000Z","OUT","H","FUL","153.00","54.622383","-111.8293","6668"
"2023-G32885","bc","PDT","2023-08-21T17:25:00.000Z","2023-11-09T00:01:00.000Z","OUT","N","MOD","3.52","52.135533000000002","-119.206","6668"
"2023-VA1167","bc","PDT","2023-07-07T01:53:00.000Z","2023-11-08T23:01:00.000Z","OUT","N","FUL","100.00","52.826883000000002","-125.77158300000001","6668"
"2023-G33333","bc","PDT","2023-09-21T21:11:00.000Z","2023-11-08T22:31:00.000Z","OUT","N","FUL","0.01","52.741500000000002","-119.240583","6668"
"2023-C50101","bc","PDT","2023-04-27T22:49:00.000Z","2023-11-08T21:31:00.000Z","OUT","H","MOD","21.49","51.919133000000002","-123.12731700000001","6668"
"2023-C43435","bc","PDT","2023-10-22T00:59:00.000Z","2023-11-08T21:31:00.000Z","OUT","H","MOD","1.64","52.074416999999997","-121.334383","6668"
"2023-C43433","bc","PDT","2023-10-21T19:49:00.000Z","2023-11-08T21:31:00.000Z","OUT","H","MOD","0.27","52.080866999999998","-121.31653300000001","6668"
"2023-V93356","bc","PDT","2023-09-25T00:17:00.000Z","2023-11-08T21:01:00.000Z","OUT","N","MOD","0.01","50.648099999999999","-126.92440000000001","6668"
"2023-V93228","bc","PDT","2023-09-11T21:43:00.000Z","2023-11-08T21:01:00.000Z","OUT","N","FUL","0.01","50.823082999999997","-126.712283","6668"
"2023-K20710","bc","PDT","2023-06-10T19:01:00.000Z","2023-11-08T21:01:00.000Z","OUT","N","MON","0.01","51.982900000000001","-119.10901699999999","6668"
"711","qc","EST","2023-11-04T15:00:00.000Z","2023-11-08T20:01:24.000Z","OUT","H","FUL","0.00","46.3186","-73.8828","6668"
"2023-V92832","bc","PDT","2023-08-18T20:31:00.000Z","2023-11-08T20:01:00.000Z","OUT","H","MOD","0.01","50.582433000000002","-127.12994999999999","6668"
"367","qc","EST","2023-06-01T19:30:00.000Z","2023-11-08T19:32:36.000Z","OUT","N","FUL","4678.60","50.6536","-74.1511","6668"
"486","qc","EST","2023-06-16T21:30:00.000Z","2023-11-08T19:32:07.000Z","OUT","H","FUL","0.10","48.0942","-77.7661","6668"
"463","qc","EST","2023-06-09T21:00:00.000Z","2023-11-08T19:06:19.000Z","OUT","H","FUL","0.00","48.2353","-79.0403","6668"
"448","qc","EST","2023-06-07T00:00:00.000Z","2023-11-08T18:45:24.000Z","OUT","H","FUL","0.20","48.5961","-78.9864","6668"
"2023-V83234","bc","PDT","2023-09-11T22:43:00.000Z","2023-11-08T18:31:00.000Z","OUT","H","FUL","0.01","49.714967000000001","-126.57126700000001","6668"
"2023-V90513","bc","PDT","2023-05-28T02:45:00.000Z","2023-11-08T18:31:00.000Z","OUT","H","FUL","0.01","50.5578","-127.03945","6668"
"579","qc","EST","2023-07-05T11:26:00.000Z","2023-11-08T18:11:40.000Z","OUT","N","MON","5445.40","52.6014","-76.1744","6668"
"447","qc","EST","2023-06-07T00:00:00.000Z","2023-11-08T18:11:18.000Z","OUT","H","FUL","0.50","48.5397","-79.0372","6668"
"2023-V83168","bc","PDT","2023-09-06T01:38:00.000Z","2023-11-08T18:01:00.000Z","OUT","N","FUL","0.01","49.932966999999998","-126.01133299999999","6668"
"2023-V80993","bc","PDT","2023-06-29T16:04:00.000Z","2023-11-08T18:01:00.000Z","OUT","H","FUL","0.01","49.627450000000003","-125.09438299999999","6668"
"2023-V81273","bc","PDT","2023-07-08T07:33:00.000Z","2023-11-08T17:31:00.000Z","OUT","H","FUL","0.01","50.070416999999999","-125.63291700000001","6668"
"2023-V80523","bc","PDT","2023-05-29T01:41:00.000Z","2023-11-08T17:31:00.000Z","OUT","H","FUL","0.01","49.793233000000001","-126.334183","6668"
"2023-V80536","bc","PDT","2023-05-30T20:54:00.000Z","2023-11-08T17:31:00.000Z","OUT","H","FUL","0.01","49.897660999999999","-125.383602","6668"
"2023-V80574","bc","PDT","2023-06-03T02:03:00.000Z","2023-11-08T17:01:00.000Z","OUT","H","FUL","1.25","50.460700000000003","-125.35758300000001","6668"
"636","qc","EST","2023-07-17T20:50:00.000Z","2023-11-08T16:57:47.000Z","OUT","N","MON","0.00","52.4708","-77.7369","6668"
"681","qc","EST","2023-09-03T17:00:00.000Z","2023-11-08T16:24:18.000Z","OUT","H","FUL","0.00","50.0897","-75.5778","6668"
"450","qc","EST","2023-06-02T01:00:00.000Z","2023-11-08T15:44:43.000Z","OUT","N","FUL","20475.70","50.6519","-73.1058","6668"
"135","qc","EST","2023-05-18T23:10:00.000Z","2023-11-08T15:25:08.000Z","OUT","H","FUL","0.00","48.0906","-77.8792","6668"
"539","qc","EST","2023-07-02T17:00:00.000Z","2023-11-08T15:16:44.000Z","OUT","N","FUL","8.40","48.4925","-75.6328","6668"
"376","qc","EST","2023-06-02T12:34:00.000Z","2023-11-08T14:15:17.000Z","OUT","N","FUL","29790.20","48.9044","-75.8253","6668"
"29","qc","EST","2023-05-06T20:00:00.000Z","2023-11-08T13:17:21.000Z","OUT","H","FUL","16.80","48.0353","-66.6747","6668"
"EWF-086-2023","ab","MST","2023-11-06T23:36:00.000Z","2023-11-08T10:05:00.000Z","OUT","H","FUL","0.05","53.627817","-116.028333","6668"
"688","qc","EST","2023-09-24T17:00:00.000Z","2023-11-07T23:52:15.000Z","OUT","H","FUL","0.00","45.5361","-75.9925","6668"
"696","qc","EST","2023-09-30T20:00:00.000Z","2023-11-07T23:37:36.000Z","OUT","H","FUL","0.10","46.7869","-76.4128","6668"
"2023-N52784","bc","PDT","2023-08-16T01:20:00.000Z","2023-11-07T23:31:00.000Z","OUT","N","MOD","14.00","48.998583000000004","-117.211983","6668"
"2023-N10251","bc","PDT","2023-05-08T23:35:00.000Z","2023-11-07T23:31:00.000Z","OUT","N","FUL","0.01","49.419832999999997","-115.635333","6668"
"701","qc","EST","2023-10-04T19:25:00.000Z","2023-11-07T23:24:01.000Z","OUT","H","FUL","0.00","49.0522","-79.3894","6668"
"702","qc","EST","2023-10-04T21:00:00.000Z","2023-11-07T23:18:02.000Z","OUT","H","FUL","0.60","46.2961","-76.2253","6668"
"703","qc","EST","2023-10-01T21:00:00.000Z","2023-11-07T23:13:24.000Z","OUT","N","FUL","0.30","45.9717","-75.7881","6668"
"2023-VA1291","bc","PDT","2023-07-08T20:11:00.000Z","2023-11-07T22:31:00.000Z","OUT","N","MON","5.02","52.290782999999998","-127.071533","6668"
"2023-V80326","bc","PDT","2023-05-15T21:03:00.000Z","2023-11-07T22:31:00.000Z","OUT","H","FUL","3.84","50.446432999999999","-126.202033","6668"
"2023-C52978","bc","PDT","2023-08-27T21:21:00.000Z","2023-11-07T22:01:00.000Z","UC","N","FUL","16842.00","51.581049999999998","-125.08241700000001","6668"
"2023-C23455","bc","PDT","2023-10-28T20:02:00.000Z","2023-11-07T21:31:00.000Z","UC","H","FUL","0.04","52.043967000000002","-121.7008","6668"
"2023-C23459","bc","PDT","2023-10-30T18:53:00.000Z","2023-11-07T21:31:00.000Z","UC","H","FUL","5.99","52.039417","-121.6935","6668"
"2023-C23452","bc","PDT","2023-10-27T23:22:00.000Z","2023-11-07T21:01:00.000Z","UC","H","FUL","2.13","52.043500000000002","-121.70180000000001","6668"
"357","qc","EST","2023-06-01T21:00:00.000Z","2023-11-07T20:23:14.000Z","OUT","N","MON","212431.90","52.8964","-73.4064","6668"
"440","qc","EST","2023-06-06T18:50:00.000Z","2023-11-07T20:02:54.000Z","OUT","H","FUL","0.30","48.41","-77.9297","6668"
"2023-V13376","bc","PDT","2023-09-30T02:10:00.000Z","2023-11-07T20:01:00.000Z","OUT","N","MOD","0.00","49.374066999999997","-122.454183","6668"
"2023-V10331","bc","PDT","2023-05-16T01:31:00.000Z","2023-11-07T19:31:00.000Z","OUT","H","FUL","1.00","49.086182999999998","-121.67829999999999","6668"
"2023-K20560","bc","PDT","2023-06-01T19:44:00.000Z","2023-11-07T19:31:00.000Z","OUT","H","FUL","0.01","50.619250000000001","-120.44995","6668"
"312","qc","EST","2023-06-01T20:00:00.000Z","2023-11-07T19:23:48.000Z","OUT","N","FUL","20391.80","49.0308","-76.5067","6668"
"429","qc","EST","2023-06-05T01:00:00.000Z","2023-11-07T18:52:44.000Z","OUT","H","FUL","3.20","48.7547","-78.0683","6668"
"311","qc","EST","2023-06-01T19:00:00.000Z","2023-11-07T18:23:52.000Z","OUT","N","FUL","0.00","48.8122","-76.2692","6668"
"2023-VA1507","bc","PDT","2023-07-10T22:59:00.000Z","2023-11-07T18:01:00.000Z","OUT","N","FUL","1.81","52.452750000000002","-126.00005","6668"
"2023-V93289","bc","PDT","2023-09-16T19:30:00.000Z","2023-11-07T18:01:00.000Z","UC","N","MON","433.00","51.734732999999999","-125.814217","6668"
"309","qc","EST","2023-06-01T20:00:00.000Z","2023-11-07T17:48:21.000Z","OUT","N","FUL","1136.30","48.7808","-76.2869","6668"
"232","qc","EST","2023-06-01T18:25:00.000Z","2023-11-07T16:33:07.000Z","OUT","N","FUL","1096.80","49.3694","-72.0669","6668"
"418","qc","EST","2023-06-01T22:31:00.000Z","2023-11-07T16:29:27.000Z","OUT","N","FUL","1658.40","48.5694","-76.3225","6668"
"2023-R23388","bc","PDT","2023-10-02T19:25:00.000Z","2023-11-07T15:31:00.000Z","OUT","H","FUL","0.01","54.885950000000001","-126.21596700000001","6668"
"2023-R51241","bc","PDT","2023-07-08T03:41:00.000Z","2023-11-07T15:31:00.000Z","OUT","N","MON","10.00","54.974167000000001","-128.78295","6668"
"2023-C51981","bc","PDT","2023-07-21T04:37:00.000Z","2023-11-07T15:31:00.000Z","OUT","N","FUL","1400.00","52.200449999999996","-123.48045","6668"
"2023-C51974","bc","PDT","2023-07-21T03:39:00.000Z","2023-11-07T15:31:00.000Z","OUT","N","FUL","1306.00","52.061216999999999","-123.491467","6668"
"705","qc","EST","2023-10-05T17:40:00.000Z","2023-11-07T14:56:13.000Z","OUT","H","FUL","0.00","46.3033","-73.5653","6668"
"699","qc","EST","2023-10-03T16:30:00.000Z","2023-11-07T14:52:01.000Z","OUT","H","FUL","0.00","47.1211","-73.7383","6668"
"395","qc","EST","2023-06-03T17:00:00.000Z","2023-11-07T14:47:44.000Z","OUT","H","FUL","0.10","48.2478","-78.305","6668"
"698","qc","EST","2023-09-30T20:30:00.000Z","2023-11-07T14:45:26.000Z","OUT","H","FUL","0.10","46.3542","-73.6564","6668"
"377","qc","EST","2023-06-01T22:51:00.000Z","2023-11-07T14:40:46.000Z","OUT","N","FUL","5.20","47.5925","-77.9694","6668"
"686","qc","EST","2023-09-22T17:00:00.000Z","2023-11-07T14:40:02.000Z","OUT","H","FUL","0.60","49.0497","-74.6678","6668"
"684","qc","EST","2023-09-20T20:00:00.000Z","2023-11-07T14:31:55.000Z","OUT","H","FUL","0.00","50.1167","-73.6022","6668"
"683","qc","EST","2023-09-20T13:00:00.000Z","2023-11-07T14:13:44.000Z","OUT","H","FUL","0.10","46.6617","-73.4228","6668"
"364","qc","EST","2023-06-03T00:00:00.000Z","2023-11-07T13:41:11.000Z","OUT","H","FUL","0.40","49.7442","-77.7639","6668"
"347","qc","EST","2023-06-02T00:45:00.000Z","2023-11-07T13:18:53.000Z","OUT","N","FUL","2.30","48.7261","-79.175","6668"
"LWF-189-2023","ab","MST","2023-11-04T18:15:00.000Z","2023-11-07T12:55:00.000Z","OUT","H","FUL","0.10","55.972282","-111.986474","6668"
"2023-R31584","bc","PDT","2023-07-12T05:58:00.000Z","2023-11-06T23:01:00.000Z","OUT","N","MON","0.01","55.266767000000002","-126.730583","6668"
"2023-R41683","bc","PDT","2023-07-14T16:37:00.000Z","2023-11-06T23:01:00.000Z","OUT","N","FUL","0.01","55.146949999999997","-127.851033","6668"
"2023-K42454","bc","PDT","2023-08-04T06:38:00.000Z","2023-11-06T22:01:00.000Z","OUT","H","FUL","1.00","50.512799999999999","-118.9957","6668"
"2023-R41732","bc","PDT","2023-07-15T22:47:00.000Z","2023-11-06T22:01:00.000Z","OUT","N","FUL","2.40","55.586782999999997","-127.28765","6668"
"2023-V13081","bc","PDT","2023-08-31T00:20:00.000Z","2023-11-06T21:31:00.000Z","OUT","N","MOD","0.90","49.518166999999998","-122.02721699999999","6668"
"2023-G33441","bc","PDT","2023-10-24T19:46:00.000Z","2023-11-06T21:31:00.000Z","OUT","H","MON","0.20","53.746400000000001","-120.3972","6668"
"2023-V10105","bc","PDT","2023-04-28T01:39:00.000Z","2023-11-06T21:01:00.000Z","OUT","H","FUL","0.01","49.998167000000002","-121.5258","6668"
"2023-V83012","bc","PDT","2023-08-29T00:40:00.000Z","2023-11-06T20:31:00.000Z","OUT","N","FUL","0.01","50.245967","-126.06908300000001","6668"
"353","qc","EST","2023-06-01T19:30:00.000Z","2023-11-06T20:13:53.000Z","OUT","N","FUL","14178.70","49.8558","-70.0192","6668"
"2023-V82667","bc","PDT","2023-08-10T02:14:00.000Z","2023-11-06T20:01:00.000Z","OUT","H","FUL","0.01","49.762717000000002","-126.037783","6668"
"2023-V12482","bc","PDT","2023-08-05T17:20:00.000Z","2023-11-06T19:31:00.000Z","OUT","H","FUL","0.01","49.532449999999997","-121.420783","6668"
"2023-V13297","bc","PDT","2023-09-17T15:14:00.000Z","2023-11-06T19:31:00.000Z","OUT","H","FUL","0.19","49.336782999999997","-121.32123300000001","6668"
"2023-V63402","bc","PDT","2023-10-07T23:01:00.000Z","2023-11-06T19:31:00.000Z","OUT","H","FUL","0.01","48.948300000000003","-123.82038300000001","6668"
"334","qc","EST","2023-06-02T00:15:00.000Z","2023-11-06T19:03:52.000Z","OUT","N","FUL","140452.70","50.4528","-74.1314","6668"
"2023-V10618","bc","PDT","2023-06-05T00:46:00.000Z","2023-11-06T19:01:00.000Z","OUT","H","FUL","767.00","49.353282999999998","-122.02203299999999","6668"
"2023-V53405","bc","PDT","2023-10-08T16:32:00.000Z","2023-11-06T19:01:00.000Z","OUT","H","FUL","1.50","49.996333","-124.75926699999999","6668"
"301","qc","EST","2023-06-01T23:00:00.000Z","2023-11-06T18:42:38.000Z","OUT","N","FUL","1.00","48.8417","-72.265","6668"
"282","qc","EST","2023-06-01T22:00:00.000Z","2023-11-06T18:33:41.000Z","OUT","N","FUL","0.10","47.4092","-72.5794","6668"
"2023-V80868","bc","PDT","2023-06-24T19:22:00.000Z","2023-11-06T18:31:00.000Z","OUT","H","FUL","0.90","50.293683000000001","-125.93601700000001","6668"
"2023-V10926","bc","PDT","2023-06-26T20:53:00.000Z","2023-11-06T18:01:00.000Z","OUT","H","FUL","0.40","49.365532999999999","-123.273467","6668"
"2023-V13296","bc","PDT","2023-09-17T11:39:00.000Z","2023-11-06T18:01:00.000Z","OUT","H","FUL","0.01","49.085650000000001","-121.950333","6668"
"653","qc","EST","2023-08-10T22:00:00.000Z","2023-11-06T17:57:55.000Z","OUT","N","MOD","0.00","52.0056","-77.2428","6668"
"650","qc","EST","2023-08-07T13:00:00.000Z","2023-11-06T17:43:01.000Z","OUT","N","MON","0.00","52.5639","-75.9364","6668"
"648","qc","EST","2023-08-04T21:00:00.000Z","2023-11-06T17:39:39.000Z","OUT","H","FUL","0.00","46.0281","-74.2294","6668"
"2023-V33030","bc","PDT","2023-08-29T17:59:00.000Z","2023-11-06T17:31:00.000Z","OUT","N","FUL","0.01","50.062800000000003","-122.92775","6668"
"MWF-064-2023","ab","MST","2023-11-05T22:16:00.000Z","2023-11-06T15:53:00.000Z","OUT","H","FUL","0.01","57.074533","-111.904033","6668"
"299","qc","EST","2023-06-01T19:00:00.000Z","2023-11-06T15:37:46.000Z","OUT","N","FUL","5995.80","49.2889","-72.4139","6668"
"MWF-065-2023","ab","MST","2023-11-05T22:36:00.000Z","2023-11-06T15:13:00.000Z","OUT","H","FUL","0.01","57.089483","-111.904367","6668"
"62682","nb","AST","2023-11-07T09:31:29.000Z","2023-11-06T14:00:00.000Z","OUT","U","FUL","0.10","45.7986","-66.47377","6668"
"630","qc","EST","2023-07-09T22:31:00.000Z","2023-11-06T12:58:42.000Z","OUT","N","MON","0.10","57.0906","-67.1236","6668"
"MWF-063-2023","ab","MST","2023-11-05T22:06:00.000Z","2023-11-06T11:50:00.000Z","OUT","H","FUL","0.01","57.074233","-111.911083","6668"
"626","qc","EST","2023-07-06T03:00:00.000Z","2023-11-05T21:00:30.000Z","OUT","N","MOD","1301.20","51.5406","-76.8922","6668"
"622","qc","EST","2023-07-05T22:33:00.000Z","2023-11-05T20:55:54.000Z","OUT","N","MON","448.50","53.1411","-76.8372","6668"
"623","qc","EST","2023-07-05T22:14:00.000Z","2023-11-05T20:54:46.000Z","OUT","N","MON","0.10","53.0019","-76.7306","6668"
"617","qc","EST","2023-07-08T03:59:00.000Z","2023-11-05T20:49:29.000Z","OUT","N","MON","0.10","56.8478","-67.4228","6668"
"EWF-085-2023","ab","MST","2023-11-05T00:30:00.000Z","2023-11-05T15:49:00.000Z","OUT","U","FUL","0.01","53.66565","-116.09565","6668"
"2023-G50863","bc","PDT","2023-06-24T05:16:00.000Z","2023-11-03T21:01:00.000Z","OUT","N","FUL","0.70","55.808","-125.5765","6668"
"2023-G50902","bc","PDT","2023-06-25T18:21:00.000Z","2023-11-03T20:01:00.000Z","OUT","N","FUL","450.00","55.774332999999999","-126.12133300000001","6668"
"2023-G50871","bc","PDT","2023-06-24T21:02:00.000Z","2023-11-03T20:01:00.000Z","OUT","N","FUL","3.00","55.273783000000002","-124.843283","6668"
"2023-C23454","bc","PDT","2023-10-28T19:50:00.000Z","2023-11-03T19:01:00.000Z","UC","H","FUL","1.91","52.042749999999998","-121.69928299999999","6668"
"2023-C23453","bc","PDT","2023-10-28T01:14:00.000Z","2023-11-03T19:01:00.000Z","UC","H","FUL","19.60","51.597700000000003","-122.264133","6668"
"342","qc","EST","2023-06-02T02:02:00.000Z","2023-11-03T18:59:42.000Z","OUT","N","FUL","0.00","48.5961","-78.2053","6668"
"315","qc","EST","2023-06-01T19:18:00.000Z","2023-11-03T18:48:06.000Z","OUT","N","FUL","3.50","48.8006","-77.2322","6668"
"2023-R31580","bc","PDT","2023-07-12T02:35:00.000Z","2023-11-03T18:30:00.000Z","OUT","N","MON","0.01","55.034666999999999","-126.947667","6668"
"307","qc","EST","2023-06-01T17:00:00.000Z","2023-11-03T18:21:35.000Z","OUT","N","FUL","0.00","49.4644","-76.1086","6668"
"709","qc","EST","2023-10-12T02:00:00.000Z","2023-11-03T18:18:31.000Z","OUT","H","FUL","0.00","49.0853","-66.6897","6668"
"304","qc","EST","2023-06-01T22:04:00.000Z","2023-11-03T18:00:49.000Z","OUT","N","FUL","5456.30","48.6636","-76.2119","6668"
"2023-C23464","bc","PDT","2023-11-02T23:22:00.000Z","2023-11-03T17:30:00.000Z","OUT","H","FUL","0.80","52.180250000000001","-121.77509999999999","6668"
"289","qc","EST","2023-06-01T19:59:00.000Z","2023-11-03T17:19:43.000Z","OUT","N","FUL","18.80","49.4267","-76.5142","6668"
"2023-R31512","bc","PDT","2023-07-11T00:33:00.000Z","2023-11-03T17:01:00.000Z","UC","N","MOD","556.13","55.010382999999997","-127.44755000000001","6668"
"268","qc","EST","2023-06-01T17:29:00.000Z","2023-11-03T14:46:07.000Z","OUT","N","FUL","11357.80","48.5128","-76.0481","6668"
"251","qc","EST","2023-06-01T19:12:00.000Z","2023-11-03T13:47:36.000Z","OUT","N","FUL","37.10","48.8069","-77.3006","6668"
"2023-V70600","bc","PDT","2023-06-04T07:53:00.000Z","2023-11-03T00:01:00.000Z","OUT","H","FUL","229.00","49.283349999999999","-124.614717","6668"
"2023-R11816","bc","PDT","2023-07-17T23:12:00.000Z","2023-11-02T23:01:00.000Z","OUT","N","MON","0.00","53.664867000000001","-125.20829999999999","6668"
"2023-R11525","bc","PDT","2023-07-11T03:28:00.000Z","2023-11-02T22:30:00.000Z","OUT","N","FUL","0.01","54.257750000000001","-126.257183","6668"
"2023-R11451","bc","PDT","2023-07-10T02:25:00.000Z","2023-11-02T22:01:00.000Z","OUT","N","MON","0.01","54.021833000000001","-125.516167","6668"
"406","qc","EST","2023-06-03T22:00:00.000Z","2023-11-02T20:35:09.000Z","OUT","H","FUL","0.50","48.9331","-79.0533","6668"
"710","qc","EST","2023-10-19T12:45:00.000Z","2023-11-02T20:25:10.000Z","OUT","H","FUL","0.00","48.3497","-67.215","6668"
"266","qc","EST","2023-06-01T19:00:00.000Z","2023-11-02T20:02:44.000Z","OUT","N","FUL","63.20","48.8167","-76.2747","6668"
"2023-R10507","bc","PDT","2023-05-27T21:47:00.000Z","2023-11-02T20:01:00.000Z","OUT","N","FUL","82.00","53.941949999999999","-126.0732","6668"
"2023-R51712","bc","PDT","2023-07-15T03:02:00.000Z","2023-11-02T20:01:00.000Z","UC","H","FUL","770.00","53.089750000000002","-127.50749999999999","6668"
"2023-R10501","bc","PDT","2023-05-25T22:52:00.000Z","2023-11-02T20:01:00.000Z","OUT","N","FUL","13.50","53.945532999999998","-126.0765","6668"
"218","qc","EST","2023-05-27T19:43:00.000Z","2023-11-02T20:00:57.000Z","OUT","N","MOD","1080519.20","53.0506","-75.3258","6668"
"219","qc","EST","2023-05-27T19:45:00.000Z","2023-11-02T19:39:04.000Z","OUT","N","MON","1381.50","53.1667","-75.2675","6668"
"2023-R33079","bc","PDT","2023-08-30T23:23:00.000Z","2023-11-02T19:01:00.000Z","OUT","N","FUL","2.35","55.606566999999998","-126.82615","6668"
"292","qc","EST","2023-06-01T19:00:00.000Z","2023-11-02T18:26:36.000Z","OUT","N","FUL","23280.40","49.2108","-76.3439","6668"
"692","qc","EST","2023-09-27T21:00:00.000Z","2023-11-02T18:16:55.000Z","OUT","H","FUL","0.00","48.5056","-69.2844","6668"
"2023-R32881","bc","PDT","2023-08-21T15:42:00.000Z","2023-11-02T18:01:00.000Z","OUT","N","MON","0.01","55.111632999999998","-127.47886699999999","6668"
"2023-R51772","bc","PDT","2023-07-16T22:15:00.000Z","2023-11-02T18:01:00.000Z","OUT","N","FUL","5.95","55.893749999999997","-129.00278333","6668"
"2023-R21623","bc","PDT","2023-07-13T02:12:00.000Z","2023-11-02T17:30:00.000Z","OUT","N","FUL","0.30","54.606999999999999","-126.49641699999999","6668"
"411","qc","EST","2023-06-01T18:00:00.000Z","2023-11-02T16:42:48.000Z","OUT","N","FUL","355.90","49.2772","-71.8114","6668"
"2023-R21518","bc","PDT","2023-07-11T02:23:00.000Z","2023-11-02T16:30:00.000Z","OUT","N","FUL","0.50","54.398583000000002","-126.485533","6668"
"390","qc","EST","2023-06-01T20:55:00.000Z","2023-11-02T16:14:58.000Z","OUT","N","FUL","11.90","46.8739","-74.6022","6668"
"373","qc","EST","2023-06-01T11:34:00.000Z","2023-11-02T16:13:15.000Z","OUT","N","FUL","19524.50","48.8433","-75.1025","6668"
"262","qc","EST","2023-06-01T19:00:00.000Z","2023-11-02T15:03:03.000Z","OUT","N","FUL","2847.00","48.815","-76.0342","6668"
"PWF-134-2023","ab","MST","2023-09-09T23:50:00.000Z","2023-11-02T14:12:00.000Z","OUT","H","FUL","0.12","56.519683","-119.369","6668"
"PWF-091-2023","ab","MST","2023-07-08T21:51:00.000Z","2023-11-02T14:11:00.000Z","OUT","N","FUL","179.10","56.716787","-118.503098","6668"
"PWF-034-2023","ab","MST","2023-05-05T19:33:00.000Z","2023-11-02T14:10:00.000Z","OUT","H","FUL","587.00","56.545183","-119.4788","6668"
"PWF-121-2023","ab","MST","2023-07-23T21:28:00.000Z","2023-11-02T14:09:00.000Z","OUT","N","FUL","15.80","57.252012","-117.095152","6668"
"PWF-120-2023","ab","MST","2023-07-23T20:55:00.000Z","2023-11-02T14:08:00.000Z","OUT","N","FUL","200.00","57.23575","-116.358767","6668"
"PWF-103-2023","ab","MST","2023-07-17T01:41:00.000Z","2023-11-02T14:08:00.000Z","OUT","N","FUL","96.40","57.026","-118.363","6668"
"278","qc","EST","2023-06-01T19:00:00.000Z","2023-11-02T13:43:06.000Z","OUT","N","FUL","0.10","48.7689","-76.0056","6668"
"248","qc","EST","2023-06-01T17:00:00.000Z","2023-11-02T11:54:00.000Z","OUT","N","FUL","7503.00","47.9144","-75.7328","6668"
"247","qc","EST","2023-06-01T18:10:00.000Z","2023-11-02T11:03:23.000Z","OUT","N","FUL","2.00","47.5289","-76.5356","6668"
"246","qc","EST","2023-06-01T19:20:00.000Z","2023-11-02T10:51:59.000Z","OUT","N","FUL","0.00","47.4367","-75.1042","6668"
"226","qc","EST","2023-06-01T17:00:00.000Z","2023-11-02T10:19:55.000Z","OUT","N","FUL","1732.30","47.9914","-75.0175","6668"
"225","qc","EST","2023-06-01T17:00:00.000Z","2023-11-02T10:10:09.000Z","OUT","N","FUL","8459.70","48.0569","-75.2647","6668"
"EWF-084-2023","ab","MST","2023-10-21T19:15:00.000Z","2023-11-02T09:40:00.000Z","OUT","H","FUL","0.10","53.989333","-119.1345","6668"
"PWF-090-2023","ab","MST","2023-07-06T22:41:00.000Z","2023-11-02T04:07:00.000Z","OUT","N","FUL","49.40","57.021652","-116.250443","6668"
"2023-K20046","bc","PDT","2023-04-16T03:45:00.000Z","2023-11-02T01:01:00.000Z","OUT","H","MON","2.00","50.8489","-120.95693300000001","6668"
"2023-K40377","bc","PDT","2023-05-19T01:57:00.000Z","2023-11-01T19:30:00.000Z","OUT","N","FUL","0.01","50.273966999999999","-118.989583","6668"
"2023-K40665","bc","PDT","2023-06-07T23:24:00.000Z","2023-11-01T19:30:00.000Z","OUT","N","MON","25.00","51.440066999999999","-118.639933","6668"
"2023-K42187","bc","PDT","2023-07-23T16:27:00.000Z","2023-11-01T19:30:00.000Z","OUT","N","FUL","0.01","50.178193","-119.402979","6668"
"2023-R91162","bc","PDT","2023-07-07T00:33:00.000Z","2023-11-01T19:30:00.000Z","UC","N","MOD","60064.12","59.642099999999999","-129.59375","6668"
"303","qc","EST","2023-06-01T23:00:00.000Z","2023-11-01T19:16:47.000Z","OUT","N","FUL","0.10","49.4178","-71.2586","6668"
"2023-G80913","bc","PDT","2023-06-26T01:49:00.000Z","2023-11-01T19:01:00.000Z","OUT","H","MON","12.00","56.168033000000001","-121.765333","6668"
"THU_FIRE_051","on","GMT","2023-10-04T14:27:00.000Z","2023-11-01T18:40:00.000Z","OUT","N","FUL","20.00","48.9344","-89.2959","6668"
"2023-C43456","bc","PDT","2023-10-29T23:46:00.000Z","2023-11-01T18:30:00.000Z","OUT","H","FUL","0.50","51.402082999999998","-121.7535","6668"
"2023-K50004","bc","PDT","2023-04-04T22:12:00.000Z","2023-11-01T18:01:00.000Z","OUT","H","FUL","0.50","49.456617000000001","-119.608333","6668"
"133","qc","EST","2023-05-18T20:00:00.000Z","2023-11-01T16:18:35.000Z","OUT","H","FUL","0.20","45.9072","-75.0969","6668"
"244","qc","EST","2023-06-01T20:08:00.000Z","2023-11-01T15:36:39.000Z","OUT","N","FUL","4.10","48.3839","-76.6317","6668"
"168","qc","EST","2023-05-28T15:00:00.000Z","2023-11-01T14:54:31.000Z","OUT","H","FUL","0.10","48.4108","-71.5197","6668"
"163","qc","EST","2023-05-27T19:30:00.000Z","2023-11-01T14:40:30.000Z","OUT","H","FUL","26.80","49.7342","-74.5375","6668"
"237","qc","EST","2023-06-01T19:52:00.000Z","2023-11-01T14:37:46.000Z","OUT","N","FUL","27496.60","48.6086","-76.6356","6668"
"SWF-116-2023","ab","MST","2023-07-08T00:05:00.000Z","2023-11-01T09:30:00.000Z","UC","N","FUL","10670.00","57.1762","-113.801217","6668"
"SWF-081-2023","ab","MST","2023-05-14T18:37:00.000Z","2023-11-01T09:30:00.000Z","UC","N","FUL","33138.00","56.990917","-113.459433","6668"
"2023GL1","pc","PDT","2023-07-10T06:23:31.000Z","2023-11-01T08:00:00.000Z","OUT","N","MOD","1956.00","51.2619","-117.3568","6668"
"2023-G61138","bc","PDT","2023-07-05T16:38:00.000Z","2023-11-01T00:31:00.000Z","OUT","N","FUL","5.21","57.297833330000003","-125.75579999999999","6668"
"2023-G62271","bc","PDT","2023-07-26T03:28:00.000Z","2023-11-01T00:31:00.000Z","OUT","N","MOD","23.00","56.69415","-126.315","6668"
"2023-G61718","bc","PDT","2023-07-15T05:19:00.000Z","2023-11-01T00:31:00.000Z","OUT","N","MOD","5.62","56.830783330000003","-126.3926","6668"
"2023-G61714","bc","PDT","2023-07-15T03:42:00.000Z","2023-11-01T00:31:00.000Z","OUT","N","FUL","23.00","56.79688333","-125.10751667","6668"
"2023-G80164","bc","PDT","2023-05-02T03:29:00.000Z","2023-11-01T00:01:00.000Z","OUT","H","FUL","4.00","56.512483330000002","-121.96428333","6668"
"2023-G10471","bc","PDT","2023-05-21T21:33:00.000Z","2023-11-01T00:01:00.000Z","OUT","H","FUL","0.01","53.809317","-122.49208299999999","6668"
"HWF-002-2023","ab","MST","2023-03-30T20:05:00.000Z","2023-11-01T00:00:00.000Z","OUT","H","FUL","0.10","58.522083","-115.166883","6668"
"2023-G80641","bc","PDT","2023-06-06T00:32:00.000Z","2023-10-31T23:31:00.000Z","OUT","N","FUL","3.60","56.602117","-121.56999999999999","6668"
"2023-R30248","bc","PDT","2023-05-08T19:11:00.000Z","2023-10-31T23:31:00.000Z","OUT","H","MON","0.01","54.646833000000001","-126.92871700000001","6668"
"2023-G60917","bc","PDT","2023-06-26T03:17:00.000Z","2023-10-31T22:31:00.000Z","OUT","N","FUL","2.60","55.448583329999998","-124.624","6668"
"2023-G92028","bc","PDT","2023-07-21T23:00:00.000Z","2023-10-31T21:01:00.000Z","OUT","N","MOD","0.00","58.485216999999999","-120.19825","6668"
"2023-G92027","bc","PDT","2023-07-21T22:57:00.000Z","2023-10-31T21:01:00.000Z","OUT","N","MOD","0.00","58.503017","-120.119783","6668"
"23DN-HWY0301","sk","CST","2023-10-31T19:16:13.000Z","2023-10-31T20:58:35.000Z","OUT","H","MOD","0.10","53.511767","-109.889517","6668"
"235","qc","EST","2023-06-01T19:40:00.000Z","2023-10-31T20:33:21.000Z","OUT","N","FUL","10.90","49.3883","-77.0656","6668"
"2023-G91932","bc","PDT","2023-07-20T20:47:00.000Z","2023-10-31T20:31:00.000Z","OUT","H","MON","0.00","58.594999999999999","-120.004","6668"
"2023-G80274","bc","PDT","2023-05-12T20:43:00.000Z","2023-10-31T20:01:00.000Z","OUT","N","MON","0.00","57.82","-121.315","6668"
"2023-G80287","bc","PDT","2023-05-13T20:03:00.000Z","2023-10-31T20:01:00.000Z","OUT","N","MON","0.00","57.610700000000001","-121.74458300000001","6668"
"2023-N23290","bc","PDT","2023-09-16T20:42:00.000Z","2023-10-31T19:31:00.000Z","OUT","N","MON","7.69","50.165332999999997","-115.39366699999999","6668"
"2023-R31228","bc","PDT","2023-07-08T02:14:00.000Z","2023-10-31T19:31:00.000Z","OUT","N","FUL","34.00","54.698332999999998","-127.163533","6668"
"234","qc","EST","2023-06-01T19:06:00.000Z","2023-10-31T19:17:08.000Z","OUT","N","FUL","0.10","49.425","-77.1989","6668"
"2023-G51475","bc","PDT","2023-07-10T05:31:00.000Z","2023-10-31T19:01:00.000Z","OUT","N","FUL","0.00","54.750166999999998","-125.180667","6668"
"2023-G41189","bc","PDT","2023-07-07T20:21:00.000Z","2023-10-31T19:01:00.000Z","OUT","N","MOD","0.00","53.004578000000002","-125.366895","6668"
"2023-G41165","bc","PDT","2023-07-07T01:32:00.000Z","2023-10-31T19:01:00.000Z","OUT","N","MON","0.00","52.9437","-125.759083","6668"
"231","qc","EST","2023-05-31T01:00:00.000Z","2023-10-31T18:54:40.000Z","OUT","N","FUL","0.30","49.5506","-75.9097","6668"
"222","qc","EST","2023-06-01T03:35:00.000Z","2023-10-31T18:48:09.000Z","OUT","N","FUL","71465.50","49.0603","-76.1283","6668"
"2023-K42975","bc","PDT","2023-08-27T18:54:00.000Z","2023-10-31T18:31:00.000Z","OUT","N","MON","0.01","51.378132999999998","-118.773167","6668"
"2023-G51578","bc","PDT","2023-07-12T02:24:00.000Z","2023-10-31T18:31:00.000Z","OUT","N","MOD","0.00","55.778750000000002","-125.68525","6668"
"2023-G32320","bc","PDT","2023-07-29T23:44:00.000Z","2023-10-31T18:31:00.000Z","OUT","N","MON","90.00","52.422032999999999","-119.47541699999999","6668"
"2023-K42116","bc","PDT","2023-07-22T20:30:00.000Z","2023-10-31T18:31:00.000Z","OUT","N","FUL","0.01","51.059533000000002","-118.559483","6668"
"456","qc","EST","2023-06-06T22:00:00.000Z","2023-10-31T18:23:18.000Z","OUT","N","FUL","0.00","45.6867","-75.6844","6668"
"233","qc","EST","2023-06-01T19:30:00.000Z","2023-10-31T18:16:40.000Z","OUT","N","FUL","4933.70","49.4347","-77.2211","6668"
"2023-K41849","bc","PDT","2023-07-18T03:38:00.000Z","2023-10-31T17:31:00.000Z","OUT","N","MON","0.01","51.070549999999997","-118.580583","6668"
"2023-K40365","bc","PDT","2023-05-18T20:50:00.000Z","2023-10-31T17:31:00.000Z","OUT","H","FUL","0.01","50.312399999999997","-119.212833","6668"
"2023-G73425","bc","PDT","2023-10-15T17:22:00.000Z","2023-10-31T17:31:00.000Z","OUT","N","MON","2.00","54.746949999999998","-120.78016700000001","6668"
"2023-G32134","bc","PDT","2023-07-23T00:28:00.000Z","2023-10-31T17:31:00.000Z","OUT","N","MON","75.00","53.028832999999999","-119.89964999999999","6668"
"WWF-055-2023","ab","MST","2023-09-25T18:05:00.000Z","2023-10-31T15:40:00.000Z","OUT","H","FUL","0.50","54.38545","-116.247467","6668"
"NO115","mb","CDT","2023-08-05T05:00:00.000Z","2023-10-31T15:09:00.000Z","OUT","N","MON","239.20","52.98472","-95.13056","6668"
"NO123","mb","CDT","2023-08-12T05:00:00.000Z","2023-10-31T15:02:00.000Z","OUT","N","MON","230.00","58.57500","-101.25333","6668"
"NO086","mb","CDT","2023-07-20T05:00:00.000Z","2023-10-31T15:01:00.000Z","OUT","N","MOD","534.80","55.80111","-100.98972","6668"
"NO117","mb","CDT","2023-08-09T05:00:00.000Z","2023-10-31T15:01:00.000Z","OUT","N","FUL","853.00","56.80861","-100.82889","6668"
"NO104","mb","CDT","2023-07-27T05:00:00.000Z","2023-10-31T15:01:00.000Z","OUT","N","MON","450.00","58.84417","-101.10667","6668"
"220","qc","EST","2023-06-01T13:00:00.000Z","2023-10-31T15:00:34.000Z","OUT","H","FUL","0.00","49.76","-74.85","6668"
"NO029","mb","CDT","2023-06-12T05:00:00.000Z","2023-10-31T15:00:00.000Z","OUT","N","MOD","23014.00","56.52250","-99.66222","6668"
"NO066","mb","CDT","2023-07-01T05:00:00.000Z","2023-10-31T15:00:00.000Z","OUT","N","MON","11017.00","56.23333","-101.62806","6668"
"200","qc","EST","2023-05-30T18:30:00.000Z","2023-10-31T14:06:17.000Z","OUT","H","FUL","13.80","48.6472","-77.6328","6668"
"PWF-141-2023","ab","MST","2023-10-09T23:37:00.000Z","2023-10-31T14:01:00.000Z","UC","H","FUL","1.60","56.396033","-118.96615","6668"
"HEA_FIRE_018","on","GMT","2023-09-05T19:13:00.000Z","2023-10-31T12:00:00.000Z","OUT","N","MON","1607.50","50.1384","-82.3944","6668"
"PWF-146-2023","ab","MST","2023-10-30T16:30:00.000Z","2023-10-31T11:00:00.000Z","OUT","H","FUL","0.50","56.355133","-118.897217","6668"
"PWF-143-2023","ab","MST","2023-10-20T21:57:00.000Z","2023-10-31T10:50:00.000Z","OUT","H","FUL","0.02","56.7088","-117.44945","6668"
"2023-R43193","bc","PDT","2023-09-08T20:24:00.000Z","2023-10-31T01:31:00.000Z","OUT","N","FUL","0.01","55.380282999999999","-127.537617","6668"
"2023-R41519","bc","PDT","2023-07-11T02:24:00.000Z","2023-10-31T01:01:00.000Z","OUT","N","FUL","0.01","55.394383329999997","-127.70218333","6668"
"2023-R31404","bc","PDT","2023-07-09T22:27:00.000Z","2023-10-31T01:01:00.000Z","OUT","N","FUL","0.00","54.803400000000003","-127.70526700000001","6668"
"2023-R42856","bc","PDT","2023-08-20T00:56:00.000Z","2023-10-31T00:31:00.000Z","OUT","N","FUL","0.01","55.199750000000002","-127.997167","6668"
"2023-R42854","bc","PDT","2023-08-20T00:00:00.000Z","2023-10-31T00:31:00.000Z","OUT","N","FUL","0.01","55.183883000000002","-127.93688299999999","6668"
"2023-R31393","bc","PDT","2023-07-09T20:35:00.000Z","2023-10-31T00:01:00.000Z","OUT","N","FUL","0.01","55.067216999999999","-127.21588300000001","6668"
"2023-R42859","bc","PDT","2023-08-20T02:36:00.000Z","2023-10-31T00:01:00.000Z","OUT","N","FUL","0.01","55.498533000000002","-127.920333","6668"
"2023-R33460","bc","PDT","2023-10-30T22:19:00.000Z","2023-10-31T00:01:00.000Z","UC","H","FUL","0.01","54.750366999999997","-127.26308299999999","6668"
"2023-K73066","bc","PDT","2023-08-30T18:22:00.000Z","2023-10-30T23:31:00.000Z","OUT","N","MON","480.37","50.307882999999997","-122.04395","6668"
"2023-K20469","bc","PDT","2023-05-21T21:12:00.000Z","2023-10-30T23:31:00.000Z","OUT","N","MON","1711.61","52.138083000000002","-119.569383","6668"
"2023-K71032","bc","PDT","2023-07-01T18:57:00.000Z","2023-10-30T23:31:00.000Z","OUT","N","MOD","220.57","50.661566999999998","-123.092867","6668"
"2023-K21379","bc","PDT","2023-07-09T17:08:00.000Z","2023-10-30T23:31:00.000Z","OUT","N","MOD","2407.14","52.106032999999996","-120.034583","6668"
"2023-K71415","bc","PDT","2023-07-09T23:11:00.000Z","2023-10-30T23:31:00.000Z","OUT","N","MOD","116.34","50.442599999999999","-121.910167","6668"
"2023-K43003","bc","PDT","2023-08-28T23:36:00.000Z","2023-10-30T23:31:00.000Z","OUT","N","MON","0.15","51.344566999999998","-118.786","6668"
"2023-K42963","bc","PDT","2023-08-26T21:28:00.000Z","2023-10-30T22:31:00.000Z","OUT","N","MON","0.01","51.606749999999998","-118.906617","6668"
"2023-K42961","bc","PDT","2023-08-26T21:18:00.000Z","2023-10-30T21:31:00.000Z","OUT","N","MOD","8.10","51.393999999999998","-118.886017","6668"
"197","qc","EST","2023-05-30T17:20:00.000Z","2023-10-30T20:22:30.000Z","OUT","H","FUL","0.00","48.605","-76.6286","6668"
"189","qc","EST","2023-05-29T19:00:00.000Z","2023-10-30T19:10:50.000Z","OUT","H","FUL","0.60","48.2511","-78.9786","6668"
"2023-G80076","bc","PDT","2023-04-22T04:51:00.000Z","2023-10-30T18:31:00.000Z","OUT","H","FUL","1.60","56.578367","-120.68981700000001","6668"
"2023-G80123","bc","PDT","2023-04-29T04:24:00.000Z","2023-10-30T18:31:00.000Z","OUT","H","MON","2.00","56.431832999999997","-120.86716699999999","6668"
"2023-R42367","bc","PDT","2023-07-31T19:29:00.000Z","2023-10-30T18:31:00.000Z","OUT","N","FUL","0.01","55.4587","-128.266583","6668"
"2023-V32863","bc","PDT","2023-08-20T16:39:00.000Z","2023-10-30T18:31:00.000Z","OUT","H","FUL","0.01","50.345483000000002","-122.53489999999999","6668"
"156","qc","EST","2023-05-26T15:00:00.000Z","2023-10-30T18:26:21.000Z","OUT","H","FUL","1.20","48.7861","-79.4919","6668"
"368","qc","EST","2023-06-02T00:13:00.000Z","2023-10-30T18:13:51.000Z","OUT","N","FUL","24152.00","50.4833","-74.2783","6668"
"149","qc","EST","2023-05-22T17:00:00.000Z","2023-10-30T18:07:56.000Z","OUT","H","FUL","0.00","47.5658","-78.1547","6668"
"2023-R21576","bc","PDT","2023-07-11T20:45:00.000Z","2023-10-30T18:01:00.000Z","OUT","H","FUL","0.01","55.391800000000003","-126.330217","6668"
"2023-K40194","bc","PDT","2023-05-04T00:36:00.000Z","2023-10-30T18:01:00.000Z","OUT","N","FUL","0.01","50.810932999999999","-119.656417","6668"
"2023-R11222","bc","PDT","2023-07-08T01:19:00.000Z","2023-10-30T18:01:00.000Z","OUT","H","FUL","30.00","54.049416999999998","-126.14230000000001","6668"
"2023HJ006","yt","PDT","2023-10-11T19:32:00.000Z","2023-10-30T17:44:00.000Z","OUT","U","FUL","0.01","60.95617","-138.10435","6668"
"2023BC004","yt","PDT","2023-10-11T19:09:00.000Z","2023-10-30T17:44:00.000Z","OUT","U","FUL","0.01","61.95355","-140.42877","6668"
"2023-R21283","bc","PDT","2023-07-08T18:47:00.000Z","2023-10-30T17:31:00.000Z","OUT","N","MON","0.00","54.61345","-126.498167","6668"
"2023-R31227","bc","PDT","2023-07-08T02:15:00.000Z","2023-10-30T17:01:00.000Z","OUT","N","FUL","5.60","54.673532999999999","-127.146467","6668"
"2023-R11294","bc","PDT","2023-07-08T21:33:00.000Z","2023-10-30T17:01:00.000Z","OUT","H","MON","0.01","53.752533","-125.918767","6668"
"2023-R11963","bc","PDT","2023-07-21T02:24:00.000Z","2023-10-30T17:01:00.000Z","OUT","H","FUL","2.00","54.204532999999998","-125.68680000000001","6668"
"147","qc","EST","2023-05-21T17:00:00.000Z","2023-10-30T16:32:22.000Z","OUT","H","FUL","0.10","48.1794","-78.1628","6668"
"2023-R10091","bc","PDT","2023-04-26T23:28:00.000Z","2023-10-30T16:31:00.000Z","OUT","H","FUL","0.60","54.147533000000003","-125.72796700000001","6668"
"PWF-147-2023","ab","MST","2023-10-30T16:47:00.000Z","2023-10-30T14:35:00.000Z","OUT","H","FUL","0.10","56.370483","-119.001583","6668"
"652","qc","EST","2023-08-07T21:13:00.000Z","2023-10-30T14:25:35.000Z","OUT","N","MON","0.10","53.7172","-73.1089","6668"
"708","qc","EST","2023-10-06T23:00:00.000Z","2023-10-30T13:56:11.000Z","OUT","H","FUL","0.00","47.0317","-70.3614","6668"
"678","qc","EST","2023-09-11T22:00:00.000Z","2023-10-30T13:47:42.000Z","OUT","H","FUL","0.00","46.6847","-73.9936","6668"
"707","qc","EST","2023-10-06T18:00:00.000Z","2023-10-30T13:43:19.000Z","OUT","H","FUL","0.00","47.365","-70.0422","6668"
"HBZ-001-2023","ab","MST","2023-10-30T09:00:01.000Z","2023-10-30T09:00:01.000Z","BH","H","FUL","106542.00","58.21005","-120.02775","6668"
"HWF-058-2023","ab","MST","2023-06-05T01:03:00.000Z","2023-10-30T09:00:00.000Z","BH","N","FUL","234061.00","58.16715","-118.41965","6668"
"HWF-036-2023","ab","MST","2023-05-03T22:26:00.000Z","2023-10-30T09:00:00.000Z","BH","U","FUL","203022.00","58.4906","-119.4031","6668"
"62662","nb","ADT","2023-10-29T15:54:53.000Z","2023-10-29T15:56:00.000Z","OUT","U","FUL","0.10","45.756","-66.56234","6668"
"LWF-188-2023","ab","MST","2023-10-24T19:59:00.000Z","2023-10-28T09:00:00.000Z","OUT","H","FUL","0.10","54.680932","-111.925051","6668"
"2023-G80290","bc","PDT","2023-05-13T22:19:00.000Z","2023-10-28T00:01:00.000Z","OUT","N","MON","0.00","57.730167000000002","-121.372517","6668"
"2023-G80121","bc","PDT","2023-04-29T01:43:00.000Z","2023-10-27T23:31:00.000Z","OUT","H","FUL","4.00","56.349616670000003","-120.91031667","6668"
"2023-G80220","bc","PDT","2023-05-05T21:37:00.000Z","2023-10-27T23:31:00.000Z","OUT","H","FUL","6422.17","56.27098333","-119.93405","6668"
"2023MA035","yt","PDT","2023-08-03T02:22:00.000Z","2023-10-27T22:36:00.000Z","OUT","N","FUL","0.25","63.557","-136.12367","6668"
"2023MA012","yt","PDT","2023-07-21T00:23:00.000Z","2023-10-27T22:36:00.000Z","OUT","N","FUL","1.50","63.64392","-135.24203","6668"
"2023MA033","yt","PDT","2023-08-01T17:40:00.000Z","2023-10-27T22:36:00.000Z","OUT","N","FUL","4999.00","63.506","-135.82263","6668"
"2023MA031","yt","PDT","2023-07-30T02:25:00.000Z","2023-10-27T22:36:00.000Z","OUT","N","FUL","0.10","63.66648","-136.33562","6668"
"2023MA011","yt","PDT","2023-07-20T20:16:00.000Z","2023-10-27T22:35:00.000Z","OUT","N","FUL","13688.00","64.02945","-135.85009","6668"
"2023MA036","yt","PDT","2023-08-03T22:14:00.000Z","2023-10-27T22:35:00.000Z","OUT","N","FUL","3406.00","63.7793","-136.63512","6668"
"2023MA034","yt","PDT","2023-08-03T01:40:00.000Z","2023-10-27T22:35:00.000Z","OUT","N","FUL","1112.00","63.60305","-136.16668","6668"
"2023MA027","yt","PDT","2023-07-28T21:28:00.000Z","2023-10-27T22:34:00.000Z","OUT","N","FUL","438.00","64.03545","-136.59915","6668"
"2023MA030","yt","PDT","2023-07-30T00:21:00.000Z","2023-10-27T22:34:00.000Z","OUT","N","FUL","399.00","63.76998","-135.9885","6668"
"2023MA025","yt","PDT","2023-07-27T22:40:00.000Z","2023-10-27T22:34:00.000Z","OUT","N","FUL","1.00","64.05","-136.91667","6668"
"2023MA005","yt","PDT","2023-07-07T00:48:00.000Z","2023-10-27T22:34:00.000Z","OUT","N","FUL","6111.00","63.52175","-136.6647","6668"
"2023MA010","yt","PDT","2023-07-20T02:46:00.000Z","2023-10-27T22:33:00.000Z","OUT","N","FUL","1621.00","64.08432","-136.7934","6668"
"2023MA013","yt","PDT","2023-07-24T00:35:00.000Z","2023-10-27T22:32:00.000Z","OUT","N","FUL","1659.00","63.4061","-135.31357","6668"
"2023MA032","yt","PDT","2023-07-31T19:56:00.000Z","2023-10-27T22:32:00.000Z","OUT","N","FUL","1121.00","63.60213","-135.02797","6668"
"2023-K72771","bc","PDT","2023-08-16T15:05:00.000Z","2023-10-27T22:31:00.000Z","OUT","N","FUL","131.60","50.413083","-121.606917","6668"
"2023MA037","yt","PDT","2023-08-04T02:57:00.000Z","2023-10-27T22:31:00.000Z","OUT","N","FUL","88.00","63.9372","-134.69855","6668"
"2023-V13203","bc","PDT","2023-09-09T05:47:00.000Z","2023-10-27T22:01:00.000Z","OUT","N","MON","20.00","49.239583000000003","-121.483217","6668"
"2023-V11256","bc","PDT","2023-07-08T05:03:00.000Z","2023-10-27T22:01:00.000Z","OUT","N","MOD","805.00","49.208799999999997","-121.38296699999999","6668"
"2023-V13308","bc","PDT","2023-09-18T00:27:00.000Z","2023-10-27T22:01:00.000Z","OUT","N","MON","4.10","49.946517","-122.158783","6668"
"2023-V11332","bc","PDT","2023-07-09T01:31:00.000Z","2023-10-27T22:01:00.000Z","OUT","N","MON","112.06","49.889000000000003","-121.598333","6668"
"2023-V12722","bc","PDT","2023-08-13T19:43:00.000Z","2023-10-27T22:01:00.000Z","UC","N","MON","1517.70","49.108849999999997","-121.2662","6668"
"2023-V13025","bc","PDT","2023-08-29T15:55:00.000Z","2023-10-27T22:01:00.000Z","OUT","N","FUL","1.50","49.314","-121.726367","6668"
"2023-V13086","bc","PDT","2023-08-29T15:28:00.000Z","2023-10-27T22:01:00.000Z","OUT","N","FUL","1.10","50.028083000000002","-121.38373300000001","6668"
"2023-V13109","bc","PDT","2023-09-01T21:45:00.000Z","2023-10-27T21:31:00.000Z","OUT","N","FUL","0.47","49.560000000000002","-121.97","6668"
"2023-V13136","bc","PDT","2023-09-02T22:19:00.000Z","2023-10-27T21:31:00.000Z","OUT","N","MON","0.01","49.454366999999998","-122.185867","6668"
"2023-V12984","bc","PDT","2023-08-27T23:38:00.000Z","2023-10-27T21:31:00.000Z","OUT","H","FUL","28.00","49.379832999999998","-122.020967","6668"
"2023-V11152","bc","PDT","2023-07-06T03:55:00.000Z","2023-10-27T21:31:00.000Z","OUT","H","MOD","215.00","49.311517000000002","-122.243833","6668"
"2023-V10588","bc","PDT","2023-06-03T23:12:00.000Z","2023-10-27T21:31:00.000Z","OUT","H","MOD","767.20","49.483699999999999","-121.98869999999999","6668"
"73","qc","EST","2023-05-11T21:10:00.000Z","2023-10-27T20:18:00.000Z","OUT","H","FUL","0.50","45.9214","-73.8883","6668"
"2023MA045","yt","PDT","2023-08-06T00:52:00.000Z","2023-10-27T19:40:00.000Z","OUT","N","FUL","2655.00","64.18166","-134.92077","6668"
"2023MA017","yt","PDT","2023-07-24T20:18:00.000Z","2023-10-27T19:39:00.000Z","OUT","N","FUL","1802.00","63.56308","-133.95665","6668"
"2023MA026","yt","PDT","2023-07-28T21:21:00.000Z","2023-10-27T19:39:00.000Z","OUT","N","FUL","1919.00","63.76173","-133.86683","6668"
"2023MA048","yt","PDT","2023-08-08T01:04:00.000Z","2023-10-27T19:39:00.000Z","OUT","N","FUL","0.00","64.27111","-134.2267","6668"
"2023MA049","yt","PDT","2023-08-08T01:11:00.000Z","2023-10-27T19:39:00.000Z","OUT","N","FUL","0.00","63.91128","-132.94993","6668"
"2023MA015","yt","PDT","2023-07-24T20:02:00.000Z","2023-10-27T19:38:00.000Z","OUT","N","FUL","2204.00","64.17484","-132.67165","6668"
"2023MA014","yt","PDT","2023-07-24T19:50:00.000Z","2023-10-27T19:38:00.000Z","OUT","N","FUL","234.00","64.10041","-133.52689","6668"
"2023MA016","yt","PDT","2023-07-24T20:07:00.000Z","2023-10-27T19:38:00.000Z","OUT","N","FUL","432.00","64.08295","-132.39818","6668"
"2023MA047","yt","PDT","2023-08-08T00:36:00.000Z","2023-10-27T19:37:00.000Z","OUT","N","FUL","479.00","63.1636","-135.17898","6668"
"2023MA019","yt","PDT","2023-07-24T22:53:00.000Z","2023-10-27T19:37:00.000Z","OUT","N","FUL","1672.00","63.11085","-134.79633","6668"
"2023MA052","yt","PDT","2023-08-22T02:11:00.000Z","2023-10-27T19:37:00.000Z","OUT","N","FUL","110.00","63.7385","-133.8025","6668"
"2023MA007","yt","PDT","2023-07-18T00:26:00.000Z","2023-10-27T19:36:00.000Z","OUT","N","FUL","23115.00","63.03037","-133.85432","6668"
"2023MA020","yt","PDT","2023-07-24T23:12:00.000Z","2023-10-27T19:36:00.000Z","OUT","N","FUL","986.00","63.7526","-132.29139","6668"
"2023MA022","yt","PDT","2023-07-25T23:56:00.000Z","2023-10-27T19:36:00.000Z","OUT","N","FUL","710.00","63.49686","-132.84124","6668"
"2023MA018","yt","PDT","2023-07-24T20:35:00.000Z","2023-10-27T19:35:00.000Z","OUT","N","FUL","2144.00","63.13217","-132.84464","6668"
"2023MA051","yt","PDT","2023-08-18T19:41:00.000Z","2023-10-27T19:35:00.000Z","OUT","N","FUL","266.00","64.10183","-132.6","6668"
"2023MA050","yt","PDT","2023-08-08T02:20:00.000Z","2023-10-27T19:35:00.000Z","OUT","N","FUL","6612.00","65.42217","-135.79963","6668"
"2023MA008","yt","PDT","2023-07-18T21:39:00.000Z","2023-10-27T19:34:00.000Z","OUT","N","FUL","5726.00","64.92392","-135.81148","6668"
"2023MA044","yt","PDT","2023-08-06T00:27:00.000Z","2023-10-27T19:33:00.000Z","OUT","N","FUL","1046.00","65.02387","-134.81732","6668"
"2023MA040","yt","PDT","2023-08-05T23:21:00.000Z","2023-10-27T19:33:00.000Z","OUT","N","FUL","2408.00","65.38897","-135.53203","6668"
"2023MA029","yt","PDT","2023-07-29T21:59:00.000Z","2023-10-27T19:32:00.000Z","OUT","N","FUL","351.00","64.15583","-135.8625","6668"
"2023MA043","yt","PDT","2023-08-06T00:07:00.000Z","2023-10-27T19:32:00.000Z","OUT","N","FUL","4723.00","65.41093","-133.38177","6668"
"2023MA021","yt","PDT","2023-07-24T23:16:00.000Z","2023-10-27T19:32:00.000Z","OUT","N","FUL","8657.00","65.35423","-134.7034","6668"
"2023MA046","yt","PDT","2023-08-06T01:07:00.000Z","2023-10-27T19:31:00.000Z","OUT","N","FUL","90.00","64.27722","-137.14143","6668"
"2023-C12215","bc","PDT","2023-07-24T00:33:00.000Z","2023-10-27T18:31:00.000Z","OUT","N","FUL","0.03","53.349333000000001","-122.959367","6668"
"2023-V13264","bc","PDT","2023-09-15T22:04:00.000Z","2023-10-27T18:31:00.000Z","OUT","H","FUL","0.01","49.916666999999997","-121.44445","6668"
"134","qc","EST","2023-05-18T22:00:00.000Z","2023-10-27T18:28:29.000Z","OUT","H","FUL","0.00","48.7772","-78.5683","6668"
"2023-G60705","bc","PDT","2023-06-10T01:04:00.000Z","2023-10-27T17:31:00.000Z","OUT","N","FUL","8.60","55.629116670000002","-124.45871667","6668"
"SWF-145-2023","ab","MST","2023-10-27T22:52:00.000Z","2023-10-27T17:05:00.000Z","OUT","H","FUL","0.01","55.102168","-116.696647","6668"
"2023-C23448","bc","PDT","2023-10-26T19:04:00.000Z","2023-10-27T16:31:00.000Z","OUT","H","FUL","0.01","52.061532999999997","-121.87558300000001","6668"
"378","qc","EST","2023-05-31T20:00:00.000Z","2023-10-27T14:04:41.000Z","OUT","H","MOD","16059.50","50.5586","-66.0283","6668"
"GWF-072-2023","ab","MST","2023-10-06T23:25:00.000Z","2023-10-27T13:40:00.000Z","OUT","H","FUL","0.20","55.0674","-116.9169","6668"
"MWF-025-2023","ab","MST","2023-05-28T18:30:00.000Z","2023-10-27T11:03:37.000Z","UC","N","FUL","105251.00","58.86705","-111.145817","6668"
"MWF-043-2023","ab","MST","2023-06-30T17:54:00.000Z","2023-10-27T11:02:32.000Z","UC","N","FUL","130805.00","59.7624","-111.149033","6668"
"MWF-030-2023","ab","MST","2023-06-04T16:25:00.000Z","2023-10-27T11:01:26.000Z","UC","N","FUL","7.40","59.246617","-110.952817","6668"
"MWF-049-2023","ab","MST","2023-07-06T00:01:00.000Z","2023-10-27T11:00:53.000Z","UC","N","FUL","20.00","59.91415","-110.114417","6668"
"MSZ-001-2023","ab","MST","2023-10-27T11:00:00.000Z","2023-10-27T11:00:00.000Z","UC","H","FUL","75.00","58.944583","-110.006133","6668"
"MNZ-001-2023","ab","MST","2023-10-27T11:00:00.000Z","2023-10-27T11:00:00.000Z","UC","H","FUL","2595.00","58.063867","-112.668617","6668"
"MNZ-003-2023","ab","MST","2023-10-27T11:00:00.000Z","2023-10-27T11:00:00.000Z","UC","H","FUL","28973.00","59.760833","-112.008333","6668"
"2023-K22024","bc","PDT","2023-07-21T21:49:00.000Z","2023-10-27T00:01:00.000Z","OUT","N","FUL","11382.00","50.448433000000001","-120.40088299999999","6668"
"2023-V73310","bc","PDT","2023-09-18T14:54:00.000Z","2023-10-26T23:01:00.000Z","OUT","H","FUL","0.30","49.260533000000002","-124.78528300000001","6668"
"2023-G60955","bc","PDT","2023-06-28T03:22:00.000Z","2023-10-26T22:01:00.000Z","OUT","N","FUL","9.60","55.572099999999999","-123.372167","6668"
"2023-G61699","bc","PDT","2023-07-15T00:51:00.000Z","2023-10-26T22:01:00.000Z","OUT","N","FUL","7.10","55.660400000000003","-125.11839999999999","6668"
"2023-C53000","bc","PDT","2023-08-28T22:52:00.000Z","2023-10-26T22:01:00.000Z","OUT","H","MOD","0.01","52.151299999999999","-123.84325","6668"
"267","qc","EST","2023-06-01T19:30:00.000Z","2023-10-26T20:51:49.000Z","OUT","N","FUL","0.90","49.5658","-69.7347","6668"
"269","qc","EST","2023-06-01T19:30:00.000Z","2023-10-26T20:27:53.000Z","OUT","N","FUL","0.00","49.4986","-69.8725","6668"
"257","qc","EST","2023-06-01T20:00:00.000Z","2023-10-26T20:26:32.000Z","OUT","N","FUL","68.60","49.5128","-68.6239","6668"
"252","qc","EST","2023-06-01T19:30:00.000Z","2023-10-26T20:11:23.000Z","OUT","N","FUL","944.80","49.545","-69.7333","6668"
"441","qc","EST","2023-06-02T19:30:00.000Z","2023-10-26T19:46:47.000Z","OUT","N","FUL","0.20","45.8086","-74.5808","6668"
"2023-V32475","bc","PDT","2023-08-05T01:58:00.000Z","2023-10-26T19:31:00.000Z","OUT","H","FUL","0.01","49.456949999999999","-123.198633","6668"
"2023-G60908","bc","PDT","2023-06-25T14:23:00.000Z","2023-10-26T19:31:00.000Z","OUT","N","FUL","3.60","55.810000000000002","-125.174667","6668"
"452","qc","EST","2023-06-05T18:00:00.000Z","2023-10-26T19:15:28.000Z","OUT","H","FUL","0.00","45.6903","-75.6947","6668"
"2023-R11179","bc","PDT","2023-07-07T07:49:00.000Z","2023-10-26T18:31:00.000Z","OUT","N","FUL","0.60","53.979832999999999","-125.81345","6668"
"2023-V33026","bc","PDT","2023-08-29T16:20:00.000Z","2023-10-26T18:31:00.000Z","OUT","N","FUL","0.20","50.396917000000002","-122.696583","6668"
"2023-K40388","bc","PDT","2023-05-19T05:09:00.000Z","2023-10-26T18:31:00.000Z","OUT","N","FUL","0.01","50.959083","-119.032583","6668"
"2023-R21260","bc","PDT","2023-07-08T04:39:00.000Z","2023-10-26T18:31:00.000Z","OUT","H","FUL","0.01","54.182499999999997","-127.795","6668"
"2023-R11417","bc","PDT","2023-07-09T23:29:00.000Z","2023-10-26T18:01:00.000Z","OUT","N","FUL","6.50","53.620533000000002","-125.678667","6668"
"2023-G60452","bc","PDT","2023-05-21T01:52:00.000Z","2023-10-26T17:31:00.000Z","OUT","N","FUL","4.50","55.724499999999999","-123.604333","6668"
"2023-R22802","bc","PDT","2023-08-18T00:40:00.000Z","2023-10-26T17:31:00.000Z","OUT","N","FUL","0.01","54.403500000000001","-126.7908","6668"
"EA079","mb","CDT","2023-08-02T05:00:00.000Z","2023-10-26T16:18:00.000Z","OUT","N","MON","5.00","52.66361","-96.33444","6668"
"302","qc","EST","2023-06-01T19:47:00.000Z","2023-10-26T15:46:10.000Z","OUT","N","FUL","2004.10","48.7011","-74.1394","6668"
"EA073","mb","CDT","2023-07-05T05:00:00.000Z","2023-10-26T15:45:00.000Z","OUT","N","MOD","13359.00","52.76889","-96.41556","6668"
"668","qc","EST","2023-08-29T16:00:00.000Z","2023-10-26T15:10:45.000Z","OUT","H","FUL","0.00","49.3433","-72.0228","6668"
"172","qc","EST","2023-05-28T15:30:00.000Z","2023-10-26T14:07:59.000Z","OUT","H","MOD","19578.00","50.6167","-66.0083","6668"
"2023-V31146","bc","PDT","2023-07-05T23:43:00.000Z","2023-10-26T01:01:00.000Z","OUT","H","FUL","0.50","49.690466999999998","-122.90904999999999","6668"
"2023-G60887","bc","PDT","2023-06-25T00:55:00.000Z","2023-10-26T01:01:00.000Z","OUT","N","MON","297.00","56.785713000000001","-126.68373","6668"
"2023-K71634","bc","PDT","2023-07-13T03:37:00.000Z","2023-10-26T00:01:00.000Z","OUT","N","FUL","4734.30","50.347417","-121.71511700000001","6668"
"2023MA041","yt","PDT","2023-08-05T23:30:00.000Z","2023-10-25T23:04:00.000Z","OUT","N","FUL","1684.00","65.67787","-135.75496","6668"
"2023MA039","yt","PDT","2023-08-05T22:40:00.000Z","2023-10-25T23:03:00.000Z","OUT","N","FUL","6112.00","65.55498","-135.42427","6668"
"2023MA038","yt","PDT","2023-08-05T22:12:00.000Z","2023-10-25T22:52:00.000Z","OUT","N","FUL","16090.00","65.68548","-135.04017","6668"
"2023MA042","yt","PDT","2023-08-05T23:33:00.000Z","2023-10-25T22:50:00.000Z","OUT","N","FUL","675.00","65.67689","-135.90761","6668"
"2023-G32193","bc","PDT","2023-07-23T20:00:00.000Z","2023-10-25T22:01:00.000Z","OUT","N","MON","0.50","53.122917000000001","-120.033333","6668"
"2023-G32195","bc","PDT","2023-07-23T20:14:00.000Z","2023-10-25T22:01:00.000Z","OUT","N","MON","0.01","53.110199999999999","-120.01094999999999","6668"
"2023-K52808","bc","PDT","2023-08-18T05:55:00.000Z","2023-10-25T21:01:00.000Z","OUT","H","FUL","733.00","49.934266999999998","-119.46105","6668"
"263","qc","EST","2023-06-01T19:30:00.000Z","2023-10-25T19:26:39.000Z","OUT","N","FUL","0.40","49.5747","-69.7458","6668"
"2023-G92729","bc","PDT","2023-08-13T23:08:00.000Z","2023-10-25T19:01:00.000Z","BH","N","FUL","125.00","59.261850000000003","-122.48473300000001","6668"
"2023-G93345","bc","PDT","2023-09-22T21:52:00.000Z","2023-10-25T19:01:00.000Z","OUT","H","FUL","9.68","57.652482999999997","-123.37951700000001","6668"
"2023-G93291","bc","PDT","2023-09-16T22:47:00.000Z","2023-10-25T19:01:00.000Z","OC","N","FUL","0.01","59.571800000000003","-121.8627","6668"
"227","qc","EST","2023-06-01T17:15:00.000Z","2023-10-25T19:00:46.000Z","OUT","H","FUL","0.10","49.7414","-74.375","6668"
"2023-G92093","bc","PDT","2023-07-22T15:42:00.000Z","2023-10-25T18:31:00.000Z","OUT","N","FUL","0.34","59.153599999999997","-122.56695000000001","6668"
"165","qc","EST","2023-05-27T22:45:00.000Z","2023-10-25T18:29:22.000Z","OUT","H","FUL","69.10","49.0486","-75.8294","6668"
"295","qc","EST","2023-06-01T18:57:00.000Z","2023-10-25T18:10:48.000Z","OUT","N","FUL","946.10","49.6939","-72.5847","6668"
"APK_FIRE_010","on","GMT","2023-10-25T15:08:00.000Z","2023-10-25T18:00:00.000Z","OUT","H","FUL","0.10","45.661","-78.375","6668"
"2023-N12046","bc","PDT","2023-07-22T01:20:00.000Z","2023-10-25T17:31:00.000Z","OUT","N","FUL","1295.00","49.71275","-114.920783","6668"
"2023-N12589","bc","PDT","2023-08-07T05:43:00.000Z","2023-10-25T17:31:00.000Z","OUT","N","MON","1909.00","49.206667000000003","-115.0082","6668"
"2023-N12352","bc","PDT","2023-07-31T02:35:00.000Z","2023-10-25T17:31:00.000Z","OUT","N","MOD","2952.00","49.678382999999997","-115.451133","6668"
"2023-G73140","bc","PDT","2023-09-03T00:05:00.000Z","2023-10-25T17:31:00.000Z","UC","H","FUL","10.85","56.008583000000002","-120.188333","6668"
"2023-V33221","bc","PDT","2023-09-11T00:34:00.000Z","2023-10-25T17:01:00.000Z","OUT","H","FUL","0.02","50.005533","-123.132733","6668"
"291","qc","EST","2023-06-01T21:30:00.000Z","2023-10-25T16:10:12.000Z","OUT","N","FUL","0.10","50.0686","-72.1786","6668"
"287","qc","EST","2023-06-01T22:00:00.000Z","2023-10-25T15:43:03.000Z","OUT","N","FUL","2462.40","49.4581","-72.5764","6668"
"383","qc","EST","2023-06-02T22:00:00.000Z","2023-10-25T15:38:42.000Z","OUT","N","FUL","0.00","49.3883","-71.9906","6668"
"316","qc","EST","2023-06-01T19:30:00.000Z","2023-10-25T15:33:11.000Z","OUT","N","FUL","0.10","47.5819","-73.9175","6668"
"308","qc","EST","2023-06-01T20:00:00.000Z","2023-10-25T15:24:56.000Z","OUT","N","FUL","362.10","47.0047","-73.4128","6668"
"412","qc","EST","2023-06-01T19:30:00.000Z","2023-10-25T14:19:42.000Z","OUT","N","FUL","317.60","49.1678","-71.8369","6668"
"427","qc","EST","2023-06-01T20:00:00.000Z","2023-10-25T14:13:14.000Z","OUT","N","FUL","0.20","47.0833","-72.6522","6668"
"2023JA16","pc","MDT","2023-10-24T21:41:51.000Z","2023-10-25T07:00:00.000Z","OUT","H","MON","0.10","52.802","-118.0739","6668"
"2023-K42949","bc","PDT","2023-08-26T00:44:00.000Z","2023-10-25T00:01:00.000Z","OUT","N","FUL","1.00","51.316949999999999","-119.09220000000001","6668"
"2023-V33038","bc","PDT","2023-08-29T19:59:00.000Z","2023-10-25T00:01:00.000Z","OUT","N","FUL","0.01","50.345216999999998","-122.903217","6668"
"2023-V33085","bc","PDT","2023-08-31T01:36:00.000Z","2023-10-24T23:31:00.000Z","OUT","H","FUL","0.07","50.232419999999998","-122.85863999999999","6668"
"2023-G30210","bc","PDT","2023-05-05T00:01:00.000Z","2023-10-24T23:01:00.000Z","OUT","H","FUL","1100.00","53.288417000000003","-120.070517","6668"
"2023-K72705","bc","PDT","2023-08-12T02:20:00.000Z","2023-10-24T23:01:00.000Z","OUT","N","MON","1015.50","50.364716999999999","-122.024367","6668"
"2023-K42815","bc","PDT","2023-08-18T15:10:00.000Z","2023-10-24T23:01:00.000Z","OUT","N","FUL","372.60","50.027500000000003","-119.4413","6668"
"2023-V32972","bc","PDT","2023-08-27T07:25:00.000Z","2023-10-24T22:31:00.000Z","OUT","H","FUL","0.01","49.910417000000002","-123.165116","6668"
"2023-N22370","bc","PDT","2023-07-31T20:03:00.000Z","2023-10-24T21:31:00.000Z","OUT","N","FUL","960.00","50.943666999999998","-116.479517","6668"
"2023-N22243","bc","PDT","2023-07-24T22:16:00.000Z","2023-10-24T21:31:00.000Z","OUT","N","FUL","3918.50","50.534332999999997","-116.242833","6668"
"2023-N22240","bc","PDT","2023-07-24T21:12:00.000Z","2023-10-24T21:31:00.000Z","OUT","N","FUL","5419.60","50.273667000000003","-115.6343","6668"
"2023-N21453","bc","PDT","2023-07-10T02:31:00.000Z","2023-10-24T21:31:00.000Z","OUT","N","FUL","2946.60","50.629783000000003","-115.736833","6668"
"2023-N22508","bc","PDT","2023-08-06T01:33:00.000Z","2023-10-24T21:31:00.000Z","OUT","N","MOD","711.00","50.495583000000003","-115.374217","6668"
"2023-V32357","bc","PDT","2023-07-31T05:28:00.000Z","2023-10-24T20:31:00.000Z","OUT","H","FUL","0.10","49.444916999999997","-123.23925","6668"
"2023-R22794","bc","PDT","2023-08-17T21:24:00.000Z","2023-10-24T19:31:00.000Z","OUT","N","FUL","3.50","53.857832999999999","-126.972633","6668"
"2023-V32278","bc","PDT","2023-07-26T17:56:00.000Z","2023-10-24T19:31:00.000Z","OUT","H","FUL","0.05","49.701549999999997","-123.01155","6668"
"2023-G32441","bc","PDT","2023-08-03T22:36:00.000Z","2023-10-24T19:01:00.000Z","OUT","N","MOD","231.00","52.276966999999999","-119.37394999999999","6668"
"2023-G33370","bc","PDT","2023-09-28T05:06:00.000Z","2023-10-24T19:01:00.000Z","OUT","H","MON","0.01","52.8628","-119.358383","6668"
"2023-G31351","bc","PDT","2023-07-09T02:39:00.000Z","2023-10-24T18:31:00.000Z","OUT","N","MOD","0.60","53.468449999999997","-120.672783","6668"
"2023-V30816","bc","PDT","2023-06-18T04:04:00.000Z","2023-10-24T18:01:00.000Z","OUT","H","MOD","0.01","49.895032999999998","-123.274483","6668"
"255","qc","EST","2023-06-01T20:00:00.000Z","2023-10-24T15:34:18.000Z","OUT","N","FUL","0.40","49.1058","-72.1758","6668"
"275","qc","EST","2023-06-01T19:00:00.000Z","2023-10-24T14:59:26.000Z","OUT","N","FUL","1244.00","48.6556","-72.8678","6668"
"284","qc","EST","2023-06-01T20:00:00.000Z","2023-10-24T13:43:44.000Z","OUT","N","FUL","4.00","49.3397","-72.4044","6668"
"NIP_FIRE_117","on","GMT","2023-10-07T18:19:00.000Z","2023-10-24T12:00:00.000Z","OUT","N","MON","0.10","48.6343","-88.252","6668"
"NIP_FIRE_009","on","GMT","2023-06-05T21:56:00.000Z","2023-10-24T12:00:00.000Z","OUT","N","MON","48555.00","53.0395","-88.3788","6668"
"NIP_FIRE_116","on","GMT","2023-09-29T14:35:00.000Z","2023-10-24T12:00:00.000Z","OUT","N","MON","0.20","49.1287","-88.0095","6668"
"NIP_FIRE_013","on","GMT","2023-06-11T18:30:00.000Z","2023-10-24T12:00:00.000Z","OUT","N","FUL","40833.60","50.8433","-87.3543","6668"
"NIP_FIRE_019","on","GMT","2023-06-13T21:01:00.000Z","2023-10-24T12:00:00.000Z","OUT","N","FUL","10182.70","51.0052","-87.5622","6668"
"NIP_FIRE_035","on","GMT","2023-07-05T16:55:00.000Z","2023-10-24T12:00:00.000Z","OUT","N","MON","60.70","52.8787","-87.4019","6668"
"NIP_FIRE_036","on","GMT","2023-07-06T17:32:00.000Z","2023-10-24T12:00:00.000Z","OUT","N","MON","177.00","52.8998","-87.2564","6668"
"2023-V31643","bc","PDT","2023-07-13T05:15:00.000Z","2023-10-23T23:01:00.000Z","OUT","N","FUL","1.10","50.390282999999997","-122.90346700000001","6668"
"2023-C11308","bc","PDT","2023-07-08T23:17:00.000Z","2023-10-23T22:31:00.000Z","OUT","N","FUL","11.00","53.190283000000001","-123.537783","6668"
"2023-V33062","bc","PDT","2023-08-30T01:36:00.000Z","2023-10-23T22:31:00.000Z","OUT","N","FUL","0.01","50.413249999999998","-122.828283","6668"
"2023-G81934","bc","PDT","2023-07-20T20:54:00.000Z","2023-10-23T22:31:00.000Z","UC","H","MON","23.10","57.981000000000002","-120.004","6668"
"2023-K43174","bc","PDT","2023-09-06T20:44:00.000Z","2023-10-23T21:31:00.000Z","OUT","N","FUL","0.37","51.074800000000003","-118.66636699999999","6668"
"2023-K43052","bc","PDT","2023-08-29T22:30:00.000Z","2023-10-23T21:31:00.000Z","OUT","N","MON","0.01","51.343232999999998","-118.815383","6668"
"2023-G80875","bc","PDT","2023-06-24T22:34:00.000Z","2023-10-23T20:31:00.000Z","UC","N","MON","19136.50","57.2791","-120.9118","6668"
"2023-G81530","bc","PDT","2023-07-11T04:41:00.000Z","2023-10-23T20:31:00.000Z","UC","N","MON","6108.90","57.429017000000002","-120.20011700000001","6668"
"2023-G83130","bc","PDT","2023-09-02T22:20:00.000Z","2023-10-23T20:31:00.000Z","UC","N","FUL","673.00","58.220382999999998","-121.74435","6668"
"2023-G80280","bc","PDT","2023-05-13T00:58:00.000Z","2023-10-23T20:31:00.000Z","UC","N","FUL","619072.50","57.618667000000002","-122.012333","6668"
"2023-G80291","bc","PDT","2023-05-13T23:03:00.000Z","2023-10-23T20:31:00.000Z","UC","H","FUL","29505.90","56.511217000000002","-121.221917","6668"
"305","qc","EST","2023-06-01T22:30:00.000Z","2023-10-23T20:14:55.000Z","OUT","N","FUL","1224.40","49.7236","-72.6097","6668"
"306","qc","EST","2023-06-01T19:35:00.000Z","2023-10-23T20:09:45.000Z","OUT","N","MON","1983.60","50.7044","-70.7317","6668"
"2023-V31625","bc","PDT","2023-07-13T02:40:00.000Z","2023-10-23T19:31:00.000Z","OUT","N","FUL","0.17","50.523417000000002","-122.867667","6668"
"2023-K42077","bc","PDT","2023-07-22T03:35:00.000Z","2023-10-23T19:31:00.000Z","OUT","N","FUL","21.90","50.593316999999999","-118.84961699999999","6668"
"408","qc","EST","2023-06-01T19:30:00.000Z","2023-10-23T19:20:19.000Z","OUT","N","FUL","670.90","49.6006","-71.6014","6668"
"410","qc","EST","2023-06-01T19:30:00.000Z","2023-10-23T19:13:28.000Z","OUT","N","FUL","1817.60","49.3433","-71.5","6668"
"213","qc","EST","2023-05-31T19:10:00.000Z","2023-10-23T19:09:38.000Z","OUT","H","FUL","870.00","49.7369","-74.9944","6668"
"2023-V33082","bc","PDT","2023-08-31T01:32:00.000Z","2023-10-23T19:01:00.000Z","OUT","N","FUL","0.01","50.568866999999997","-123.358333","6668"
"608","qc","EST","2023-07-05T19:49:00.000Z","2023-10-23T18:57:11.000Z","OUT","N","MOD","280487.50","50.8381","-78.4067","6668"
"602","qc","EST","2023-07-05T13:38:00.000Z","2023-10-23T18:56:10.000Z","OUT","N","MOD","208681.20","52.7772","-78.32","6668"
"2023-V33024","bc","PDT","2023-08-29T14:12:00.000Z","2023-10-23T18:31:00.000Z","OUT","N","FUL","0.01","50.3947","-122.915367","6668"
"2023-K51685","bc","PDT","2023-07-14T18:30:00.000Z","2023-10-23T18:01:00.000Z","OUT","N","FUL","1.13","49.450699999999998","-119.620017","6668"
"421","qc","EST","2023-06-01T19:30:00.000Z","2023-10-23T17:56:25.000Z","OUT","N","FUL","29.50","48.6375","-74.0289","6668"
"2023-C41129","bc","PDT","2023-07-04T23:45:00.000Z","2023-10-23T17:31:00.000Z","OUT","N","FUL","1.20","51.711567000000002","-121.571833","6668"
"2023-N73311","bc","PDT","2023-09-18T15:57:00.000Z","2023-10-23T16:31:00.000Z","OUT","H","FUL","0.30","49.473950000000002","-117.2805","6668"
"2023-K61768","bc","PDT","2023-07-16T21:32:00.000Z","2023-10-23T16:31:00.000Z","OUT","N","MOD","104.00","49.939599999999999","-121.26221700000001","6668"
"2023-V90779","bc","PDT","2023-06-14T16:12:00.000Z","2023-10-23T16:31:00.000Z","OUT","H","FUL","7.90","50.289366999999999","-126.926633","6668"
"436","qc","EST","2023-06-06T00:00:00.000Z","2023-10-23T16:27:55.000Z","OUT","N","FUL","15.80","49.3506","-73.3642","6668"
"439","qc","EST","2023-06-01T19:30:00.000Z","2023-10-23T15:44:34.000Z","OUT","N","FUL","204.50","49.5486","-70.8086","6668"
"510","qc","EST","2023-06-23T18:44:00.000Z","2023-10-23T14:48:14.000Z","OUT","H","FUL","0.10","46.2708","-72.7944","6668"
"CWF-086-2023","ab","MST","2023-10-22T19:00:00.000Z","2023-10-23T10:00:00.000Z","OUT","H","FUL","0.01","51.28425","-114.861217","6668"
"MWF-062-2023","ab","MST","2023-10-22T23:05:00.000Z","2023-10-23T09:27:00.000Z","OUT","H","FUL","0.01","56.759133","-111.59755","6668"
"HWF-170-2023","ab","MST","2023-10-21T15:55:00.000Z","2023-10-21T09:57:00.000Z","OUT","H","FUL","0.01","58.256033","-115.819922","6668"
"2023-K22757","bc","PDT","2023-08-15T00:54:00.000Z","2023-10-20T21:01:00.000Z","OUT","N","MOD","1771.90","51.462316999999999","-119.700783","6668"
"2023XY030","yt","PDT","2023-10-16T23:10:00.000Z","2023-10-20T20:58:00.000Z","OUT","H","FUL","0.01","60.6584","-135.11252","6668"
"2023-K21384","bc","PDT","2023-07-09T18:55:00.000Z","2023-10-20T19:31:00.000Z","OUT","N","MOD","20745.00","52.145783000000002","-119.961883","6668"
"2023-K71649","bc","PDT","2023-07-13T13:45:00.000Z","2023-10-20T17:31:00.000Z","OUT","N","FUL","9565.00","50.856133","-122.973917","6668"
"2023-K71705","bc","PDT","2023-07-15T01:50:00.000Z","2023-10-20T17:31:00.000Z","OUT","N","MOD","5021.60","50.304667000000002","-121.825833","6668"
"2023-K71535","bc","PDT","2023-07-11T14:41:00.000Z","2023-10-20T17:31:00.000Z","OUT","N","FUL","11284.00","50.680616999999998","-122.386183","6668"
"2023-K73206","bc","PDT","2023-09-09T23:59:00.000Z","2023-10-20T17:31:00.000Z","OUT","N","MON","178.00","51.128202000000002","-122.940472","6668"
"2023-R21439","bc","PDT","2023-07-10T01:25:00.000Z","2023-10-20T17:31:00.000Z","OUT","N","FUL","0.94","54.264567","-126.927567","6668"
"2023-K71707","bc","PDT","2023-07-15T02:16:00.000Z","2023-10-20T17:31:00.000Z","OUT","N","MOD","651.00","50.166666999999997","-122.092167","6668"
"2023-R21229","bc","PDT","2023-07-08T02:22:00.000Z","2023-10-20T16:31:00.000Z","OUT","N","FUL","0.80","53.877249999999997","-127.17765","6668"
"PWF-144-2023","ab","MST","2023-10-20T22:10:00.000Z","2023-10-20T16:10:00.000Z","BH","H","FUL","0.01","56.6122","-117.0784","6668"
"338","qc","EST","2023-06-01T19:30:00.000Z","2023-10-20T15:33:09.000Z","OUT","N","FUL","0.10","49.1722","-70.8306","6668"
"EA093","mb","CDT","2023-09-23T05:00:00.000Z","2023-10-20T15:18:00.000Z","OUT","N","MON","0.10","52.77111","-96.88250","6668"
"SWF-144-2023","ab","MST","2023-10-20T21:05:00.000Z","2023-10-20T15:06:00.000Z","UC","H","FUL","0.50","55.671767","-116.418833","6668"
"332","qc","EST","2023-06-01T19:11:00.000Z","2023-10-20T14:59:16.000Z","OUT","N","FUL","1.00","46.0478","-74.0225","6668"
"322","qc","EST","2023-06-01T19:30:00.000Z","2023-10-20T14:40:54.000Z","OUT","N","FUL","1.00","49.2817","-74.9906","6668"
"EWF-082-2023","ab","MST","2023-10-17T23:00:00.000Z","2023-10-20T14:00:00.000Z","OUT","H","FUL","0.10","53.608277","-115.865552","6668"
"GWF-075-2023","ab","MST","2023-10-16T21:48:00.000Z","2023-10-20T11:45:00.000Z","OUT","H","FUL","0.01","55.0785","-117.629967","6668"
"2023-C31958","bc","PDT","2023-07-21T01:38:00.000Z","2023-10-20T00:01:00.000Z","OUT","N","FUL","1.31","52.273249999999997","-120.764217","6668"
"2023-C32621","bc","PDT","2023-08-08T02:03:00.000Z","2023-10-19T23:31:00.000Z","OUT","N","FUL","0.06","52.303716999999999","-121.72225","6668"
"2023-G43321","bc","PDT","2023-09-20T19:59:00.000Z","2023-10-19T23:31:00.000Z","OUT","N","FUL","0.20","53.960633000000001","-123.476367","6668"
"2023-R11255","bc","PDT","2023-07-08T05:03:00.000Z","2023-10-19T23:01:00.000Z","OUT","N","FUL","0.01","54.397300000000001","-126.13890000000001","6668"
"2023-R13095","bc","PDT","2023-08-31T23:25:00.000Z","2023-10-19T23:01:00.000Z","OUT","H","FUL","1.67","54.637667","-125.724367","6668"
"658","qc","EST","2023-08-13T20:03:00.000Z","2023-10-19T21:51:19.000Z","OUT","N","MOD","0.20","52.0522","-78.2339","6668"
"651","qc","EST","2023-08-09T12:00:00.000Z","2023-10-19T20:30:21.000Z","OUT","N","MOD","2.70","51.4628","-78.6553","6668"
"649","qc","EST","2023-08-08T21:00:00.000Z","2023-10-19T19:58:45.000Z","OUT","N","MOD","4.50","51.45","-78.7039","6668"
"643","qc","EST","2023-07-02T20:00:00.000Z","2023-10-19T19:52:33.000Z","OUT","N","MON","0.00","56.7081","-66.9036","6668"
"2023OC025","yt","PDT","2023-07-30T19:21:00.000Z","2023-10-19T19:39:00.000Z","OUT","N","FUL","25.00","67.34246","-139.44842","6668"
"2023OC010","yt","PDT","2023-07-30T16:40:00.000Z","2023-10-19T19:38:00.000Z","OUT","N","FUL","550.00","67.31309","-139.73235","6668"
"2023OC029","yt","PDT","2023-08-14T01:22:00.000Z","2023-10-19T19:37:00.000Z","OUT","N","FUL","3100.00","67.33541","-139.88852","6668"
"2023OC013","yt","PDT","2023-07-30T16:50:00.000Z","2023-10-19T19:34:00.000Z","OUT","N","FUL","275.00","67.3884","-140.30144","6668"
"2023OC027","yt","PDT","2023-08-04T03:15:00.000Z","2023-10-19T19:28:00.000Z","OUT","N","FUL","572.00","68.39713","-138.79745","6668"
"2023OC014","yt","PDT","2023-07-30T16:51:00.000Z","2023-10-19T19:25:00.000Z","OUT","N","FUL","5192.00","67.52881","-138.27878","6668"
"2023OC030","yt","PDT","2023-08-12T05:09:00.000Z","2023-10-19T19:21:00.000Z","OUT","N","FUL","475.00","67.46317","-136.68233","6668"
"2023OC015","yt","PDT","2023-07-30T16:53:00.000Z","2023-10-19T19:18:00.000Z","OUT","N","FUL","925.00","67.27213","-137.73987","6668"
"2023OC019","yt","PDT","2023-07-30T16:59:00.000Z","2023-10-19T19:15:00.000Z","OUT","N","FUL","6800.00","66.83855","-137.39858","6668"
"2023OC020","yt","PDT","2023-07-30T17:02:00.000Z","2023-10-19T19:12:00.000Z","OUT","N","FUL","8700.00","66.81703","-136.83334","6668"
"2023OC021","yt","PDT","2023-07-30T17:02:00.000Z","2023-10-19T19:10:00.000Z","OUT","N","FUL","5115.00","66.76024","-136.72963","6668"
"2023OC031","yt","PDT","2023-08-12T05:23:00.000Z","2023-10-19T19:06:00.000Z","OUT","N","FUL","9040.00","67.01528","-136.47626","6668"
"2023-V50994","bc","PDT","2023-06-29T17:12:00.000Z","2023-10-19T19:01:00.000Z","OUT","H","FUL","0.00","50.059216999999997","-124.837233","6668"
"2023OC022","yt","PDT","2023-07-30T17:41:00.000Z","2023-10-19T19:00:00.000Z","OUT","N","FUL","158.00","66.65661","-135.17119","6668"
"2023OC032","yt","PDT","2023-08-17T22:21:00.000Z","2023-10-19T18:55:00.000Z","OUT","N","FUL","110.00","66.49047","-135.82675","6668"
"2023OC018","yt","PDT","2023-07-30T16:57:00.000Z","2023-10-19T18:53:00.000Z","OUT","N","FUL","13020.00","66.02743","-135.59607","6668"
"2023OC028","yt","PDT","2023-08-11T23:20:00.000Z","2023-10-19T18:49:00.000Z","OUT","N","FUL","50.00","67.08672","-140.9182","6668"
"2023OC023","yt","PDT","2023-07-30T17:49:00.000Z","2023-10-19T18:45:00.000Z","OUT","N","FUL","237.00","66.15087","-139.22658","6668"
"2023-N40596","bc","PDT","2023-06-04T01:42:00.000Z","2023-10-19T18:01:00.000Z","OUT","N","MOD","1160.00","52.045082999999998","-118.7021","6668"
"2023-N41962","bc","PDT","2023-07-21T02:13:00.000Z","2023-10-19T18:01:00.000Z","OUT","N","MOD","166.22","51.872166999999997","-118.78104999999999","6668"
"2023-N42102","bc","PDT","2023-07-22T17:55:00.000Z","2023-10-19T18:01:00.000Z","OUT","N","MOD","449.00","51.010567000000002","-116.37455","6668"
"2023-N42853","bc","PDT","2023-08-19T23:03:00.000Z","2023-10-19T18:01:00.000Z","OUT","N","MON","0.88","52.124217000000002","-118.313383","6668"
"2023-N43335","bc","PDT","2023-09-21T23:24:00.000Z","2023-10-19T18:01:00.000Z","OUT","N","MON","0.10","51.946666999999998","-117.905517","6668"
"2023-N43336","bc","PDT","2023-09-22T00:43:00.000Z","2023-10-19T18:01:00.000Z","OUT","N","MON","2.90","51.891683","-118.664767","6668"
"2023-N42390","bc","PDT","2023-08-01T19:21:00.000Z","2023-10-19T17:31:00.000Z","OUT","N","MON","644.00","51.523533","-117.55875","6668"
"2023-N41861","bc","PDT","2023-07-18T19:43:00.000Z","2023-10-19T17:31:00.000Z","OUT","N","MON","131.09","51.921199999999999","-118.03530000000001","6668"
"2023-N41094","bc","PDT","2023-07-03T03:50:00.000Z","2023-10-19T17:31:00.000Z","OUT","N","FUL","62.00","51.821382999999997","-118.50069999999999","6668"
"2023-N42850","bc","PDT","2023-08-19T21:20:00.000Z","2023-10-19T17:31:00.000Z","OUT","N","MOD","0.01","51.985782999999998","-117.67491699999999","6668"
"2023-N43410","bc","PDT","2023-10-11T19:30:00.000Z","2023-10-19T17:31:00.000Z","OUT","H","FUL","0.33","50.528100000000002","-118.00793299999999","6668"
"2023-N43238","bc","PDT","2023-09-13T00:44:00.000Z","2023-10-19T17:31:00.000Z","OUT","N","MOD","0.01","50.893867","-118.21038299999999","6668"
"2023-N42935","bc","PDT","2023-08-24T18:17:00.000Z","2023-10-19T17:31:00.000Z","OUT","N","MON","4.68","50.793050000000001","-118.128083","6668"
"2023-N42934","bc","PDT","2023-08-24T18:11:00.000Z","2023-10-19T17:31:00.000Z","OUT","N","MON","1.67","50.793666999999999","-118.1123","6668"
"2023-N42228","bc","PDT","2023-07-24T04:45:00.000Z","2023-10-19T17:31:00.000Z","OUT","N","MOD","284.00","51.200333000000001","-116.754217","6668"
"2023-N42216","bc","PDT","2023-07-24T00:44:00.000Z","2023-10-19T17:31:00.000Z","OUT","N","MOD","303.00","51.713917000000002","-118.18285","6668"
"2023-N42380","bc","PDT","2023-08-01T01:49:00.000Z","2023-10-19T17:31:00.000Z","OUT","N","MON","66.02","51.209766999999999","-117.9639","6668"
"2023-N42213","bc","PDT","2023-07-24T00:40:00.000Z","2023-10-19T17:31:00.000Z","OUT","N","MOD","64.81","51.859250000000003","-117.944","6668"
"2023-N42074","bc","PDT","2023-07-22T03:19:00.000Z","2023-10-19T17:31:00.000Z","OUT","N","MON","1265.30","51.096117","-118.43136699999999","6668"
"2023-N42072","bc","PDT","2023-07-22T03:15:00.000Z","2023-10-19T17:31:00.000Z","OUT","N","MON","2.19","51.787216999999998","-118.47205","6668"
"2023OC024","yt","PDT","2023-08-03T01:30:00.000Z","2023-10-19T17:10:00.000Z","OUT","N","FUL","16003.00","66.25314","-139.03849","6668"
"2023-V81044","bc","PDT","2023-07-01T23:27:00.000Z","2023-10-19T17:01:00.000Z","OUT","H","FUL","0.04","49.830800000000004","-125.628867","6668"
"RWF-079-2023","ab","MST","2023-10-19T18:05:00.000Z","2023-10-19T15:05:00.000Z","OUT","H","FUL","0.10","51.720217","-115.41795","6668"
"628","qc","EST","2023-07-22T13:00:00.000Z","2023-10-19T14:37:50.000Z","OUT","N","MOD","1167.60","53.5414","-78.1306","6668"
"627","qc","EST","2023-07-09T00:45:00.000Z","2023-10-19T14:22:18.000Z","OUT","N","MOD","159.00","51.5281","-75.645","6668"
"SWF-143-2023","ab","MST","2023-10-19T19:10:00.000Z","2023-10-19T13:10:00.000Z","UC","U","FUL","0.01","55.395367","-115.7458","6668"
"2023DA053","yt","PDT","2023-08-03T22:19:00.000Z","2023-10-19T00:49:00.000Z","OUT","N","FUL","877.00","65.80748","-136.0654","6668"
"2023DA054","yt","PDT","2023-08-03T22:26:00.000Z","2023-10-19T00:47:00.000Z","OUT","N","FUL","1479.00","65.43938","-136.03662","6668"
"2023DA062","yt","PDT","2023-08-15T02:24:00.000Z","2023-10-19T00:37:00.000Z","OUT","N","FUL","195.00","65.30868","-136.66554","6668"
"2023DA044","yt","PDT","2023-07-30T17:31:00.000Z","2023-10-19T00:35:00.000Z","OUT","N","FUL","1017.00","65.26331","-136.47372","6668"
"625","qc","EST","2023-07-05T18:00:00.000Z","2023-10-19T00:23:28.000Z","OUT","N","MON","98.50","52.8275","-76.7917","6668"
"2023DA039","yt","PDT","2023-07-30T17:10:00.000Z","2023-10-19T00:20:00.000Z","OUT","N","FUL","473.00","65.52955","-137.0567","6668"
"2023DA028","yt","PDT","2023-07-29T02:05:00.000Z","2023-10-19T00:17:00.000Z","OUT","N","FUL","1229.00","65.8615","-137.15107","6668"
"2023DA014","yt","PDT","2023-07-27T05:39:00.000Z","2023-10-18T23:55:00.000Z","OUT","N","FUL","12500.00","65.94883","-137.31117","6668"
"2023DA015","yt","PDT","2023-07-27T05:48:00.000Z","2023-10-18T23:54:00.000Z","OUT","N","FUL","12500.00","65.914","-137.3595","6668"
"615","qc","EST","2023-07-05T19:56:00.000Z","2023-10-18T23:47:39.000Z","OUT","N","MON","101.80","54.6356","-72.3578","6668"
"2023DA038","yt","PDT","2023-07-30T17:04:00.000Z","2023-10-18T23:03:00.000Z","OUT","N","FUL","3900.00","65.91728","-138.07633","6668"
"2023-N13364","bc","PDT","2023-09-26T16:02:00.000Z","2023-10-18T23:01:00.000Z","OUT","H","FUL","0.01","49.479582999999998","-115.404417","6668"
"2023DA027","yt","PDT","2023-07-29T02:05:00.000Z","2023-10-18T23:00:00.000Z","OUT","N","FUL","800.00","65.57707","-138.01567","6668"
"2023DA002","yt","PDT","2023-06-09T23:13:00.000Z","2023-10-18T22:59:00.000Z","OUT","N","FUL","302.00","65.47309","-138.159","6668"
"2023DA052","yt","PDT","2023-08-03T04:50:00.000Z","2023-10-18T22:56:00.000Z","OUT","N","FUL","1137.00","64.13597","-137.83483","6668"
"2023DA051","yt","PDT","2023-08-02T21:02:00.000Z","2023-10-18T22:55:00.000Z","OUT","N","FUL","3630.00","64.03465","-137.95465","6668"
"2023DA048","yt","PDT","2023-07-31T02:30:00.000Z","2023-10-18T22:52:00.000Z","OUT","N","FUL","103.00","63.46237","-138.87297","6668"
"2023DA022","yt","PDT","2023-07-28T05:18:00.000Z","2023-10-18T22:51:00.000Z","OUT","N","FUL","130.00","62.98333","-139.15","6668"
"2023DA024","yt","PDT","2023-07-29T02:05:00.000Z","2023-10-18T22:48:00.000Z","OUT","N","FUL","1240.00","64.61047","-139.81565","6668"
"2023DA058","yt","PDT","2023-08-07T23:44:00.000Z","2023-10-18T22:23:00.000Z","OUT","N","FUL","528.00","64.55258","-140.34378","6668"
"2023DA009","yt","PDT","2023-07-24T06:57:00.000Z","2023-10-18T22:20:00.000Z","OUT","N","FUL","320.00","64.00923","-140.6619","6668"
"2023DA050","yt","PDT","2023-08-02T01:20:00.000Z","2023-10-18T22:19:00.000Z","OUT","N","FUL","955.00","63.93818","-140.28287","6668"
"2023DA055","yt","PDT","2023-08-04T03:52:00.000Z","2023-10-18T22:12:00.000Z","OUT","N","FUL","633.00","63.69248","-140.36946","6668"
"2023DA010","yt","PDT","2023-07-24T22:01:00.000Z","2023-10-18T22:06:00.000Z","OUT","N","FUL","762.00","63.44593","-140.42034","6668"
"2023DA057","yt","PDT","2023-08-07T22:45:00.000Z","2023-10-18T22:03:00.000Z","OUT","N","FUL","1543.00","63.37627","-139.61678","6668"
"613","qc","EST","2023-07-08T12:00:00.000Z","2023-10-18T21:15:29.000Z","OUT","N","MON","2448.90","53.6839","-73.7864","6668"
"2023-V31300","bc","PDT","2023-07-08T22:48:00.000Z","2023-10-18T19:31:00.000Z","UC","N","MON","1915.00","50.697833000000003","-123.44925000000001","6668"
"605","qc","EST","2023-07-05T22:17:00.000Z","2023-10-18T18:50:21.000Z","OUT","N","MON","1550.50","52.7547","-76.9689","6668"
"GWF-077-2023","ab","MST","2023-10-18T23:50:00.000Z","2023-10-18T18:10:00.000Z","OUT","H","FUL","0.10","54.870477","-119.101703","6668"
"603","qc","EST","2023-07-05T18:07:00.000Z","2023-10-18T17:50:24.000Z","OUT","N","MOD","11318.60","51.9617","-76.8497","6668"
"2023-N11805","bc","PDT","2023-07-17T21:16:00.000Z","2023-10-18T17:01:00.000Z","OUT","H","FUL","4640.00","49.610799999999998","-115.71341700000001","6668"
"2023-V33422","bc","PDT","2023-10-14T21:05:00.000Z","2023-10-18T16:31:00.000Z","OUT","H","FUL","0.01","50.105617000000002","-123.0378","6668"
"477","qc","EST","2023-06-13T18:00:00.000Z","2023-10-18T16:06:49.000Z","OUT","H","MOD","159.50","52.7044","-67.1444","6668"
"215","qc","EST","2023-05-31T20:00:00.000Z","2023-10-18T15:29:55.000Z","OUT","H","FUL","807.90","50.3747","-66.3844","6668"
"HWF-158-2023","ab","MST","2023-09-19T22:10:00.000Z","2023-10-18T14:20:00.000Z","OUT","N","FUL","54.10","59.6485","-119.702783","6668"
"HWF-159-2023","ab","MST","2023-09-19T22:19:00.000Z","2023-10-18T14:20:00.000Z","UC","N","FUL","12059.99","59.684617","-119.684367","6668"
"190","qc","EST","2023-05-29T21:30:00.000Z","2023-10-18T14:15:58.000Z","OUT","H","FUL","0.60","50.0189","-74.2164","6668"
"HWF-133-2023","ab","MST","2023-07-16T01:25:00.000Z","2023-10-18T14:10:00.000Z","OUT","N","FUL","54.80","59.76","-119.913","6668"
"HWF-130-2023","ab","MST","2023-07-13T21:50:00.000Z","2023-10-18T14:00:00.000Z","UC","N","FUL","5555.00","59.466167","-119.9507","6668"
"EWF-083-2023","ab","MST","2023-10-18T15:15:00.000Z","2023-10-18T09:20:00.000Z","OUT","H","FUL","0.05","53.562817","-116.60625","6668"
"MWF-061-2023","ab","MST","2023-10-18T04:25:00.000Z","2023-10-18T09:05:00.000Z","OUT","H","FUL","0.01","56.437","-111.296","6668"
"2023-C33293","bc","PDT","2023-09-17T02:02:00.000Z","2023-10-17T22:31:00.000Z","UC","N","MOD","0.50","52.4193","-120.869417","6668"
"2023-C31349","bc","PDT","2023-07-09T02:46:00.000Z","2023-10-17T22:31:00.000Z","UC","N","MON","240.15","52.445332999999998","-120.754","6668"
"2023-V53077","bc","PDT","2023-08-30T23:11:00.000Z","2023-10-17T22:31:00.000Z","OUT","N","FUL","0.01","49.702333000000003","-123.9012","6668"
"2023-V32860","bc","PDT","2023-08-20T03:13:00.000Z","2023-10-17T22:01:00.000Z","OUT","H","FUL","0.10","50.167217000000001","-123.392033","6668"
"2023-G92536","bc","PDT","2023-08-06T22:00:00.000Z","2023-10-17T19:31:00.000Z","OUT","N","FUL","2.20","58.963233330000001","-121.44701667","6668"
"59","qc","EST","2023-05-10T18:00:00.000Z","2023-10-17T19:18:25.000Z","OUT","H","FUL","0.10","46.1678","-76.0067","6668"
"457","qc","EST","2023-06-05T23:15:00.000Z","2023-10-17T19:01:36.000Z","OUT","N","MON","5913.60","51.1356","-72.7747","6668"
"2023-R23198","bc","PDT","2023-09-08T22:07:00.000Z","2023-10-17T19:01:00.000Z","OUT","N","FUL","0.02","55.107866999999999","-126.52888299999999","6668"
"515","qc","EST","2023-06-24T07:30:00.000Z","2023-10-17T18:50:41.000Z","OUT","N","MOD","0.10","52.7361","-67.4183","6668"
"139","qc","EST","2023-05-19T19:30:00.000Z","2023-10-17T18:37:15.000Z","OUT","H","FUL","0.00","46.7986","-76.2533","6668"
"83","qc","EST","2023-05-13T17:20:00.000Z","2023-10-17T16:53:54.000Z","OUT","H","FUL","0.00","45.7564","-74.6022","6668"
"PWF-142-2023","ab","MST","2023-10-15T17:10:00.000Z","2023-10-17T16:09:00.000Z","OUT","H","FUL","0.01","56.979133","-117.324533","6668"
"351","qc","EST","2023-06-02T00:00:00.000Z","2023-10-17T15:54:14.000Z","OUT","N","FUL","6016.70","49.1094","-74.6186","6668"
"NIP_FIRE_072","on","GMT","2023-07-31T23:03:00.000Z","2023-10-17T15:00:00.000Z","OUT","N","MON","10.00","51.7502","-87.0629","6668"
"NIP_FIRE_107","on","GMT","2023-08-24T21:13:00.000Z","2023-10-17T15:00:00.000Z","OUT","N","MON","172.60","50.6717","-85.393","6668"
"191","qc","EST","2023-05-29T21:30:00.000Z","2023-10-17T14:11:29.000Z","OUT","H","FUL","0.60","50.0108","-74.2178","6668"
"COC_FIRE_055","on","GMT","2023-09-30T14:34:00.000Z","2023-10-17T13:28:00.000Z","OUT","N","MON","3835.90","50.6355","-80.3291","6668"
"COC_FIRE_041","on","GMT","2023-07-19T18:19:00.000Z","2023-10-17T13:26:00.000Z","OUT","N","MON","11.00","50.6476","-80.06","6668"
"COC_FIRE_049","on","GMT","2023-08-11T22:05:00.000Z","2023-10-17T13:26:00.000Z","OUT","N","MON","10194.70","50.5531","-80.7494","6668"
"COC_FIRE_038","on","GMT","2023-07-05T12:49:00.000Z","2023-10-17T13:25:00.000Z","OUT","N","MON","21879.70","50.7194","-79.8475","6668"
"COC_FIRE_039","on","GMT","2023-07-07T22:07:00.000Z","2023-10-17T13:25:00.000Z","OUT","N","MON","542.70","50.4308","-81.2076","6668"
"COC_FIRE_007","on","GMT","2023-06-02T21:35:00.000Z","2023-10-17T13:24:00.000Z","OUT","N","MON","37742.00","48.9843","-79.6735","6668"
"180","qc","EST","2023-05-27T18:00:00.000Z","2023-10-17T13:04:19.000Z","OUT","H","FUL","0.30","49.6775","-74.3819","6668"
"HNZ-001-2023","ab","MST","2023-10-17T12:42:12.000Z","2023-10-17T12:42:12.000Z","BH","H","FUL","45282.70","59.52505","-115.529033","6668"
"LWF-187-2023","ab","MST","2023-10-12T04:22:00.000Z","2023-10-17T12:15:00.000Z","OUT","H","FUL","0.16","54.99945","-111.80305","6668"
"2023-V83015","bc","PDT","2023-08-29T01:16:00.000Z","2023-10-17T00:31:00.000Z","OUT","N","FUL","0.01","50.391083000000002","-126.035583","6668"
"2023DA037","yt","PDT","2023-07-30T06:06:00.000Z","2023-10-16T23:49:00.000Z","OUT","N","FUL","8.00","64.2386","-139.0922","6668"
"2023-R41971","bc","PDT","2023-07-21T03:16:00.000Z","2023-10-16T22:01:00.000Z","OUT","N","MOD","0.01","54.890267000000001","-127.742733","6668"
"2023-V83013","bc","PDT","2023-08-29T01:08:00.000Z","2023-10-16T20:31:00.000Z","OUT","N","FUL","0.01","50.403632999999999","-126.025633","6668"
"2023-V53204","bc","PDT","2023-09-09T19:22:00.000Z","2023-10-16T18:01:00.000Z","UC","H","MOD","44.50","50.517699999999998","-124.5693","6668"
"2023-C50903","bc","PDT","2023-06-25T19:32:00.000Z","2023-10-16T18:01:00.000Z","OUT","N","FUL","2.50","52.409816999999997","-124.83748300000001","6668"
"201","qc","EST","2023-05-30T17:50:00.000Z","2023-10-16T15:54:17.000Z","OUT","H","FUL","0.00","45.6956","-76.2036","6668"
"331","qc","EST","2023-06-01T20:00:00.000Z","2023-10-16T15:11:45.000Z","OUT","H","FUL","0.00","48.8381","-64.69","6668"
"SWF-141-2023","ab","MST","2023-10-11T13:18:00.000Z","2023-10-16T14:30:00.000Z","OUT","H","FUL","0.63","55.4123","-113.856667","6668"
"GWF-076-2023","ab","MST","2023-10-16T18:50:00.000Z","2023-10-16T13:00:00.000Z","OUT","U","FUL","0.20","55.834215","-119.229588","6668"
"CWF-085-2023","ab","MST","2023-10-15T23:00:00.000Z","2023-10-16T10:45:00.000Z","OUT","U","FUL","0.02","49.428233","-114.4433","6668"
"MWF-060-2023","ab","MST","2023-10-15T21:06:00.000Z","2023-10-16T09:35:00.000Z","OUT","H","FUL","0.10","56.406117","-111.40575","6668"
"2023-C23421","bc","PDT","2023-10-14T20:29:00.000Z","2023-10-15T00:01:00.000Z","OUT","H","FUL","0.01","51.793416999999998","-122.5475","6668"
"HWF-167-2023","ab","MST","2023-10-10T23:00:00.000Z","2023-10-14T17:00:00.000Z","OUT","H","FUL","0.40","58.457933","-114.41005","6668"
"HWF-168-2023","ab","MST","2023-10-10T23:10:00.000Z","2023-10-14T17:00:00.000Z","OUT","H","FUL","0.40","58.455","-114.406433","6668"
"HWF-164-2023","ab","MST","2023-10-10T22:27:00.000Z","2023-10-14T17:00:00.000Z","OUT","H","FUL","0.50","58.454483","-114.429783","6668"
"HWF-169-2023","ab","MST","2023-10-14T22:39:00.000Z","2023-10-14T16:45:00.000Z","OUT","H","FUL","0.10","58.049883","-116.345033","6668"
"RWF-078-2023","ab","MST","2023-10-09T20:05:00.000Z","2023-10-14T12:04:00.000Z","OUT","H","FUL","0.01","52.014505","-115.1224","6668"
"SWF-139-2023","ab","MST","2023-10-09T17:54:00.000Z","2023-10-14T11:20:00.000Z","OUT","N","FUL","0.60","55.552333","-116.5575","6668"
"2023OC006","yt","PDT","2023-07-24T03:37:00.000Z","2023-10-14T00:52:00.000Z","OUT","N","FUL","2352.00","66.7722","-137.30942","6668"
"2023OC007","yt","PDT","2023-07-27T04:17:00.000Z","2023-10-14T00:52:00.000Z","OUT","N","FUL","4000.00","66.37933","-136.64733","6668"
"2023DA061","yt","PDT","2023-08-11T22:43:00.000Z","2023-10-13T22:52:00.000Z","OUT","N","FUL","80.00","65.38461","-138.7713","6668"
"2023DA060","yt","PDT","2023-08-13T01:45:00.000Z","2023-10-13T22:52:00.000Z","OUT","N","FUL","0.02","65.35594","-138.84718","6668"
"2023DA049","yt","PDT","2023-08-02T01:38:00.000Z","2023-10-13T22:46:00.000Z","OUT","N","FUL","37.00","64.48021","-140.39802","6668"
"2023DA046","yt","PDT","2023-07-30T19:05:00.000Z","2023-10-13T22:25:00.000Z","OUT","N","FUL","1.00","64.35844","-139.08751","6668"
"2023DA045","yt","PDT","2023-07-30T17:32:00.000Z","2023-10-13T22:24:00.000Z","OUT","N","FUL","0.00","65.39812","-136.81964","6668"
"2023DA043","yt","PDT","2023-07-30T17:30:00.000Z","2023-10-13T22:16:00.000Z","OUT","N","FUL","242.00","65.38333","-136.59452","6668"
"2023DA042","yt","PDT","2023-07-30T17:21:00.000Z","2023-10-13T22:15:00.000Z","OUT","N","FUL","284.00","65.45003","-136.65033","6668"
"2023DA041","yt","PDT","2023-07-30T17:20:00.000Z","2023-10-13T22:14:00.000Z","OUT","N","FUL","403.00","65.56763","-136.681","6668"
"2023DA040","yt","PDT","2023-07-30T17:11:00.000Z","2023-10-13T22:14:00.000Z","OUT","N","FUL","283.00","65.56682","-137.01954","6668"
"2023DA029","yt","PDT","2023-07-30T00:44:00.000Z","2023-10-13T22:12:00.000Z","OUT","N","FUL","10979.00","63.8365","-137.81067","6668"
"2023DA026","yt","PDT","2023-07-29T02:05:00.000Z","2023-10-13T22:10:00.000Z","OUT","N","FUL","0.01","65.19045","-140.50551","6668"
"2023DA025","yt","PDT","2023-07-29T02:05:00.000Z","2023-10-13T22:09:00.000Z","OUT","N","FUL","15.00","64.6777","-139.97855","6668"
"2023DA021","yt","PDT","2023-07-28T04:06:00.000Z","2023-10-13T22:07:00.000Z","OUT","N","FUL","3.50","63.53333","-139.2792","6668"
"2023DA016","yt","PDT","2023-07-27T21:14:00.000Z","2023-10-13T22:06:00.000Z","OUT","N","FUL","16.00","63.90688","-140.11438","6668"
"2023DA006","yt","PDT","2023-07-22T21:07:00.000Z","2023-10-13T22:00:00.000Z","OUT","N","FUL","0.01","62.96793","-139.15304","6668"
"2023DA004","yt","PDT","2023-07-06T21:54:00.000Z","2023-10-13T21:59:00.000Z","OUT","N","FUL","350.00","65.73402","-140.68977","6668"
"2023DA005","yt","PDT","2023-07-10T05:57:00.000Z","2023-10-13T21:58:00.000Z","OUT","N","FUL","2.00","65.2728","-139.23003","6668"
"2023DA059","yt","PDT","2023-08-08T01:38:00.000Z","2023-10-13T21:21:00.000Z","OUT","N","FUL","0.14","63.771","-139.17195","6668"
"2023DA056","yt","PDT","2023-08-06T04:11:00.000Z","2023-10-13T21:19:00.000Z","OUT","N","FUL","0.00","63.67797","-139.67178","6668"
"2023DA047","yt","PDT","2023-07-31T01:14:00.000Z","2023-10-13T21:19:00.000Z","OUT","N","FUL","0.50","63.75323","-139.09323","6668"
"2023-R53413","bc","PDT","2023-10-10T02:39:00.000Z","2023-10-13T20:01:00.000Z","UC","H","FUL","0.01","56.513432999999999","-129.54175000000001","6668"
"2023-R41743","bc","PDT","2023-07-16T02:09:00.000Z","2023-10-13T20:01:00.000Z","OUT","N","FUL","7.00","55.602333000000002","-127.24158300000001","6668"
"162","qc","EST","2023-05-27T19:30:00.000Z","2023-10-13T19:58:59.000Z","OUT","H","MOD","1.00","51.3964","-78.5214","6668"
"2023DA035","yt","PDT","2023-07-30T05:08:00.000Z","2023-10-13T19:52:00.000Z","OUT","N","FUL","3.74","64.13637","-139.16588","6668"
"2023DA036","yt","PDT","2023-07-30T05:11:00.000Z","2023-10-13T19:52:00.000Z","OUT","N","FUL","2.13","64.13378","-139.14747","6668"
"2023DA019","yt","PDT","2023-07-28T02:58:00.000Z","2023-10-13T19:44:00.000Z","OUT","N","FUL","0.22","64.1672","-140.52083","6668"
"2023DA008","yt","PDT","2023-07-24T02:26:00.000Z","2023-10-13T19:44:00.000Z","OUT","N","FUL","0.01","64.13931","-138.84504","6668"
"2023DA023","yt","PDT","2023-07-29T04:58:00.000Z","2023-10-13T19:44:00.000Z","OUT","N","FUL","0.02","64.08538","-140.74293","6668"
"2023DA032","yt","PDT","2023-07-30T03:20:00.000Z","2023-10-13T19:43:00.000Z","OUT","N","FUL","0.80","63.97567","-138.58427","6668"
"2023DA030","yt","PDT","2023-07-30T02:08:00.000Z","2023-10-13T19:43:00.000Z","OUT","N","FUL","0.03","63.95137","-139.20858","6668"
"2023DA034","yt","PDT","2023-07-30T04:11:00.000Z","2023-10-13T19:42:00.000Z","OUT","N","FUL","0.60","63.85742","-139.37167","6668"
"2023DA033","yt","PDT","2023-07-30T03:56:00.000Z","2023-10-13T19:32:00.000Z","OUT","N","FUL","0.10","64.08217","-138.92033","6668"
"2023DA031","yt","PDT","2023-07-30T03:05:00.000Z","2023-10-13T19:29:00.000Z","OUT","N","FUL","0.10","64.1","-139.2","6668"
"2023DA020","yt","PDT","2023-07-28T03:06:00.000Z","2023-10-13T19:23:00.000Z","OUT","N","FUL","0.20","64.19605","-139.35733","6668"
"2023DA018","yt","PDT","2023-07-28T02:16:00.000Z","2023-10-13T19:06:00.000Z","OUT","N","FUL","0.37","64.19233","-139.821","6668"
"2023-G63314","bc","PDT","2023-09-18T20:21:00.000Z","2023-10-13T19:01:00.000Z","BH","N","MON","4.00","57.579250000000002","-126.059583","6668"
"2023-G60603","bc","PDT","2023-06-04T16:12:00.000Z","2023-10-13T19:01:00.000Z","UC","N","MON","363.88","55.911999999999999","-123.134833","6668"
"2023-G60861","bc","PDT","2023-06-24T04:30:00.000Z","2023-10-13T19:01:00.000Z","BH","N","FUL","12274.62","55.366500000000002","-124.442667","6668"
"2023-G63092","bc","PDT","2023-08-31T19:19:00.000Z","2023-10-13T19:01:00.000Z","UC","N","FUL","58.46","55.904367000000001","-123.10209999999999","6668"
"2023-G62150","bc","PDT","2023-07-23T01:43:00.000Z","2023-10-13T19:01:00.000Z","UC","N","FUL","375.53","55.825499999999998","-123.187333","6668"
"2023-G12172","bc","PDT","2023-07-23T04:46:00.000Z","2023-10-13T18:01:00.000Z","OUT","N","FUL","0.01","53.735416999999998","-122.808167","6668"
"2023-R30143","bc","PDT","2023-04-30T01:45:00.000Z","2023-10-13T18:01:00.000Z","OUT","H","FUL","3.54","54.873283000000001","-127.26394999999999","6668"
"23LA-RYAN","sk","CST","2023-10-12T08:18:04.000Z","2023-10-13T15:12:22.000Z","OUT","H","MOD","0.30","56.32835","-103.430733","6668"
"23LA-POOLE","sk","CST","2023-07-22T14:45:47.000Z","2023-10-13T11:32:48.000Z","OUT","N","MOD","9584.00","55.913083","-104.54705","6668"
"23HB-REDEARTH","sk","CST","2023-09-28T09:34:31.000Z","2023-10-13T10:28:24.000Z","OUT","N","FUL","1.00","53.316617","-102.9228","6668"
"2023-R31403","bc","PDT","2023-07-09T22:22:00.000Z","2023-10-13T04:01:00.000Z","OUT","N","FUL","0.01","54.841966999999997","-126.928933","6668"
"SLK_FIRE_008","on","GMT","2023-05-28T00:30:00.000Z","2023-10-13T02:00:00.000Z","OUT","H","FUL","0.10","51.2329","-90.2346","6668"
"2023-G93417","bc","PDT","2023-10-12T22:31:00.000Z","2023-10-13T01:01:00.000Z","OC","N","FUL","0.50","58.884833","-125.261467","6668"
"2023-R51263","bc","PDT","2023-07-08T05:43:00.000Z","2023-10-12T22:01:00.000Z","OUT","N","FUL","0.01","53.983333000000002","-128.55416700000001","6668"
"2023-R51555","bc","PDT","2023-07-11T22:00:00.000Z","2023-10-12T22:01:00.000Z","UC","N","FUL","230.00","54.949416999999997","-128.851283","6668"
"2023-R40247","bc","PDT","2023-05-08T05:27:00.000Z","2023-10-12T22:01:00.000Z","OUT","H","FUL","0.48","55.464117000000002","-128.23008300000001","6668"
"2023-R53134","bc","PDT","2023-09-02T23:03:00.000Z","2023-10-12T22:01:00.000Z","UC","N","FUL","0.15","55.78145","-129.008533","6668"
"2023-R52344","bc","PDT","2023-07-30T01:50:00.000Z","2023-10-12T22:01:00.000Z","OUT","N","FUL","0.01","54.071967000000001","-128.26721699999999","6668"
"2023-R31973","bc","PDT","2023-07-21T03:34:00.000Z","2023-10-12T22:01:00.000Z","OUT","N","FUL","0.01","54.710850000000001","-127.27291700000001","6668"
"2023-R41762","bc","PDT","2023-07-16T19:54:00.000Z","2023-10-12T22:01:00.000Z","OUT","N","FUL","0.10","55.306167000000002","-127.21766700000001","6668"
"COC_FIRE_048","on","GMT","2023-08-02T21:54:00.000Z","2023-10-12T20:06:00.000Z","OUT","N","MON","10.00","51.5432","-80.7786","6668"
"COC_FIRE_051","on","GMT","2023-09-07T16:56:00.000Z","2023-10-12T20:05:00.000Z","OUT","N","MON","3.00","53.4703","-83.0557","6668"
"2023-C31442","bc","PDT","2023-07-10T01:42:00.000Z","2023-10-12T20:01:00.000Z","UC","N","MOD","43.71","52.691533","-120.82825","6668"
"COC_FIRE_053","on","GMT","2023-09-19T13:33:00.000Z","2023-10-12T19:45:00.000Z","OUT","N","MON","1383.00","51.5625","-84.8141","6668"
"COC_FIRE_052","on","GMT","2023-09-08T18:48:00.000Z","2023-10-12T19:43:00.000Z","OUT","N","MON","408.60","51.4104","-82.1242","6668"
"HEA_FIRE_014","on","GMT","2023-08-16T14:45:00.000Z","2023-10-12T19:42:00.000Z","OUT","N","MON","1.00","50.4629","-84.6899","6668"
"COC_FIRE_046","on","GMT","2023-07-25T22:04:00.000Z","2023-10-12T19:41:00.000Z","OUT","N","MON","1473.90","50.9907","-85.0603","6668"
"COC_FIRE_045","on","GMT","2023-07-25T21:00:00.000Z","2023-10-12T19:40:00.000Z","OUT","N","MON","1.00","50.7627","-84.8935","6668"
"COC_FIRE_044","on","GMT","2023-07-24T21:50:00.000Z","2023-10-12T19:38:00.000Z","OUT","N","MON","10.00","53.0984","-83.2366","6668"
"COC_FIRE_043","on","GMT","2023-07-24T21:44:00.000Z","2023-10-12T19:37:00.000Z","OUT","N","MON","30.00","52.9523","-83.5714","6668"
"COC_FIRE_034","on","GMT","2023-07-05T11:10:00.000Z","2023-10-12T19:36:00.000Z","OUT","N","MON","183.90","54.6507","-85.6523","6668"
"COC_FIRE_033","on","GMT","2023-07-04T14:01:00.000Z","2023-10-12T19:35:00.000Z","OUT","N","MON","60.00","54.5029","-85.3328","6668"
"COC_FIRE_032","on","GMT","2023-07-05T00:05:00.000Z","2023-10-12T19:33:00.000Z","OUT","N","MON","653.20","54.6032","-85.1801","6668"
"COC_FIRE_021","on","GMT","2023-06-29T20:36:00.000Z","2023-10-12T19:24:00.000Z","OUT","N","MON","18.30","53.3029","-84.0011","6668"
"COC_FIRE_020","on","GMT","2023-06-29T20:30:00.000Z","2023-10-12T19:23:00.000Z","OUT","N","MON","3118.10","53.0639","-84.036","6668"
"COC_FIRE_024","on","GMT","2023-06-29T13:58:00.000Z","2023-10-12T19:22:00.000Z","OUT","N","MON","4688.00","54.2308","-85.6068","6668"
"COC_FIRE_023","on","GMT","2023-06-29T13:49:00.000Z","2023-10-12T19:20:00.000Z","OUT","N","MON","95.10","54.0634","-85.218","6668"
"COC_FIRE_022","on","GMT","2023-06-29T13:38:00.000Z","2023-10-12T19:19:00.000Z","OUT","N","MON","70.00","54.7233","-85.0455","6668"
"COC_FIRE_001","on","GMT","2023-05-28T20:52:00.000Z","2023-10-12T19:15:00.000Z","OUT","N","MON","781.40","51.5566","-85.3216","6668"
"WWF-058-2023","ab","MST","2023-10-12T23:12:00.000Z","2023-10-12T19:05:00.000Z","OUT","H","FUL","0.15","54.64185","-115.5362","6668"
"2023-V83058","bc","PDT","2023-08-29T23:44:00.000Z","2023-10-12T19:01:00.000Z","OUT","N","FUL","0.34","50.084583000000002","-125.886133","6668"
"2023-C21329","bc","PDT","2023-07-09T00:57:00.000Z","2023-10-12T18:31:00.000Z","OUT","N","FUL","1.00","52.37735","-122.009276","6668"
"2023-C31538","bc","PDT","2023-07-11T15:20:00.000Z","2023-10-12T18:31:00.000Z","OUT","N","FUL","10.90","52.472760999999998","-121.000739","6668"
"2023-C40056","bc","PDT","2023-04-17T22:49:00.000Z","2023-10-12T18:31:00.000Z","OUT","H","FUL","1.03","51.607162000000002","-121.22556299999999","6668"
"2023-R51245","bc","PDT","2023-07-08T04:10:00.000Z","2023-10-12T18:31:00.000Z","UC","N","FUL","200.00","53.8538","-128.59350000000001","6668"
"2023-R42203","bc","PDT","2023-07-23T22:18:00.000Z","2023-10-12T18:31:00.000Z","OUT","N","FUL","0.01","54.999082999999999","-127.919783","6668"
"2023-R42401","bc","PDT","2023-08-02T00:17:00.000Z","2023-10-12T18:31:00.000Z","OUT","H","MOD","0.01","55.573816000000001","-127.29827899999999","6668"
"2023-R31406","bc","PDT","2023-07-09T22:43:00.000Z","2023-10-12T18:31:00.000Z","OUT","N","MON","0.01","54.549467","-127.5984","6668"
"2023-R41724","bc","PDT","2023-07-15T20:06:00.000Z","2023-10-12T18:31:00.000Z","OUT","N","FUL","0.01","54.969799999999999","-127.889967","6668"
"2023-R51713","bc","PDT","2023-07-15T03:08:00.000Z","2023-10-12T18:31:00.000Z","BH","H","MON","66.00","53.069000000000003","-127.52","6668"
"BAN_FIRE_006","on","GMT","2023-09-28T18:25:00.000Z","2023-10-12T18:30:00.000Z","OUT","H","FUL","10.80","44.8563","-77.4098","6668"
"270","qc","EST","2023-06-01T21:20:00.000Z","2023-10-12T18:24:10.000Z","OUT","N","FUL","2504.80","49.7389","-68.6347","6668"
"2023-R51402","bc","PDT","2023-07-09T22:01:00.000Z","2023-10-12T18:01:00.000Z","BH","N","FUL","100.00","53.228099999999998","-127.851483","6668"
"2023-R51711","bc","PDT","2023-07-15T02:46:00.000Z","2023-10-12T18:01:00.000Z","BH","H","FUL","512.00","53.113999999999997","-127.599","6668"
"2023-R51266","bc","PDT","2023-07-08T04:25:00.000Z","2023-10-12T17:31:00.000Z","OUT","H","FUL","0.01","55.280583","-128.93315000000001","6668"
"157","qc","EST","2023-05-26T17:00:00.000Z","2023-10-12T16:44:26.000Z","OUT","H","FUL","0.00","50.1472","-66.5075","6668"
"2023-G92779","bc","PDT","2023-08-16T23:26:00.000Z","2023-10-12T16:31:00.000Z","OUT","N","MOD","0.00","59.344900000000003","-122.03488299999999","6668"
"PWF-140-2023","ab","MST","2023-10-05T00:59:00.000Z","2023-10-12T14:52:00.000Z","OUT","H","FUL","0.01","56.829","-117.707383","6668"
"HTZ-001-2023","ab","MST","2023-10-12T14:29:00.000Z","2023-10-12T14:29:00.000Z","BH","H","FUL","55306.70","59.93692","-118.075348","6668"
"CWF-083-2023","ab","MST","2023-10-08T16:00:00.000Z","2023-10-12T13:45:00.000Z","OUT","U","FUL","0.30","51.304967","-114.984217","6668"
"HBZ-002-2023","ab","MST","2023-10-12T13:20:20.000Z","2023-10-12T13:20:20.000Z","BH","H","FUL","53676.90","59.999998","-119.95","6668"
"HBZ-004-2023","ab","MST","2023-10-12T13:13:20.000Z","2023-10-12T13:13:20.000Z","BH","H","FUL","163.30","59.051243","-119.999058","6668"
"SWF-142-2023","ab","MST","2023-10-12T16:08:00.000Z","2023-10-12T12:00:00.000Z","OUT","H","FUL","0.01","56.6777","-114.57965","6668"
"2023-R51710","bc","PDT","2023-07-15T02:41:00.000Z","2023-10-12T00:01:00.000Z","BH","H","FUL","230.00","53.125","-127.651","6668"
"2023-R51709","bc","PDT","2023-07-15T02:34:00.000Z","2023-10-12T00:01:00.000Z","BH","H","FUL","110.00","53.158999999999999","-127.72799999999999","6668"
"2023-K42988","bc","PDT","2023-08-28T02:05:00.000Z","2023-10-12T00:01:00.000Z","OUT","H","FUL","1.50","50.892449999999997","-118.751333","6668"
"2023-K41410","bc","PDT","2023-07-09T22:47:00.000Z","2023-10-12T00:01:00.000Z","OUT","N","FUL","7.40","51.122833","-119.33435","6668"
"2023-G13183","bc","PDT","2023-09-07T19:20:00.000Z","2023-10-11T23:31:00.000Z","OUT","H","FUL","0.10","53.430782999999998","-122.81945","6668"
"2023-R51929","bc","PDT","2023-07-20T20:04:00.000Z","2023-10-11T23:01:00.000Z","UC","N","FUL","2.00","54.829366999999998","-128.93556699999999","6668"
"2023-K41156","bc","PDT","2023-07-06T21:36:00.000Z","2023-10-11T23:01:00.000Z","OUT","H","FUL","10.00","50.481617","-118.494333","6668"
"2023-R51702","bc","PDT","2023-07-15T01:12:00.000Z","2023-10-11T23:01:00.000Z","OUT","H","FUL","5.00","56.229683000000001","-128.49430000000001","6668"
"2023-R51336","bc","PDT","2023-07-09T01:42:00.000Z","2023-10-11T23:01:00.000Z","UC","N","FUL","200.00","55.146166999999998","-128.72241700000001","6668"
"2023-G92943","bc","PDT","2023-08-25T02:16:00.000Z","2023-10-11T22:31:00.000Z","OUT","N","MOD","0.00","59.141632999999999","-120.541783","6668"
"2023-C13305","bc","PDT","2023-09-17T23:26:00.000Z","2023-10-11T22:01:00.000Z","OUT","H","FUL","10.50","53.022582999999997","-124.798383","6668"
"2023-G80223","bc","PDT","2023-05-05T22:06:00.000Z","2023-10-11T22:01:00.000Z","UC","H","FUL","2947.00","56.416066999999998","-121.232417","6668"
"2023-G12008","bc","PDT","2023-07-21T20:18:00.000Z","2023-10-11T21:31:00.000Z","OUT","N","FUL","0.01","54.045583000000001","-123.05708300000001","6668"
"2023-C51753","bc","PDT","2023-07-16T05:40:00.000Z","2023-10-11T21:31:00.000Z","OUT","N","FUL","2.00","51.408499999999997","-124.42700000000001","6668"
"2023-K42907","bc","PDT","2023-08-22T14:48:00.000Z","2023-10-11T20:31:00.000Z","OUT","N","FUL","0.10","50.959083","-119.0822","6668"
"2023-V72713","bc","PDT","2023-08-13T00:31:00.000Z","2023-10-11T20:01:00.000Z","OUT","H","FUL","0.01","49.540782999999998","-125.073117","6668"
"2023-K42914","bc","PDT","2023-08-22T23:38:00.000Z","2023-10-11T20:01:00.000Z","OUT","N","FUL","0.01","50.383499999999998","-118.89","6668"
"2023-K40421","bc","PDT","2023-05-20T19:29:00.000Z","2023-10-11T20:01:00.000Z","OUT","N","FUL","7.50","51.358750000000001","-118.86915","6668"
"2023-R31460","bc","PDT","2023-07-10T03:06:00.000Z","2023-10-11T20:01:00.000Z","OUT","N","MON","0.01","54.900750000000002","-126.888267","6668"
"2023-R41389","bc","PDT","2023-07-09T19:47:00.000Z","2023-10-11T20:01:00.000Z","OUT","N","MON","0.01","54.943567000000002","-127.803883","6668"
"2023-K43214","bc","PDT","2023-09-10T15:35:00.000Z","2023-10-11T19:31:00.000Z","OUT","N","FUL","0.01","50.414949999999997","-118.42529999999999","6668"
"2023-G13407","bc","PDT","2023-10-09T23:11:00.000Z","2023-10-11T19:31:00.000Z","OUT","H","FUL","0.01","53.919016999999997","-122.93763300000001","6668"
"2023-R22317","bc","PDT","2023-07-29T22:29:00.000Z","2023-10-11T19:31:00.000Z","OUT","N","FUL","0.20","54.901383000000003","-126.482917","6668"
"2023-R51386","bc","PDT","2023-07-09T18:49:00.000Z","2023-10-11T19:31:00.000Z","OUT","N","FUL","0.09","54.817782999999999","-128.37661600000001","6668"
"2023-R11258","bc","PDT","2023-07-08T05:23:00.000Z","2023-10-11T19:01:00.000Z","OUT","N","FUL","0.01","54.390483000000003","-126.029067","6668"
"2023-R51421","bc","PDT","2023-07-09T23:51:00.000Z","2023-10-11T19:01:00.000Z","OUT","N","FUL","0.01","54.859000000000002","-128.89666700000001","6668"
"2023-K41514","bc","PDT","2023-07-11T01:31:00.000Z","2023-10-11T18:31:00.000Z","OUT","N","FUL","0.01","51.126666999999998","-119.326633","6668"
"HWF-165-2023","ab","MST","2023-10-10T22:45:00.000Z","2023-10-11T18:00:00.000Z","OUT","H","FUL","0.30","58.477517","-114.356717","6668"
"HWF-163-2023","ab","MST","2023-10-10T22:00:00.000Z","2023-10-11T18:00:00.000Z","OUT","H","FUL","0.50","58.46375","-114.415583","6668"
"HWF-166-2023","ab","MST","2023-10-10T22:50:00.000Z","2023-10-11T18:00:00.000Z","OUT","H","FUL","0.40","58.4663","-114.4103","6668"
"2023-K41395","bc","PDT","2023-07-09T20:31:00.000Z","2023-10-11T17:31:00.000Z","OUT","H","FUL","0.60","50.175550000000001","-119.4425","6668"
"2023-V83048","bc","PDT","2023-08-29T22:00:00.000Z","2023-10-11T17:01:00.000Z","OUT","N","FUL","0.01","50.05885","-125.647267","6668"
"2023-K22190","bc","PDT","2023-07-23T17:56:00.000Z","2023-10-11T16:31:00.000Z","OUT","N","MON","103.00","51.980533000000001","-120.26195","6668"
"GWF-071-2023","ab","MST","2023-10-06T23:50:00.000Z","2023-10-11T16:15:00.000Z","OUT","H","FUL","0.10","55.519067","-119.453533","6668"
"WWF-057-2023","ab","MST","2023-10-11T05:55:00.000Z","2023-10-11T15:50:00.000Z","OUT","H","FUL","0.01","54.098053","-115.623887","6668"
"62642","nb","ADT","2023-10-11T15:38:09.000Z","2023-10-11T15:33:00.000Z","OUT","U","FUL","0.10","47.695","-67.42497","6668"
"NIP_FIRE_111","on","GMT","2023-09-12T20:54:00.000Z","2023-10-11T15:00:00.000Z","OUT","N","MON","0.50","51.2984","-88.0678","6668"
"NIP_FIRE_113","on","GMT","2023-09-13T15:06:00.000Z","2023-10-11T15:00:00.000Z","OUT","N","MOD","0.10","51.2224","-87.0637","6668"
"NIP_FIRE_102","on","GMT","2023-08-08T19:15:00.000Z","2023-10-11T15:00:00.000Z","OUT","N","MON","2.00","51.2571","-88.1557","6668"
"NIP_FIRE_096","on","GMT","2023-08-07T14:53:00.000Z","2023-10-11T15:00:00.000Z","OUT","N","MON","5.00","51.4264","-87.156","6668"
"NIP_FIRE_112","on","GMT","2023-09-12T20:55:00.000Z","2023-10-11T15:00:00.000Z","OUT","N","MON","3.00","51.1493","-87.5211","6668"
"NIP_FIRE_110","on","GMT","2023-09-12T15:19:00.000Z","2023-10-11T15:00:00.000Z","OUT","N","MON","1.50","51.2224","-86.9634","6668"
"GWF-074-2023","ab","MST","2023-10-10T23:38:00.000Z","2023-10-11T14:30:00.000Z","OUT","H","FUL","0.20","55.50145","-118.56525","6668"
"23BN-LINVALL","sk","CST","2023-09-22T08:43:15.000Z","2023-10-11T14:20:07.000Z","OUT","N","MOD","660.00","56.361978","-109.013426","6668"
"23BN-GARSON","sk","CST","2023-09-22T14:49:23.000Z","2023-10-11T14:19:20.000Z","OUT","N","MOD","689.00","56.170922","-109.592501","6668"
"23BN-HILLS","sk","CST","2023-09-19T18:17:36.000Z","2023-10-11T14:18:09.000Z","OUT","N","FUL","1500.00","55.982667","-109.2232","6668"
"23BN-SHAD","sk","CST","2023-05-29T12:10:42.000Z","2023-10-11T14:16:35.000Z","OUT","N","MOD","24854.00","56.4411","-107.966317","6668"
"23BN-BROAD","sk","CST","2023-07-29T15:10:17.000Z","2023-10-11T13:53:10.000Z","OUT","N","MOD","1645.00","56.629214","-108.359585","6668"
"23LX-SHAW","sk","CST","2023-05-04T17:17:17.000Z","2023-10-11T09:24:47.000Z","OUT","H","MOD","191000.00","55.558417","-108.380233","6668"
"23LX-SMITH","sk","CST","2023-05-11T17:55:13.000Z","2023-10-11T09:22:00.000Z","OUT","N","MOD","543976.00","55.984833","-106.58665","6668"
"23LA-MCTAVISH","sk","CST","2023-09-19T13:57:30.000Z","2023-10-11T08:28:35.000Z","OUT","N","MOD","7102.00","55.845","-105.360333","6668"
"2023WB30","pc","MDT","2023-09-02T20:13:50.000Z","2023-10-11T07:00:00.000Z","OC","N","MON","5088.00","60.455","-115.5999","6668"
"2023WB25","pc","MDT","2023-07-17T19:39:53.000Z","2023-10-11T07:00:00.000Z","OC","N","MON","77293.00","59.5079","-114.2576","6668"
"2023WB26","pc","MDT","2023-07-22T18:20:52.000Z","2023-10-11T07:00:00.000Z","OUT","N","FUL","0.50","59.082","-112.6572","6668"
"2023WB27","pc","MDT","2023-07-25T02:22:15.000Z","2023-10-11T07:00:00.000Z","OUT","N","FUL","2.30","59.4803","-111.6129","6668"
"2023WB28","pc","MDT","2023-07-26T01:30:18.000Z","2023-10-11T07:00:00.000Z","OUT","N","FUL","0.30","59.3422","-111.546","6668"
"2023WB29","pc","MDT","2023-08-22T06:00:00.000Z","2023-10-11T07:00:00.000Z","OC","N","MON","5900.00","58.0812","-113.2374","6668"
"2023WB31","pc","MDT","2023-09-02T20:27:48.000Z","2023-10-11T07:00:00.000Z","OC","N","MON","7822.00","59.6844","-115.2978","6668"
"2023WB1","pc","MDT","2023-05-16T22:51:58.000Z","2023-10-11T07:00:00.000Z","UC","U","MOD","24947.00","58.6371","-114.0023","6668"
"2023WB5","pc","MDT","2023-05-28T06:17:28.000Z","2023-10-11T07:00:00.000Z","OUT","N","FUL","19.00","59.7391","-112.0581","6668"
"2023WB6","pc","MDT","2023-05-28T06:19:35.000Z","2023-10-11T07:00:00.000Z","OUT","N","FUL","9.00","59.7478","-112.071","6668"
"2023WB2","pc","MDT","2023-05-28T20:27:16.000Z","2023-10-11T07:00:00.000Z","OC","N","MOD","64149.00","59.3952","-112.4517","6668"
"2023WB3","pc","MDT","2023-05-28T20:30:43.000Z","2023-10-11T07:00:00.000Z","OC","N","MON","6477.00","58.2736","-112.8389","6668"
"2023WB4","pc","MDT","2023-05-28T21:44:23.000Z","2023-10-11T07:00:00.000Z","OC","N","MON","339.00","58.3837","-112.2474","6668"
"2023WB8","pc","MDT","2023-05-29T19:03:21.000Z","2023-10-11T07:00:00.000Z","BH","N","MOD","4937.00","58.9604","-112.9904","6668"
"2023WB9","pc","MDT","2023-05-29T21:07:31.000Z","2023-10-11T07:00:00.000Z","BH","N","MOD","4218.00","58.8869","-113.2325","6668"
"2023WB7","pc","MDT","2023-05-29T22:09:23.000Z","2023-10-11T07:00:00.000Z","BH","N","FUL","348511.00","59.6748","-112.4246","6668"
"2023WB10","pc","MDT","2023-05-30T21:13:40.000Z","2023-10-11T07:00:00.000Z","OC","N","MON","75.00","58.7334","-111.5067","6668"
"2023WB11","pc","MDT","2023-05-30T23:53:22.000Z","2023-10-11T07:00:00.000Z","BH","N","MON","118948.00","59.2167","-113.4225","6668"
"2023WB12","pc","MDT","2023-05-31T01:08:52.000Z","2023-10-11T07:00:00.000Z","OC","N","MON","20280.00","58.1171","-112.6443","6668"
"2023WB13","pc","MDT","2023-05-31T01:25:47.000Z","2023-10-11T07:00:00.000Z","BH","N","MOD","100.00","58.841","-113.1957","6668"
"2023WB14","pc","MDT","2023-05-31T01:32:46.000Z","2023-10-11T07:00:00.000Z","BH","N","MOD","83116.00","58.96","-113.2899","6668"
"2023WB15","pc","MDT","2023-06-10T16:37:08.000Z","2023-10-11T07:00:00.000Z","OUT","N","FUL","12.00","59.4837","-111.9567","6668"
"2023WB16","pc","MDT","2023-07-01T23:15:51.000Z","2023-10-11T07:00:00.000Z","OUT","N","FUL","43.00","60.466","-113.278","6668"
"2023WB17","pc","MDT","2023-07-02T02:47:48.000Z","2023-10-11T07:00:00.000Z","OUT","N","MOD","13.00","59.835","-112.285","6668"
"2023WB18","pc","MDT","2023-07-02T02:52:21.000Z","2023-10-11T07:00:00.000Z","OC","N","MON","109244.00","59.762","-113.908","6668"
"2023WB19","pc","MDT","2023-07-03T23:10:33.000Z","2023-10-11T07:00:00.000Z","OC","N","MON","18781.00","58.1625","-113.4416","6668"
"2023WB20","pc","MDT","2023-07-03T23:11:49.000Z","2023-10-11T07:00:00.000Z","OC","N","MON","3.20","58.3486","-113.6755","6668"
"2023WB21","pc","MDT","2023-07-03T23:14:12.000Z","2023-10-11T07:00:00.000Z","OC","N","MON","1525.00","58.2461","-113.7738","6668"
"2023WB22","pc","MDT","2023-07-04T20:44:39.000Z","2023-10-11T07:00:00.000Z","OUT","N","FUL","0.50","59.991","-113.439","6668"
"2023WB23","pc","MDT","2023-07-04T22:16:14.000Z","2023-10-11T07:00:00.000Z","OC","N","MON","13934.00","60.457","-113.851","6668"
"2023WB24","pc","MDT","2023-07-11T23:49:12.000Z","2023-10-11T07:00:00.000Z","OC","N","MON","13736.00","59.5512","-115.5107","6668"
"2023-G41445","bc","PDT","2023-07-10T01:54:00.000Z","2023-10-11T01:31:00.000Z","OUT","N","MON","65.00","53.640749999999997","-124.615167","6668"
"2023-N23403","bc","PDT","2023-10-07T23:16:00.000Z","2023-10-10T22:31:00.000Z","OUT","H","FUL","1.10","50.556617000000003","-116.0838","6668"
"2023-C51136","bc","PDT","2023-07-05T12:52:00.000Z","2023-10-10T22:01:00.000Z","OUT","H","MOD","0.10","52.086283000000002","-123.3633","6668"
"2023-C20082","bc","PDT","2023-04-24T03:25:00.000Z","2023-10-10T22:01:00.000Z","OUT","H","FUL","10.00","51.925333000000002","-122.522133","6668"
"2023-C51648","bc","PDT","2023-07-13T14:20:00.000Z","2023-10-10T20:31:00.000Z","OUT","N","FUL","0.50","52.220332999999997","-125.27636699999999","6668"
"2023-K42911","bc","PDT","2023-08-22T18:48:00.000Z","2023-10-10T20:01:00.000Z","OUT","N","FUL","0.01","50.722883000000003","-119.1463","6668"
"2023-N52675","bc","PDT","2023-08-10T18:10:00.000Z","2023-10-10T19:31:00.000Z","OUT","N","FUL","0.01","49.338966999999997","-117.398933","6668"
"66","qc","EST","2023-05-10T20:40:00.000Z","2023-10-10T19:14:36.000Z","OUT","H","FUL","0.00","46.0217","-75.0522","6668"
"65","qc","EST","2023-05-10T22:30:00.000Z","2023-10-10T19:03:15.000Z","OUT","H","FUL","0.20","46.4897","-75.8958","6668"
"2023-R11173","bc","PDT","2023-07-07T03:18:00.000Z","2023-10-10T19:01:00.000Z","OUT","N","FUL","0.01","53.597667000000001","-125.942133","6668"
"2023-G43366","bc","PDT","2023-09-27T22:54:00.000Z","2023-10-10T19:01:00.000Z","OUT","N","FUL","0.20","53.779283","-123.68774999999999","6668"
"2023-R11280","bc","PDT","2023-07-08T15:41:00.000Z","2023-10-10T19:01:00.000Z","OUT","H","FUL","0.01","54.126550000000002","-125.7942","6668"
"2023-R11172","bc","PDT","2023-07-07T03:16:00.000Z","2023-10-10T19:01:00.000Z","OUT","N","FUL","0.01","53.661133","-125.958033","6668"
"2023-R11170","bc","PDT","2023-07-07T02:49:00.000Z","2023-10-10T19:01:00.000Z","OUT","N","FUL","0.10","53.637500000000003","-125.921617","6668"
"2023-V73110","bc","PDT","2023-09-01T21:32:00.000Z","2023-10-10T18:31:00.000Z","OUT","N","MOD","12.10","48.943167000000003","-124.71554999999999","6668"
"2023-G83125","bc","PDT","2023-09-02T20:23:00.000Z","2023-10-10T18:31:00.000Z","OUT","N","FUL","0.10","56.727666999999997","-121.934167","6668"
"2023-R11558","bc","PDT","2023-07-11T22:24:00.000Z","2023-10-10T18:31:00.000Z","OUT","N","FUL","3.20","54.080249999999999","-125.35505000000001","6668"
"253","qc","EST","2023-06-01T20:00:00.000Z","2023-10-10T18:24:17.000Z","OUT","N","FUL","2.00","49.1042","-72.1653","6668"
"249","qc","EST","2023-06-01T19:00:00.000Z","2023-10-10T18:18:04.000Z","OUT","N","FUL","5823.70","49.3578","-71.0489","6668"
"2023-G12128","bc","PDT","2023-07-22T22:11:00.000Z","2023-10-10T18:01:00.000Z","OUT","N","FUL","4.00","53.815382999999997","-121.96299999999999","6668"
"2023-G51652","bc","PDT","2023-07-13T18:53:00.000Z","2023-10-10T18:01:00.000Z","OUT","N","MON","0.20","56.261966999999999","-127.677567","6668"
"2023-V73142","bc","PDT","2023-09-03T00:42:00.000Z","2023-10-10T17:31:00.000Z","OUT","N","MON","0.91","49.351500000000001","-125.4725","6668"
"HWF-160-2023","ab","MST","2023-09-19T22:37:00.000Z","2023-10-10T17:20:00.000Z","OUT","N","FUL","5.00","59.72995","-119.717883","6668"
"HWF-161-2023","ab","MST","2023-09-19T22:42:00.000Z","2023-10-10T17:20:00.000Z","OUT","N","FUL","200.00","59.731","-119.751217","6668"
"2023-G73122","bc","PDT","2023-09-02T04:20:00.000Z","2023-10-10T17:01:00.000Z","OUT","N","MON","0.19","55.251167000000002","-121.67616700000001","6668"
"2023-N71918","bc","PDT","2023-07-20T02:36:00.000Z","2023-10-10T17:01:00.000Z","OUT","N","MOD","1457.00","49.360166","-116.21416600000001","6668"
"99","qc","EST","2023-05-14T18:30:00.000Z","2023-10-10T16:11:23.000Z","OUT","H","FUL","0.00","46.6022","-74.8033","6668"
"2023-C43401","bc","PDT","2023-10-07T22:03:00.000Z","2023-10-10T16:01:00.000Z","OUT","H","FUL","0.01","51.873583000000004","-121.666033","6668"
"SWF-140-2023","ab","MST","2023-10-10T19:05:00.000Z","2023-10-10T16:00:00.000Z","OUT","U","FUL","0.01","55.395467","-115.74645","6668"
"23SF-DITCH26","sk","CST","2023-10-10T15:11:53.000Z","2023-10-10T15:42:28.000Z","OUT","H","MOD","0.10","50.179498","-103.028259","6668"
"HWF-162-2023","ab","MST","2023-09-29T00:37:00.000Z","2023-10-10T15:19:12.000Z","OUT","N","FUL","2.50","58.70395","-113.916633","6668"
"WE018","mb","CDT","2023-06-16T05:00:00.000Z","2023-10-10T15:19:00.000Z","OUT","N","MOD","13381.00","55.43722","-101.67278","6668"
"NO095","mb","CDT","2023-07-23T05:00:00.000Z","2023-10-10T14:49:00.000Z","OUT","N","MON","800.20","54.00972","-96.82028","6668"
"LWF-186-2023","ab","MST","2023-10-10T00:37:00.000Z","2023-10-10T12:05:00.000Z","OUT","H","FUL","0.10","55.264383","-113.230617","6668"
"SWF-103-2023","ab","MST","2023-06-21T22:36:00.000Z","2023-10-10T10:00:00.000Z","OUT","N","FUL","40.50","56.803567","-115.08695","6668"
"SWF-085-2023","ab","MST","2023-05-17T02:11:00.000Z","2023-10-10T10:00:00.000Z","OUT","U","FUL","39.40","55.225233","-114.2428","6668"
"SWF-087-2023","ab","MST","2023-05-17T02:27:00.000Z","2023-10-10T10:00:00.000Z","OUT","U","FUL","1036.00","55.226583","-114.2757","6668"
"SWF-086-2023","ab","MST","2023-05-17T02:17:00.000Z","2023-10-10T10:00:00.000Z","OUT","U","FUL","4742.00","55.179817","-114.115967","6668"
"CWF-084-2023","ab","MST","2023-10-09T23:40:00.000Z","2023-10-10T09:20:00.000Z","OUT","H","FUL","0.01","49.701367","-114.46675","6668"
"GWF-073-2023","ab","MST","2023-10-09T21:01:00.000Z","2023-10-09T15:06:00.000Z","OUT","H","FUL","0.10","55.554007","-119.373671","6668"
"GWF-070-2023","ab","MST","2023-10-03T03:00:00.000Z","2023-10-09T14:25:00.000Z","UC","H","FUL","6.10","55.930667","-117.765817","6668"
"LWF-185-2023","ab","MST","2023-10-09T06:44:00.000Z","2023-10-09T11:20:00.000Z","OUT","H","FUL","0.10","55.258233","-113.225867","6668"
"LWF-183-2023","ab","MST","2023-10-06T20:54:00.000Z","2023-10-09T10:27:00.000Z","OUT","H","FUL","0.13","54.895783","-112.08425","6668"
"23HB-NOREN","sk","CST","2023-10-02T11:46:05.000Z","2023-10-09T10:15:57.000Z","OUT","H","FUL","0.10","52.259883","-103.18975","6668"
"2023-G82711","bc","PDT","2023-08-12T23:05:00.000Z","2023-10-08T00:31:00.000Z","OUT","N","FUL","15.00","56.557250000000003","-120.2308","6668"
"2023-G83396","bc","PDT","2023-10-07T03:41:00.000Z","2023-10-07T18:01:00.000Z","OUT","H","FUL","0.01","56.406117000000002","-121.208617","6668"
"EWF-081-2023","ab","MST","2023-10-07T22:43:00.000Z","2023-10-07T17:30:00.000Z","OUT","H","FUL","0.20","53.577285","-115.28212","6668"
"LWF-184-2023","ab","MST","2023-10-07T21:41:00.000Z","2023-10-07T16:15:00.000Z","OUT","H","FUL","0.01","55.344033","-111.264667","6668"
"NO129","mb","CDT","2023-08-23T05:00:00.000Z","2023-10-07T15:08:00.000Z","OUT","N","MON","350.00","57.38056","-101.62583","6668"
"NO106","mb","CDT","2023-07-30T05:00:00.000Z","2023-10-07T15:07:00.000Z","OUT","N","MON","563.10","56.94139","-99.17972","6668"
"NO124","mb","CDT","2023-08-12T05:00:00.000Z","2023-10-07T15:07:00.000Z","OUT","N","MON","130.00","57.23083","-101.32944","6668"
"NO037","mb","CDT","2023-06-18T05:00:00.000Z","2023-10-07T15:07:00.000Z","OUT","N","MOD","15779.30","57.00056","-100.58667","6668"
"2023-VA3096","bc","PDT","2023-08-31T23:22:00.000Z","2023-10-07T00:01:00.000Z","OUT","H","FUL","0.01","52.442667","-126.335183","6668"
"2023-V73141","bc","PDT","2023-09-03T00:34:00.000Z","2023-10-06T23:31:00.000Z","OUT","N","MON","0.02","49.351832999999999","-125.4515","6668"
"2023-G90810","bc","PDT","2023-06-17T04:47:00.000Z","2023-10-06T23:31:00.000Z","BH","N","MON","500.00","57.650967000000001","-123.60465000000001","6668"
"2023-V83146","bc","PDT","2023-09-03T02:39:00.000Z","2023-10-06T23:31:00.000Z","OUT","N","FUL","0.10","49.54645","-125.65346700000001","6668"
"2023-V82849","bc","PDT","2023-08-19T20:05:00.000Z","2023-10-06T23:31:00.000Z","OUT","H","FUL","0.01","49.877966999999998","-125.709217","6668"
"2023-V92201","bc","PDT","2023-07-23T21:49:00.000Z","2023-10-06T23:31:00.000Z","OUT","N","MON","1.10","51.135950000000001","-126.660667","6668"
"2023-V91508","bc","PDT","2023-07-10T23:12:00.000Z","2023-10-06T23:31:00.000Z","OUT","N","MOD","8.30","51.205883","-127.357517","6668"
"2023-V80157","bc","PDT","2023-04-30T01:23:00.000Z","2023-10-06T23:31:00.000Z","OUT","H","FUL","0.01","50.336933000000002","-125.89749999999999","6668"
"2023-V63044","bc","PDT","2023-08-29T20:42:00.000Z","2023-10-06T23:01:00.000Z","OUT","N","FUL","0.01","48.510832999999998","-123.741883","6668"
"2023-V70849","bc","PDT","2023-06-24T01:24:00.000Z","2023-10-06T23:01:00.000Z","OUT","H","FUL","0.80","49.096333000000001","-123.96296700000001","6668"
"2023-V71066","bc","PDT","2023-07-02T18:03:00.000Z","2023-10-06T23:01:00.000Z","OUT","H","FUL","0.01","49.080216999999998","-124.0168","6668"
"2023-V71880","bc","PDT","2023-07-19T09:41:00.000Z","2023-10-06T23:01:00.000Z","OUT","H","FUL","0.20","49.449249999999999","-124.740883","6668"
"2023-V71881","bc","PDT","2023-07-19T10:05:00.000Z","2023-10-06T23:01:00.000Z","OUT","H","FUL","0.20","49.447533","-124.763583","6668"
"2023-V72452","bc","PDT","2023-08-04T02:47:00.000Z","2023-10-06T23:01:00.000Z","OUT","H","FUL","0.30","49.247117000000003","-124.85395","6668"
"2023-V62769","bc","PDT","2023-08-16T03:00:00.000Z","2023-10-06T23:01:00.000Z","OUT","H","FUL","0.20","48.571333000000003","-123.529633","6668"
"2023-V63019","bc","PDT","2023-08-29T03:08:00.000Z","2023-10-06T23:01:00.000Z","OUT","N","FUL","0.01","48.864283","-124.063467","6668"
"2023-G73284","bc","PDT","2023-09-16T06:57:00.000Z","2023-10-06T22:31:00.000Z","OUT","H","FUL","0.70","55.680366999999997","-120.348783","6668"
"2023-V60773","bc","PDT","2023-06-14T01:16:00.000Z","2023-10-06T22:31:00.000Z","OUT","H","FUL","0.01","48.894967000000001","-123.6583","6668"
"2023-G80175","bc","PDT","2023-05-03T04:05:00.000Z","2023-10-06T22:31:00.000Z","OUT","H","FUL","385.00","56.531866999999998","-121.92455","6668"
"2023-V53157","bc","PDT","2023-09-04T01:15:00.000Z","2023-10-06T22:31:00.000Z","OUT","H","FUL","0.01","49.463099999999997","-123.6241","6668"
"2023-V60605","bc","PDT","2023-06-04T19:32:00.000Z","2023-10-06T22:31:00.000Z","OUT","H","FUL","0.01","48.954166999999998","-123.811666","6668"
"2023-G73327","bc","PDT","2023-09-21T04:04:00.000Z","2023-10-06T22:31:00.000Z","OUT","H","MON","0.13","55.952916999999999","-120.335967","6668"
"2023-K21633","bc","PDT","2023-07-13T03:52:00.000Z","2023-10-06T22:31:00.000Z","UC","N","FUL","45613.00","51.003500000000003","-119.82548300000001","6668"
"2023-C32985","bc","PDT","2023-08-27T23:49:00.000Z","2023-10-06T21:31:00.000Z","OUT","N","FUL","0.30","52.463433000000002","-121.09863300000001","6668"
"2023-C32980","bc","PDT","2023-08-27T21:43:00.000Z","2023-10-06T19:31:00.000Z","OUT","N","FUL","0.01","52.503582999999999","-121.331","6668"
"SUD_FIRE_048","on","GMT","2023-10-04T17:41:00.000Z","2023-10-06T19:30:00.000Z","OUT","H","FUL","0.60","46.0794","-81.1542","6668"
"2023-C30675","bc","PDT","2023-06-08T22:18:00.000Z","2023-10-06T19:01:00.000Z","OUT","H","FUL","226.00","52.254767000000001","-120.83515","6668"
"2023-C52130","bc","PDT","2023-07-22T23:26:00.000Z","2023-10-06T19:01:00.000Z","OUT","N","FUL","0.01","52.029333000000001","-123.443167","6668"
"2023-C20093","bc","PDT","2023-04-27T00:31:00.000Z","2023-10-06T19:01:00.000Z","OUT","H","FUL","60.00","51.984332999999999","-122.635633","6668"
"119","qc","EST","2023-05-15T19:30:00.000Z","2023-10-06T18:59:02.000Z","OUT","H","FUL","1.70","46.065","-76.2906","6668"
"2023-C30440","bc","PDT","2023-05-21T00:44:00.000Z","2023-10-06T18:31:00.000Z","OUT","N","MON","16.00","52.630916999999997","-121.039717","6668"
"2023-N23387","bc","PDT","2023-10-02T09:22:00.000Z","2023-10-06T18:01:00.000Z","OUT","H","FUL","0.20","51.107182999999999","-116.702617","6668"
"SUD_FIRE_047","on","GMT","2023-10-03T19:27:00.000Z","2023-10-06T18:00:00.000Z","OUT","H","FUL","0.60","46.8426","-80.5543","6668"
"NOR_FIRE_017","on","GMT","2023-10-04T14:46:00.000Z","2023-10-06T17:00:00.000Z","OUT","N","FUL","0.30","46.8828","-79.9672","6668"
"HEA_FIRE_022","on","GMT","2023-10-04T19:45:00.000Z","2023-10-06T16:45:00.000Z","OUT","H","FUL","0.70","49.8381","-83.931","6668"
"2023-N43006","bc","PDT","2023-08-28T23:50:00.000Z","2023-10-06T16:31:00.000Z","OUT","N","FUL","0.01","51.056417000000003","-118.174583","6668"
"2023-N42283","bc","PDT","2023-07-26T21:24:00.000Z","2023-10-06T16:31:00.000Z","OUT","N","MON","13.00","51.922333000000002","-117.381833","6668"
"SLK_FIRE_100","on","GMT","2023-09-27T21:15:00.000Z","2023-10-06T16:00:00.000Z","OUT","N","FUL","0.50","50.3889","-90.7174","6668"
"SLK_FIRE_007","on","GMT","2023-05-26T21:52:00.000Z","2023-10-06T13:30:00.000Z","OUT","N","FUL","20426.50","51.7644","-91.8501","6668"
"SLK_FIRE_031","on","GMT","2023-06-11T18:23:00.000Z","2023-10-06T13:30:00.000Z","OUT","N","MON","38033.20","50.9728","-89.1258","6668"
"SLK_FIRE_033","on","GMT","2023-06-11T23:07:00.000Z","2023-10-06T13:30:00.000Z","OUT","N","FUL","62378.00","50.5579","-90.1077","6668"
"2023-C31915","bc","PDT","2023-07-20T02:01:00.000Z","2023-10-06T01:01:00.000Z","OUT","N","FUL","0.09","52.452216999999997","-121.78955000000001","6668"
"08-018-2023","ns","ADT","2023-10-05T23:00:00.000Z","2023-10-06T00:00:00.000Z","OUT","N","FUL","0.01","45.05954361","-63.75728607","6668"
"2023-V63326","bc","PDT","2023-09-21T02:46:00.000Z","2023-10-05T23:01:00.000Z","OUT","H","FUL","0.02","48.516300000000001","-123.5852","6668"
"2023-V83132","bc","PDT","2023-09-02T22:31:00.000Z","2023-10-05T22:01:00.000Z","OUT","N","FUL","0.50","50.174166999999997","-126.07211700000001","6668"
"2023-V83007","bc","PDT","2023-08-28T23:54:00.000Z","2023-10-05T20:31:00.000Z","OUT","N","FUL","0.08","50.352367000000001","-126.065167","6668"
"RED_FIRE_070","on","GMT","2023-08-12T21:07:00.000Z","2023-10-05T19:20:00.000Z","OUT","N","MON","1178.80","52.3064","-94.8182","6668"
"RED_FIRE_028","on","GMT","2023-06-10T19:56:00.000Z","2023-10-05T19:20:00.000Z","OUT","N","FUL","19177.10","50.7161","-92.2131","6668"
"2023-N13394","bc","PDT","2023-10-04T22:44:00.000Z","2023-10-05T19:01:00.000Z","OUT","H","FUL","0.01","49.479950000000002","-115.5878","6668"
"2023-G11912","bc","PDT","2023-07-20T00:51:00.000Z","2023-10-05T17:01:00.000Z","OUT","N","FUL","3.12","53.673566999999998","-122.17005","6668"
"375","qc","EST","2023-06-01T21:30:00.000Z","2023-10-05T15:31:38.000Z","OUT","N","FUL","1699.40","49.5869","-68.4528","6668"
"RWF-074-2023","ab","MST","2023-09-18T17:11:00.000Z","2023-10-05T15:13:49.000Z","OUT","H","FUL","0.10","52.761233","-115.34945","6668"
"424","qc","EST","2023-06-01T21:00:00.000Z","2023-10-05T15:07:20.000Z","OUT","N","FUL","158.50","49.5361","-68.5503","6668"
"23LA-SHADD","sk","CST","2023-06-25T09:36:47.000Z","2023-10-05T15:04:30.000Z","OUT","N","MOD","4849.00","55.664783","-105.394767","6668"
"23LA-PELT","sk","CST","2023-07-22T12:15:37.000Z","2023-10-05T13:26:17.000Z","OUT","N","MOD","9601.00","55.5534","-105.0417","6668"
"23LA-BRAD","sk","CST","2023-07-23T12:21:13.000Z","2023-10-05T13:22:59.000Z","OUT","N","MOD","4191.00","55.6305","-104.277167","6668"
"23LA-ROBERTS","sk","CST","2023-09-26T14:21:50.000Z","2023-10-05T13:22:00.000Z","OUT","H","MOD","5.00","55.7715","-104.08375","6668"
"23LA-BAY","sk","CST","2023-07-23T15:26:40.000Z","2023-10-05T11:35:15.000Z","OUT","N","MOD","8414.10","55.954367","-103.659283","6668"
"23LA-GERMAN","sk","CST","2023-07-19T14:58:59.000Z","2023-10-05T11:28:03.000Z","OUT","N","MOD","6470.00","56.45435","-103.394333","6668"
"23LA-SHARP","sk","CST","2023-05-19T13:48:02.000Z","2023-10-05T07:59:28.000Z","OUT","N","MOD","19251.00","55.424067","-105.1221","6668"
"23LA-HARDY","sk","CST","2023-09-24T15:49:53.000Z","2023-10-05T07:58:24.000Z","OUT","N","FUL","314.00","55.622898","-106.39554","6668"
"2023-G51344","bc","PDT","2023-07-09T02:16:00.000Z","2023-10-05T01:01:00.000Z","BH","N","MON","5219.60","54.7485","-123.870833","6668"
"2023-R11960","bc","PDT","2023-07-21T01:40:00.000Z","2023-10-05T00:31:00.000Z","OUT","H","FUL","0.01","54.258966000000001","-125.914666","6668"
"2023-V33116","bc","PDT","2023-09-02T00:39:00.000Z","2023-10-04T22:31:00.000Z","OUT","N","FUL","0.10","50.360050000000001","-123.56914999999999","6668"
"KLK_FIRE_017","on","GMT","2023-10-04T15:06:00.000Z","2023-10-04T21:30:00.000Z","OUT","H","FUL","0.30","48.386","-80.53","6668"
"381","qc","EST","2023-06-01T22:00:00.000Z","2023-10-04T20:25:14.000Z","OUT","N","FUL","885.50","48.4286","-69.8294","6668"
"326","qc","EST","2023-06-01T19:30:00.000Z","2023-10-04T20:03:07.000Z","OUT","N","FUL","444.30","49.66","-69.9722","6668"
"2023-G90643","bc","PDT","2023-06-06T19:36:00.000Z","2023-10-04T19:31:00.000Z","OUT","N","MOD","0.00","59.073416999999999","-120.100217","6668"
"2023-N72601","bc","PDT","2023-08-07T20:30:00.000Z","2023-10-04T18:31:00.000Z","OUT","N","MON","228.00","50.295282999999998","-117.105133","6668"
"2023-G80839","bc","PDT","2023-06-22T20:12:00.000Z","2023-10-04T18:31:00.000Z","OUT","N","FUL","116.03","57.9621","-121.04407399999999","6668"
"2023-N72833","bc","PDT","2023-08-18T20:54:00.000Z","2023-10-04T18:31:00.000Z","OUT","N","MOD","366.00","50.161917000000003","-117.13894999999999","6668"
"PWF-139-2023","ab","MST","2023-10-04T22:33:00.000Z","2023-10-04T18:05:00.000Z","OUT","H","FUL","0.50","56.545883","-119.360333","6668"
"2023-N52504","bc","PDT","2023-08-06T00:58:00.000Z","2023-10-04T17:31:00.000Z","OUT","H","FUL","2.00","49.313749999999999","-117.676833","6668"
"2023-C50014","bc","PDT","2023-04-06T16:46:00.000Z","2023-10-04T17:31:00.000Z","OUT","H","MON","2.00","51.521127999999997","-124.161945","6668"
"2023-C11315","bc","PDT","2023-07-08T23:56:00.000Z","2023-10-04T17:31:00.000Z","OUT","N","FUL","0.01","52.945982999999998","-124.815783","6668"
"685","qc","EST","2023-09-21T12:30:00.000Z","2023-10-04T17:24:46.000Z","OUT","H","FUL","0.00","48.5514","-68.0278","6668"
"677","qc","EST","2023-09-10T18:00:00.000Z","2023-10-04T17:06:51.000Z","OUT","H","FUL","0.00","48.7353","-67.4236","6668"
"2023-C51976","bc","PDT","2023-07-21T03:42:00.000Z","2023-10-04T17:01:00.000Z","OUT","N","FUL","10.50","52.124450000000003","-123.504583","6668"
"283","qc","EST","2023-06-01T21:00:00.000Z","2023-10-04T14:12:27.000Z","OUT","N","FUL","9954.60","49.5558","-68.6725","6668"
"PWF-137-2023","ab","MST","2023-09-19T02:00:00.000Z","2023-10-04T11:35:00.000Z","OUT","H","FUL","0.25","57.745117","-117.5589","6668"
"2023-K71235","bc","PDT","2023-07-08T01:15:00.000Z","2023-10-04T01:01:00.000Z","OUT","N","FUL","0.01","50.860500000000002","-121.83374999999999","6668"
"2023-G51474","bc","PDT","2023-07-10T05:20:00.000Z","2023-10-04T00:31:00.000Z","UC","N","FUL","1503.40","54.735332999999997","-125.17533299999999","6668"
"2023-G51564","bc","PDT","2023-07-11T23:06:00.000Z","2023-10-04T00:31:00.000Z","UC","N","FUL","6143.20","54.544716999999999","-125.03295","6668"
"2023-G51279","bc","PDT","2023-07-08T18:00:00.000Z","2023-10-04T00:01:00.000Z","BH","N","FUL","48396.30","54.421849999999999","-123.649233","6668"
"2023-G41569","bc","PDT","2023-07-12T00:41:00.000Z","2023-10-04T00:01:00.000Z","UC","N","FUL","801.10","53.675016999999997","-124.33371699999999","6668"
"2023-G41511","bc","PDT","2023-07-10T23:56:00.000Z","2023-10-04T00:01:00.000Z","UC","N","FUL","4767.80","53.775533000000003","-124.425633","6668"
"2023-G41502","bc","PDT","2023-07-10T22:21:00.000Z","2023-10-04T00:01:00.000Z","BH","N","FUL","34853.60","53.568182999999998","-125.245267","6668"
"2023-G41493","bc","PDT","2023-07-10T20:45:00.000Z","2023-10-04T00:01:00.000Z","UC","N","MOD","4878.80","53.225199000000003","-124.906435","6668"
"2023-G41466","bc","PDT","2023-07-10T04:28:00.000Z","2023-10-04T00:01:00.000Z","UC","N","MON","262.00","53.658999999999999","-123.784333","6668"
"2023-G41307","bc","PDT","2023-07-08T23:25:00.000Z","2023-10-04T00:01:00.000Z","BH","N","FUL","44641.70","53.591033000000003","-124.15225","6668"
"2023-V63304","bc","PDT","2023-09-17T21:58:00.000Z","2023-10-03T23:31:00.000Z","OUT","H","FUL","0.01","49.088217","-124.376667","6668"
"2023-G90358","bc","PDT","2023-05-18T00:50:00.000Z","2023-10-03T22:01:00.000Z","OUT","H","MOD","0.00","59.138782999999997","-120.33366700000001","6668"
"2023-V63300","bc","PDT","2023-09-17T17:43:00.000Z","2023-10-03T22:01:00.000Z","OUT","H","FUL","0.01","48.596200000000003","-123.539367","6668"
"2023-V73139","bc","PDT","2023-09-02T20:56:00.000Z","2023-10-03T20:31:00.000Z","OUT","N","MON","0.50","49.249000000000002","-125.54683300000001","6668"
"2023-V73143","bc","PDT","2023-09-03T00:46:00.000Z","2023-10-03T20:31:00.000Z","OUT","N","MON","0.01","49.246333","-125.623","6668"
"2023-VA1664","bc","PDT","2023-07-13T18:13:00.000Z","2023-10-03T20:01:00.000Z","UC","N","MON","55.00","53.155116999999997","-127.073533","6668"
"202","qc","EST","2023-05-30T19:00:00.000Z","2023-10-03T19:47:54.000Z","OUT","H","FUL","52.10","47.3328","-73.7778","6668"
"160","qc","EST","2023-05-26T18:15:00.000Z","2023-10-03T19:35:48.000Z","OUT","H","FUL","0.00","45.4636","-74.0961","6668"
"620","qc","EST","2023-07-10T21:00:00.000Z","2023-10-03T19:15:39.000Z","OUT","N","FUL","0.70","46.4544","-76.5858","6668"
"2023-K70278","bc","PDT","2023-05-12T23:05:00.000Z","2023-10-03T19:01:00.000Z","OUT","H","MOD","0.01","50.312167000000002","-121.553583","6668"
"2023-C13363","bc","PDT","2023-09-26T02:19:00.000Z","2023-10-03T18:31:00.000Z","OUT","N","FUL","0.30","53.027999999999999","-123.110883","6668"
"23PA-FOX","sk","CST","2023-09-26T12:51:53.000Z","2023-10-03T17:44:47.000Z","OUT","H","FUL","17.00","53.394125","-104.864486","6668"
"23LA-WAPA","sk","CST","2023-06-10T16:52:03.000Z","2023-10-03T16:58:19.000Z","OUT","N","FUL","18423.00","54.729529","-104.650979","6668"
"23LA-LEPP","sk","CST","2023-09-19T12:34:31.000Z","2023-10-03T16:54:17.000Z","OUT","N","MOD","2.50","55.203833","-103.996667","6668"
"199","qc","EST","2023-05-30T18:00:00.000Z","2023-10-03T16:30:26.000Z","OUT","H","FUL","0.10","48.2117","-68.5228","6668"
"WE068","mb","CDT","2023-09-19T05:00:00.000Z","2023-10-03T15:28:00.000Z","OUT","H","MOD","2.00","53.19500","-99.86778","6668"
"385","qc","EST","2023-06-01T20:00:00.000Z","2023-10-03T15:25:42.000Z","OUT","N","FUL","371.10","49.7144","-69.0931","6668"
"195","qc","EST","2023-05-29T23:00:00.000Z","2023-10-03T15:25:17.000Z","OUT","H","FUL","1.20","45.5128","-75.7706","6668"
"194","qc","EST","2023-05-30T00:30:00.000Z","2023-10-03T15:20:32.000Z","OUT","H","FUL","0.00","45.5675","-75.6553","6668"
"23DB-LAIRD","sk","CST","2023-08-01T14:14:53.000Z","2023-10-03T07:55:32.000Z","OUT","N","MOD","506.00","56.232583","-102.134717","6668"
"23DB-AIR","sk","CST","2023-09-09T14:30:29.000Z","2023-10-03T07:54:51.000Z","OUT","N","FUL","1.00","54.539767","-102.988367","6668"
"23DB-TRAILL","sk","CST","2023-07-23T15:45:19.000Z","2023-10-03T07:54:19.000Z","OUT","N","MOD","1645.80","55.424983","-103.838133","6668"
"23DB-DEER","sk","CST","2023-09-13T15:05:14.000Z","2023-10-03T07:53:37.000Z","OUT","N","MOD","656.00","55.841219","-103.025465","6668"
"23SR-HAMIL","sk","CST","2023-07-26T11:53:44.000Z","2023-10-03T07:52:37.000Z","OUT","N","MOD","11740.70","58.283733","-104.214783","6668"
"386","qc","EST","2023-06-02T03:00:00.000Z","2023-10-02T21:21:54.000Z","OUT","N","FUL","101.10","49.5461","-67.6528","6668"
"186","qc","EST","2023-05-29T19:00:00.000Z","2023-10-02T18:57:25.000Z","OUT","H","FUL","0.20","45.6536","-74.6781","6668"
"23LA-WILMA","sk","CST","2023-09-26T17:22:48.000Z","2023-10-02T16:27:50.000Z","OUT","H","MOD","43.10","56.351683","-103.7857","6668"
"23LA-ERROL","sk","CST","2023-08-31T11:52:02.000Z","2023-10-02T16:22:47.000Z","OUT","H","MOD","374.50","55.9852","-103.254533","6668"
"327","qc","EST","2023-06-01T18:30:00.000Z","2023-10-02T16:03:57.000Z","OUT","N","FUL","0.10","46.9528","-74.2703","6668"
"23LA-KINO","sk","CST","2023-08-21T17:50:09.000Z","2023-10-02T16:00:56.000Z","OUT","N","MOD","2238.00","57.081448","-102.112563","6668"
"23LA-BED","sk","CST","2023-08-05T14:01:00.000Z","2023-10-02T15:59:29.000Z","OUT","N","MOD","100.00","57.453083","-102.758617","6668"
"SWF-137-2023","ab","MST","2023-10-02T20:08:00.000Z","2023-10-02T15:50:00.000Z","OUT","H","FUL","0.01","55.23965","-114.726883","6668"
"363","qc","EST","2023-06-02T00:51:00.000Z","2023-10-02T15:38:48.000Z","OUT","N","FUL","16.20","50.1678","-73.9097","6668"
"173","qc","EST","2023-05-28T18:15:00.000Z","2023-10-02T15:26:46.000Z","OUT","H","FUL","35.90","48.1686","-70.8722","6668"
"COC_FIRE_030","on","GMT","2023-07-03T22:38:00.000Z","2023-10-02T15:00:00.000Z","OUT","N","MON","2244.60","54.3855","-89.6942","6668"
"COC_FIRE_036","on","GMT","2023-07-05T12:17:00.000Z","2023-10-02T14:54:00.000Z","OUT","N","MON","15.00","55.059","-86.3432","6668"
"COC_FIRE_037","on","GMT","2023-07-05T12:30:00.000Z","2023-10-02T14:54:00.000Z","OUT","N","MON","40.70","55.0661","-86.7","6668"
"COC_FIRE_031","on","GMT","2023-07-03T22:41:00.000Z","2023-10-02T14:53:00.000Z","OUT","N","MON","143.10","54.5546","-87.2589","6668"
"COC_FIRE_035","on","GMT","2023-07-05T12:05:00.000Z","2023-10-02T14:53:00.000Z","OUT","N","MON","30.00","55.1719","-86.7197","6668"
"COC_FIRE_028","on","GMT","2023-07-03T22:33:00.000Z","2023-10-02T14:51:00.000Z","OUT","N","MON","18.00","55.0241","-89.1329","6668"
"COC_FIRE_029","on","GMT","2023-07-03T22:34:00.000Z","2023-10-02T14:51:00.000Z","OUT","N","MON","160.10","54.7009","-89.2297","6668"
"COC_FIRE_027","on","GMT","2023-07-03T22:28:00.000Z","2023-10-02T14:50:00.000Z","OUT","N","MON","3.00","55.0215","-89.0232","6668"
"COC_FIRE_026","on","GMT","2023-07-03T22:13:00.000Z","2023-10-02T14:49:00.000Z","OUT","N","MON","167.50","55.8895","-89.5192","6668"
"EWF-080-2023","ab","MST","2023-10-02T20:18:00.000Z","2023-10-02T14:49:00.000Z","OUT","H","FUL","0.01","53.938163","-119.17482","6668"
"NIP_FIRE_115","on","GMT","2023-09-28T18:50:00.000Z","2023-10-02T14:05:00.000Z","OUT","H","FUL","0.50","51.6038","-88.5871","6668"
"NO137","mb","CDT","2023-09-28T05:00:00.000Z","2023-10-02T13:37:00.000Z","OUT","H","FUL","1.00","53.86611","-94.63028","6668"
"NO136","mb","CDT","2023-09-27T05:00:00.000Z","2023-10-02T13:36:00.000Z","OUT","H","FUL","4.50","53.86333","-94.62389","6668"
"RWF-077-2023","ab","MST","2023-09-29T16:10:00.000Z","2023-10-02T12:00:00.000Z","OUT","H","FUL","0.01","52.223417","-114.97605","6668"
"CWF-082-2023","ab","MST","2023-10-02T16:36:00.000Z","2023-10-02T11:05:00.000Z","OUT","N","FUL","0.01","50.771613","-114.593147","6668"
"2023-G11240","bc","PDT","2023-07-08T03:34:00.000Z","2023-10-02T02:01:00.000Z","OUT","N","FUL","224.00","53.396500000000003","-123.33199999999999","6668"
"2023-G12186","bc","PDT","2023-07-23T16:09:00.000Z","2023-10-02T02:01:00.000Z","OUT","N","FUL","123.00","53.646116999999997","-122.30121699999999","6668"
"2023-G51755","bc","PDT","2023-07-16T05:33:00.000Z","2023-10-02T02:01:00.000Z","BH","N","FUL","122.00","54.630617000000001","-125.12991700000001","6668"
"2023-G11278","bc","PDT","2023-07-08T17:57:00.000Z","2023-10-02T02:01:00.000Z","OUT","N","FUL","6.20","53.670166999999999","-120.97055","6668"
"2023-G42654","bc","PDT","2023-08-09T11:36:00.000Z","2023-10-02T01:31:00.000Z","OUT","H","FUL","0.20","53.951582999999999","-124.319367","6668"
"2023-V33029","bc","PDT","2023-08-29T17:43:00.000Z","2023-10-02T00:01:00.000Z","UC","N","MOD","410.00","50.399082999999997","-122.665617","6668"
"2023-C43361","bc","PDT","2023-09-25T18:02:00.000Z","2023-10-01T23:01:00.000Z","OUT","H","FUL","0.01","51.831083","-121.460916","6668"
"SAU_FIRE_015","on","GMT","2023-10-01T17:51:00.000Z","2023-10-01T20:20:00.000Z","OUT","N","FUL","0.10","46.6686","-84.1245","6668"
"CWF-081-2023","ab","MST","2023-10-01T22:35:00.000Z","2023-10-01T16:45:00.000Z","OUT","H","FUL","0.01","50.901367","-114.68885","6668"
"EA094","mb","CDT","2023-09-29T05:00:00.000Z","2023-10-01T14:21:00.000Z","OUT","H","FUL","0.10","50.68194","-96.09056","6668"
"NO135","mb","CDT","2023-09-24T05:00:00.000Z","2023-10-01T13:39:00.000Z","OUT","H","FUL","0.50","55.77472","-101.25056","6668"
"NO131","mb","CDT","2023-09-03T05:00:00.000Z","2023-10-01T13:39:00.000Z","OUT","H","MOD","0.30","55.73750","-101.33000","6668"
"NO130","mb","CDT","2023-08-23T05:00:00.000Z","2023-10-01T13:39:00.000Z","OUT","H","MOD","2.20","55.74222","-101.32861","6668"
"NO133","mb","CDT","2023-09-12T05:00:00.000Z","2023-10-01T13:39:00.000Z","OUT","H","MOD","1.00","55.74139","-101.32528","6668"
"23BN-CUMMINS","sk","CST","2023-09-21T17:20:36.000Z","2023-10-01T13:37:55.000Z","OUT","N","FUL","5.00","55.5065","-108.801833","6668"
"183","qc","EST","2023-05-29T17:00:00.000Z","2023-09-30T22:17:56.000Z","OUT","H","FUL","0.20","46.1258","-74.5875","6668"
"2023-G80315","bc","PDT","2023-05-14T23:55:00.000Z","2023-09-30T20:31:00.000Z","OUT","N","MON","0.00","57.496000000000002","-121.453","6668"
"182","qc","EST","2023-05-29T02:00:00.000Z","2023-09-30T19:27:07.000Z","OUT","H","FUL","0.00","45.8406","-75.9186","6668"
"2023-G81157","bc","PDT","2023-07-06T22:02:00.000Z","2023-09-30T19:01:00.000Z","OUT","N","MON","0.00","57.457749999999997","-120.5291","6668"
"2023-G93247","bc","PDT","2023-09-13T22:55:00.000Z","2023-09-30T19:01:00.000Z","OUT","N","MON","0.00","58.600949999999997","-121.134383","6668"
"2023-G81010","bc","PDT","2023-06-30T18:17:00.000Z","2023-09-30T19:01:00.000Z","OUT","N","MON","0.00","58.189599999999999","-120.4413","6668"
"2023-G91144","bc","PDT","2023-07-05T23:35:00.000Z","2023-09-30T18:31:00.000Z","OUT","N","MON","0.00","58.523833000000003","-121.60145","6668"
"2023-G93119","bc","PDT","2023-09-02T01:45:00.000Z","2023-09-30T18:31:00.000Z","OUT","N","FUL","0.00","59.401499999999999","-123.21766700000001","6668"
"2023-G93118","bc","PDT","2023-09-02T01:44:00.000Z","2023-09-30T18:31:00.000Z","OUT","N","MON","0.00","59.284999999999997","-121.34399999999999","6668"
"2023-G92572","bc","PDT","2023-08-07T03:02:00.000Z","2023-09-30T18:31:00.000Z","OUT","N","FUL","0.00","59.731416000000003","-121.136933","6668"
"2023-G91719","bc","PDT","2023-07-15T05:26:00.000Z","2023-09-30T18:31:00.000Z","OUT","N","MON","0.00","58.810682999999997","-121.002883","6668"
"2023-G91495","bc","PDT","2023-07-10T20:52:00.000Z","2023-09-30T18:31:00.000Z","OUT","N","MON","0.00","58.433500000000002","-121.7467","6668"
"2023-G90946","bc","PDT","2023-06-27T23:40:00.000Z","2023-09-30T18:31:00.000Z","OUT","N","MON","0.00","59.135416999999997","-120.9875","6668"
"2023-G90845","bc","PDT","2023-06-23T21:35:00.000Z","2023-09-30T18:01:00.000Z","OUT","N","FUL","0.00","58.478549999999998","-121.878767","6668"
"2023-G90635","bc","PDT","2023-06-05T20:10:00.000Z","2023-09-30T18:01:00.000Z","OUT","N","MON","0.00","58.195","-120.083333","6668"
"675","qc","EST","2023-09-07T15:10:00.000Z","2023-09-30T16:29:35.000Z","OUT","H","FUL","0.00","49.1528","-66.2172","6668"
"672","qc","EST","2023-09-05T00:00:00.000Z","2023-09-30T16:25:33.000Z","OUT","H","FUL","0.00","48.4419","-67.5578","6668"
"582","qc","EST","2023-07-04T18:00:00.000Z","2023-09-30T15:51:36.000Z","OUT","N","FUL","3.90","49.5639","-69.6947","6668"
"APK_FIRE_009","on","GMT","2023-09-30T14:59:00.000Z","2023-09-30T15:35:00.000Z","OUT","H","FUL","0.10","45.8855","-78.6205","6668"
"536","qc","EST","2023-06-01T19:30:00.000Z","2023-09-30T14:51:53.000Z","OUT","N","FUL","211.30","49.6592","-69.9222","6668"
"COC_FIRE_054","on","GMT","2023-09-28T21:31:00.000Z","2023-09-30T14:32:00.000Z","OUT","H","FUL","0.70","51.1843","-80.7031","6668"
"2023-C51977","bc","PDT","2023-07-21T04:03:00.000Z","2023-09-30T00:01:00.000Z","OUT","H","FUL","0.30","52.238999999999997","-123.499","6668"
"2023-C53271","bc","PDT","2023-09-15T23:12:00.000Z","2023-09-29T23:31:00.000Z","OUT","H","FUL","0.01","51.919750000000001","-123.08071700000001","6668"
"2023RR003","yt","PDT","2023-07-13T04:10:00.000Z","2023-09-29T22:26:00.000Z","OUT","N","FUL","156.00","61.68397","-130.75773","6668"
"2023RR008","yt","PDT","2023-07-23T22:44:00.000Z","2023-09-29T22:26:00.000Z","OUT","N","FUL","10.00","61.9023","-131.50013","6668"
"2023RR012","yt","PDT","2023-08-05T02:28:00.000Z","2023-09-29T22:25:00.000Z","OUT","N","FUL","0.39","62.00217","-132.19583","6668"
"2023RR001","yt","PDT","2023-06-29T00:29:00.000Z","2023-09-29T22:24:00.000Z","OUT","N","FUL","50.00","62.19382","-130.88595","6668"
"2023RR013","yt","PDT","2023-08-06T20:12:00.000Z","2023-09-29T22:24:00.000Z","OUT","N","FUL","0.00","62.45067","-131.00083","6668"
"2023RR015","yt","PDT","2023-08-08T04:30:00.000Z","2023-09-29T22:23:00.000Z","OUT","N","FUL","0.00","62.6036","-132.02352","6668"
"2023RR016","yt","PDT","2023-08-08T04:32:00.000Z","2023-09-29T22:23:00.000Z","OUT","N","FUL","0.00","62.61232","-132.02352","6668"
"2023RR009","yt","PDT","2023-07-23T23:13:00.000Z","2023-09-29T22:22:00.000Z","OUT","N","FUL","50.00","62.81468","-130.96662","6668"
"405","qc","EST","2023-06-01T21:00:00.000Z","2023-09-29T21:40:50.000Z","OUT","N","FUL","0.00","49.7608","-69.0528","6668"
"2023RR014","yt","PDT","2023-08-08T04:20:00.000Z","2023-09-29T20:01:00.000Z","OUT","N","FUL","15.00","62.56602","-132.17852","6668"
"2023RR005","yt","PDT","2023-07-13T23:30:00.000Z","2023-09-29T20:01:00.000Z","OUT","N","FUL","6810.00","62.62042","-132.4474","6668"
"2023RR004","yt","PDT","2023-07-13T04:15:00.000Z","2023-09-29T20:00:00.000Z","OUT","N","FUL","1078.00","62.81667","-132.56667","6668"
"2023RR002","yt","PDT","2023-06-29T01:22:00.000Z","2023-09-29T19:59:00.000Z","OUT","N","FUL","10.00","62.5005","-133.387","6668"
"2023RR010","yt","PDT","2023-07-23T23:38:00.000Z","2023-09-29T19:59:00.000Z","OUT","N","FUL","132.00","62.81633","-133.81433","6668"
"2023CA005","yt","PDT","2023-07-24T23:08:00.000Z","2023-09-29T19:58:00.000Z","OUT","N","FUL","200.00","62.9816","-134.40433","6668"
"2023RR011","yt","PDT","2023-07-23T23:49:00.000Z","2023-09-29T19:58:00.000Z","OUT","N","FUL","1283.00","62.90733","-133.91267","6668"
"2023CA012","yt","PDT","2023-08-07T20:29:00.000Z","2023-09-29T19:54:00.000Z","OUT","N","FUL","200.00","62.92363","-137.87028","6668"
"2023CA011","yt","PDT","2023-08-03T21:42:00.000Z","2023-09-29T19:53:00.000Z","OUT","U","FUL","2000.00","62.67013","-137.85202","6668"
"2023CA007","yt","PDT","2023-07-29T00:46:00.000Z","2023-09-29T19:53:00.000Z","OUT","N","FUL","65.00","62.35328","-136.30483","6668"
"2023CA008","yt","PDT","2023-07-30T01:12:00.000Z","2023-09-29T19:52:00.000Z","OUT","N","FUL","2.00","62.31538","-135.6669","6668"
"2023CA010","yt","PDT","2023-08-02T19:59:00.000Z","2023-09-29T19:51:00.000Z","OUT","N","FUL","865.00","62.65582","-135.95962","6668"
"2023CA009","yt","PDT","2023-08-02T19:13:00.000Z","2023-09-29T19:50:00.000Z","OUT","N","FUL","3692.00","61.76687","-135.10627","6668"
"2023CA002","yt","PDT","2023-06-29T01:48:00.000Z","2023-09-29T19:49:00.000Z","OUT","N","FUL","19.00","62.05213","-135.36083","6668"
"261","qc","EST","2023-06-01T19:24:00.000Z","2023-09-29T19:48:25.000Z","OUT","N","FUL","14485.80","49.5064","-69.6569","6668"
"2023-N72730","bc","PDT","2023-08-13T23:08:00.000Z","2023-09-29T19:31:00.000Z","OUT","N","MOD","463.00","50.090249999999997","-116.75695","6668"
"2023-N71835","bc","PDT","2023-07-18T01:44:00.000Z","2023-09-29T19:31:00.000Z","OUT","N","MOD","709.00","50.235900000000001","-116.842067","6668"
"2023-N72365","bc","PDT","2023-07-31T19:04:00.000Z","2023-09-29T19:31:00.000Z","OUT","N","MOD","479.00","50.171754999999997","-116.79337700000001","6668"
"2023-N72824","bc","PDT","2023-08-18T18:35:00.000Z","2023-09-29T19:31:00.000Z","OUT","N","MOD","383.00","50.122999999999998","-116.614867","6668"
"2023-C32266","bc","PDT","2023-07-25T21:07:00.000Z","2023-09-29T19:31:00.000Z","UC","N","MOD","78.00","52.876933000000001","-120.40564999999999","6668"
"329","qc","EST","2023-06-01T20:40:00.000Z","2023-09-29T19:28:44.000Z","OUT","N","FUL","0.10","48.8514","-70.4756","6668"
"2023-K73182","bc","PDT","2023-09-07T19:39:00.000Z","2023-09-29T19:01:00.000Z","OUT","H","FUL","0.05","50.860982999999997","-122.84935","6668"
"574","qc","EST","2023-07-04T19:35:00.000Z","2023-09-29T18:39:23.000Z","OUT","N","MON","7847.20","54.6667","-77.4611","6668"
"573","qc","EST","2023-07-04T19:38:00.000Z","2023-09-29T18:36:49.000Z","OUT","N","MON","173.80","54.9447","-77.035","6668"
"2023-C23369","bc","PDT","2023-09-28T13:52:00.000Z","2023-09-29T18:31:00.000Z","OUT","H","FUL","0.01","51.819732999999999","-122.07285","6668"
"62622","nb","ADT","2023-09-30T08:21:22.000Z","2023-09-29T18:00:00.000Z","OUT","U","FUL","0.10","47.31747","-68.81183","6668"
"2023-K73144","bc","PDT","2023-09-03T00:45:00.000Z","2023-09-29T17:31:00.000Z","OUT","N","FUL","26.90","50.754835999999997","-122.746645","6668"
"569","qc","EST","2023-07-02T18:01:00.000Z","2023-09-29T17:05:00.000Z","OUT","N","MON","761.90","56.8522","-66.2842","6668"
"2023-G50872","bc","PDT","2023-06-24T21:06:00.000Z","2023-09-29T17:01:00.000Z","BH","N","FUL","17333.80","55.301366999999999","-124.84095000000001","6668"
"2023-G91313","bc","PDT","2023-07-08T23:53:00.000Z","2023-09-29T17:01:00.000Z","OC","N","MON","74685.70","58.671950000000002","-121.6427","6668"
"2023-K71778","bc","PDT","2023-07-17T00:28:00.000Z","2023-09-29T17:01:00.000Z","OUT","N","FUL","589.00","50.783082999999998","-121.88945","6668"
"2023-G90628","bc","PDT","2023-06-05T15:50:00.000Z","2023-09-29T17:01:00.000Z","OC","N","MON","173353.09","58.502116999999998","-120.4118","6668"
"2023-G51411","bc","PDT","2023-07-09T23:02:00.000Z","2023-09-29T17:01:00.000Z","BH","N","FUL","451.60","55.328823","-125.351426","6668"
"2023-G91534","bc","PDT","2023-07-11T07:02:00.000Z","2023-09-29T17:01:00.000Z","OC","N","MON","32257.20","59.427199999999999","-121.03063299999999","6668"
"2023-G92498","bc","PDT","2023-08-05T23:54:00.000Z","2023-09-29T17:01:00.000Z","OC","N","FUL","275054.69","58.578633000000004","-120.937133","6668"
"2023-G92940","bc","PDT","2023-08-25T00:40:00.000Z","2023-09-29T17:01:00.000Z","OC","N","FUL","71002.70","59.283799999999999","-121.89013300000001","6668"
"2023-K71658","bc","PDT","2023-07-13T20:54:00.000Z","2023-09-29T17:01:00.000Z","OUT","N","MOD","241.00","50.802034999999997","-122.52847199999999","6668"
"564","qc","EST","2023-07-03T01:15:00.000Z","2023-09-29T16:55:13.000Z","OUT","N","MON","465.60","54.3867","-70.4397","6668"
"563","qc","EST","2023-07-01T19:12:00.000Z","2023-09-29T16:52:38.000Z","OUT","N","MON","6067.00","54.7289","-70.4908","6668"
"562","qc","EST","2023-07-02T21:13:00.000Z","2023-09-29T16:50:38.000Z","OUT","N","MON","1220.30","56.4464","-68.3353","6668"
"560","qc","EST","2023-07-02T18:46:00.000Z","2023-09-29T16:32:20.000Z","OUT","N","MON","264.00","54.8275","-70.5069","6668"
"2023-G50856","bc","PDT","2023-06-24T03:36:00.000Z","2023-09-29T16:31:00.000Z","BH","N","FUL","5712.70","55.879832999999998","-126.40136699999999","6668"
"559","qc","EST","2023-07-01T20:30:00.000Z","2023-09-29T16:30:15.000Z","OUT","N","MON","9500.20","54.6678","-73.1356","6668"
"23LF-BAIRD","sk","CST","2023-09-25T08:44:34.000Z","2023-09-29T16:11:08.000Z","OUT","N","MOD","73.00","53.940633","-103.832195","6668"
"558","qc","EST","2023-07-02T19:50:00.000Z","2023-09-29T15:53:14.000Z","OUT","N","MON","23152.30","55.0558","-69.4483","6668"
"557","qc","EST","2023-07-01T21:27:00.000Z","2023-09-29T15:50:13.000Z","OUT","N","MON","448.30","53.8928","-74.0042","6668"
"556","qc","EST","2023-07-02T18:46:00.000Z","2023-09-29T15:39:57.000Z","OUT","N","MON","5814.30","54.8703","-70.3386","6668"
"555","qc","EST","2023-07-01T20:15:00.000Z","2023-09-29T15:36:24.000Z","OUT","N","MON","5484.70","54.8558","-71.6386","6668"
"554","qc","EST","2023-07-02T17:30:00.000Z","2023-09-29T15:33:34.000Z","OUT","N","MON","494.40","56.9231","-66.0653","6668"
"PWF-093-2023","ab","MST","2023-07-09T00:40:00.000Z","2023-09-29T14:40:48.000Z","BH","N","FUL","27174.40","57.981817","-119.972633","6668"
"PWF-125-2023","ab","MST","2023-07-24T01:58:00.000Z","2023-09-29T14:40:17.000Z","BH","N","FUL","17714.20","56.859183","-119.659367","6668"
"639","qc","EST","2023-07-24T22:50:00.000Z","2023-09-29T14:27:54.000Z","OUT","H","FUL","0.00","49.4744","-68.0322","6668"
"WWF-056-2023","ab","MST","2023-09-29T15:31:00.000Z","2023-09-29T13:00:00.000Z","OUT","U","FUL","0.01","54.222083","-115.76295","6668"
"23DB- LUND","sk","CST","2023-09-25T11:45:55.000Z","2023-09-29T10:20:50.000Z","OUT","H","FUL","0.10","55.172026","-102.917729","6668"
"23DB-ISLAND","sk","CST","2023-09-27T10:19:51.000Z","2023-09-29T10:18:53.000Z","OUT","H","MOD","0.10","54.902737","-103.280556","6668"
"2023-V11337","bc","PDT","2023-07-09T01:46:00.000Z","2023-09-29T00:31:00.000Z","UC","N","FUL","17405.90","49.981499999999997","-121.64","6668"
"2023-C31143","bc","PDT","2023-07-05T23:24:00.000Z","2023-09-28T23:01:00.000Z","UC","N","MOD","308.00","52.690300000000001","-121.363833","6668"
"2023-C31684","bc","PDT","2023-07-14T17:25:00.000Z","2023-09-28T23:01:00.000Z","UC","N","MOD","27.30","52.570366999999997","-120.494333","6668"
"2023-C30399","bc","PDT","2023-05-19T21:10:00.000Z","2023-09-28T23:01:00.000Z","UC","N","MOD","964.00","52.616549999999997","-121.071133","6668"
"2023-C32539","bc","PDT","2023-08-06T22:25:00.000Z","2023-09-28T23:01:00.000Z","UC","N","MOD","6.00","52.573833","-120.844533","6668"
"2023-G52955","bc","PDT","2023-08-26T17:44:00.000Z","2023-09-28T21:31:00.000Z","BH","N","FUL","1590.60","55.049366999999997","-125.63334999999999","6668"
"2023-G42450","bc","PDT","2023-08-04T01:13:00.000Z","2023-09-28T21:01:00.000Z","OUT","H","FUL","0.48","54.291117","-124.819833","6668"
"254","qc","EST","2023-06-01T19:30:00.000Z","2023-09-28T18:32:16.000Z","OUT","N","FUL","0.70","49.7536","-69.5514","6668"
"2023-N11689","bc","PDT","2023-07-14T20:07:00.000Z","2023-09-28T17:31:00.000Z","OUT","N","FUL","0.01","49.472949999999997","-115.91200000000001","6668"
"PAR_FIRE_014","on","GMT","2023-09-24T16:42:00.000Z","2023-09-28T17:22:00.000Z","OUT","H","FUL","1.00","45.5885","-80.3693","6668"
"154","qc","EST","2023-05-25T18:50:00.000Z","2023-09-28T16:08:05.000Z","OUT","H","FUL","0.00","48.6703","-78.5344","6668"
"PWF-136-2023","ab","MST","2023-09-14T23:47:00.000Z","2023-09-28T16:00:00.000Z","OUT","H","FUL","0.01","56.423417","-117.6048","6668"
"SUD_FIRE_046","on","GMT","2023-09-27T17:05:00.000Z","2023-09-28T15:45:00.000Z","OUT","H","FUL","0.10","46.3956","-80.9659","6668"
"GWF-066-2023","ab","MST","2023-09-17T19:12:00.000Z","2023-09-28T14:20:00.000Z","UC","U","FUL","12.90","55.6375","-119.839667","6668"
"CWF-080-2023","ab","MST","2023-09-28T18:52:00.000Z","2023-09-28T13:16:00.000Z","OUT","H","FUL","0.10","51.128933","-114.864083","6668"
"SAU_FIRE_014","on","GMT","2023-09-26T13:15:00.000Z","2023-09-28T12:00:00.000Z","OUT","N","FUL","0.70","46.3418","-82.6487","6668"
"23LA-LLIR01","sk","CST","2023-09-26T18:31:56.000Z","2023-09-28T11:54:46.000Z","OUT","H","FUL","0.50","55.059649","-105.313351","6668"
"2023-V33207","bc","PDT","2023-09-09T23:15:00.000Z","2023-09-28T02:01:00.000Z","OUT","N","MON","0.40","49.904783000000002","-122.466283","6668"
"2023-R13362","bc","PDT","2023-09-25T22:36:00.000Z","2023-09-28T01:01:00.000Z","OUT","N","FUL","0.10","53.630167","-125.797133","6668"
"2023-G11183","bc","PDT","2023-07-07T14:39:00.000Z","2023-09-27T22:31:00.000Z","OUT","N","FUL","0.01","53.985900000000001","-121.36660000000001","6668"
"2023-K72582","bc","PDT","2023-08-07T06:10:00.000Z","2023-09-27T22:01:00.000Z","OUT","N","FUL","0.01","50.874682999999997","-121.759266","6668"
"2023-K72580","bc","PDT","2023-08-07T05:19:00.000Z","2023-09-27T22:01:00.000Z","OUT","N","FUL","0.09","50.703499999999998","-121.9058","6668"
"2023-C20155","bc","PDT","2023-05-01T03:52:00.000Z","2023-09-27T21:01:00.000Z","OUT","H","MOD","0.01","52.221200000000003","-122.01391700000001","6668"
"155","qc","EST","2023-05-26T17:25:00.000Z","2023-09-27T20:44:08.000Z","OUT","H","FUL","0.10","45.9681","-74.2231","6668"
"2023-K22305","bc","PDT","2023-07-29T01:13:00.000Z","2023-09-27T19:31:00.000Z","OUT","N","MON","18.00","52.424216999999999","-119.96588300000001","6668"
"2023-K22640","bc","PDT","2023-08-08T18:54:00.000Z","2023-09-27T19:31:00.000Z","OUT","N","MON","0.01","51.988399999999999","-120.243467","6668"
"2023-K22462","bc","PDT","2023-08-04T19:49:00.000Z","2023-09-27T19:31:00.000Z","OUT","N","MON","4.60","52.21275","-120.163567","6668"
"2023-K21595","bc","PDT","2023-07-12T20:06:00.000Z","2023-09-27T19:31:00.000Z","OUT","N","MON","11.50","52.436382999999999","-119.984633","6668"
"242","qc","EST","2023-06-01T20:00:00.000Z","2023-09-27T19:24:25.000Z","OUT","N","FUL","1.00","49.3283","-72.4139","6668"
"23LA-JONES","sk","CST","2023-08-29T17:31:54.000Z","2023-09-27T19:04:06.000Z","OUT","H","FUL","10.00","55.337","-106.704","6668"
"2023-R53222","bc","PDT","2023-09-11T00:18:00.000Z","2023-09-27T19:01:00.000Z","OUT","H","FUL","0.10","54.496817","-128.61345","6668"
"271","qc","EST","2023-06-01T17:00:00.000Z","2023-09-27T18:51:39.000Z","OUT","N","FUL","5788.60","50.2925","-70.5722","6668"
"335","qc","EST","2023-06-01T15:00:00.000Z","2023-09-27T18:22:14.000Z","OUT","N","FUL","9.50","48.46","-72.8681","6668"
"2023-N52847","bc","PDT","2023-08-19T17:09:00.000Z","2023-09-27T17:31:00.000Z","OUT","N","MOD","99.00","49.467632999999999","-117.76396699999999","6668"
"2023-N53322","bc","PDT","2023-09-20T21:46:00.000Z","2023-09-27T17:31:00.000Z","OUT","N","MOD","0.01","49.789450000000002","-117.72871600000001","6668"
"2023-N53298","bc","PDT","2023-09-17T15:38:00.000Z","2023-09-27T17:31:00.000Z","OUT","N","MON","0.30","50.631500000000003","-117.59183299999999","6668"
"2023-N52372","bc","PDT","2023-07-31T20:23:00.000Z","2023-09-27T17:31:00.000Z","OUT","N","MOD","200.00","50.405299999999997","-117.7668","6668"
"2023-N72350","bc","PDT","2023-07-31T01:36:00.000Z","2023-09-27T17:31:00.000Z","OUT","N","MOD","590.00","50.451532999999998","-117.01308299999999","6668"
"2023-N53056","bc","PDT","2023-08-29T23:47:00.000Z","2023-09-27T17:31:00.000Z","OUT","N","MOD","5.10","50.686467","-117.574367","6668"
"2023-N72170","bc","PDT","2023-07-23T04:41:00.000Z","2023-09-27T17:31:00.000Z","OUT","N","MOD","1337.00","50.693083000000001","-117.12130000000001","6668"
"2023-N52156","bc","PDT","2023-07-23T03:06:00.000Z","2023-09-27T17:31:00.000Z","OUT","N","MOD","876.00","50.462000000000003","-117.59738299999999","6668"
"2023-N52393","bc","PDT","2023-08-01T20:52:00.000Z","2023-09-27T17:31:00.000Z","OUT","N","MOD","868.00","50.358150000000002","-117.614633","6668"
"2023-N52251","bc","PDT","2023-07-25T03:22:00.000Z","2023-09-27T17:31:00.000Z","OUT","N","MON","1038.00","50.617666999999997","-117.26683300000001","6668"
"23DB-PNIR28","sk","CST","2023-09-22T14:18:18.000Z","2023-09-27T16:54:05.000Z","OUT","H","MOD","3.00","55.178033","-102.926183","6668"
"358","qc","EST","2023-06-01T20:00:00.000Z","2023-09-27T16:41:01.000Z","OUT","N","FUL","0.20","46.9367","-72.7622","6668"
"392","qc","EST","2023-06-01T19:00:00.000Z","2023-09-27T16:34:24.000Z","OUT","N","FUL","1.20","46.8928","-73.2558","6668"
"401","qc","EST","2023-06-01T18:30:00.000Z","2023-09-27T16:28:15.000Z","OUT","N","FUL","0.30","46.9544","-74.2461","6668"
"CWF-079-2023","ab","MST","2023-09-27T20:24:00.000Z","2023-09-27T16:28:00.000Z","OUT","H","FUL","0.10","50.904833","-114.659183","6668"
"23SR-FDLIR01","sk","CST","2023-09-24T00:05:36.000Z","2023-09-27T16:12:41.000Z","OUT","N","MOD","1.00","59.31976","-107.192283","6668"
"23SR-LLHIR03","sk","CST","2023-09-26T11:44:48.000Z","2023-09-27T16:11:33.000Z","OUT","N","MOD","2.00","58.182064","-103.05088","6668"
"454","qc","EST","2023-06-05T19:06:00.000Z","2023-09-27T16:02:37.000Z","OUT","N","FUL","2511.10","50.3847","-72.1808","6668"
"23DB-PNIR34","sk","CST","2023-09-25T15:22:16.000Z","2023-09-27T15:24:36.000Z","OUT","H","MOD","0.10","55.182506","-102.941964","6668"
"23DB-PNIR29","sk","CST","2023-09-22T18:48:56.000Z","2023-09-27T15:22:45.000Z","OUT","H","MOD","3.00","55.183348","-102.938821","6668"
"23BR-SKPWR02","sk","CST","2023-09-26T18:32:52.000Z","2023-09-27T15:12:48.000Z","OUT","H","FUL","0.30","53.7865","-107.0968","6668"
"NO132","mb","CDT","2023-09-12T05:00:00.000Z","2023-09-27T14:56:00.000Z","OUT","H","MOD","4.00","55.74389","-101.24083","6668"
"WE069","mb","CDT","2023-09-21T05:00:00.000Z","2023-09-27T14:05:00.000Z","OUT","N","FUL","0.20","55.00528","-100.00944","6668"
"LWF-182-2023","ab","MST","2023-09-26T20:05:00.000Z","2023-09-27T11:37:00.000Z","OUT","H","FUL","0.07","55.91835","-110.731533","6668"
"2023XY029","yt","PDT","2023-09-25T19:57:00.000Z","2023-09-26T23:34:00.000Z","OUT","N","FUL","0.30","60.52483","-134.89488","6668"
"2023-K52999","bc","PDT","2023-08-28T22:47:00.000Z","2023-09-26T23:31:00.000Z","OUT","H","FUL","0.01","49.717782999999997","-119.87009999999999","6668"
"BAN_FIRE_005","on","GMT","2023-09-26T19:09:00.000Z","2023-09-26T22:45:00.000Z","OUT","H","FUL","0.10","44.7493","-78.9269","6668"
"2023-G83121","bc","PDT","2023-09-02T02:10:00.000Z","2023-09-26T21:31:00.000Z","OUT","N","FUL","0.46","56.540367000000003","-121.98139999999999","6668"
"2023-C21420","bc","PDT","2023-07-09T23:47:00.000Z","2023-09-26T20:01:00.000Z","OUT","N","FUL","0.01","52.263800000000003","-121.7938","6668"
"2023-C21501","bc","PDT","2023-07-10T21:58:00.000Z","2023-09-26T20:01:00.000Z","OUT","N","FUL","0.80","51.871200000000002","-122.11408299999999","6668"
"2023-G71708","bc","PDT","2023-07-15T02:33:00.000Z","2023-09-26T20:01:00.000Z","OUT","N","FUL","0.89","55.4925","-121.83066700000001","6668"
"117","qc","EST","2023-05-13T16:15:00.000Z","2023-09-26T19:51:01.000Z","OUT","H","FUL","0.20","45.0767","-73.2042","6668"
"115","qc","EST","2023-05-14T20:30:00.000Z","2023-09-26T19:42:44.000Z","OUT","H","FUL","2.30","45.2906","-73.7336","6668"
"23DB-LOON","sk","CST","2023-09-26T10:58:56.000Z","2023-09-26T19:42:33.000Z","OUT","H","MOD","0.50","55.837167","-102.0555","6668"
"2023-C21506","bc","PDT","2023-07-10T22:43:00.000Z","2023-09-26T19:31:00.000Z","OUT","N","FUL","0.10","51.871217000000001","-122.11395","6668"
"374","qc","EST","2023-06-01T18:30:00.000Z","2023-09-26T19:29:58.000Z","OUT","N","FUL","40.50","47.2933","-73.6189","6668"
"23DB-PNIR36","sk","CST","2023-09-26T11:59:13.000Z","2023-09-26T19:16:15.000Z","OUT","H","MOD","0.10","55.176117","-102.920633","6668"
"2023-C31365","bc","PDT","2023-07-09T03:51:00.000Z","2023-09-26T19:01:00.000Z","OUT","N","FUL","0.20","52.464283000000002","-120.735467","6668"
"2023-C31431","bc","PDT","2023-07-10T00:45:00.000Z","2023-09-26T19:01:00.000Z","OUT","N","FUL","0.01","52.270867000000003","-121.662717","6668"
"2023-K43280","bc","PDT","2023-09-16T05:07:00.000Z","2023-09-26T19:01:00.000Z","OUT","H","FUL","0.01","50.471417000000002","-119.357167","6668"
"2023-K42668","bc","PDT","2023-08-10T02:29:00.000Z","2023-09-26T18:31:00.000Z","OUT","N","FUL","0.10","51.007449999999999","-119.0842","6668"
"2023-C30427","bc","PDT","2023-05-20T21:57:00.000Z","2023-09-26T18:31:00.000Z","OUT","H","MON","0.01","52.717333000000004","-120.872","6668"
"2023-K42892","bc","PDT","2023-08-22T03:41:00.000Z","2023-09-26T18:31:00.000Z","OUT","N","FUL","0.01","50.1325","-119.52995","6668"
"216","qc","EST","2023-05-31T19:00:00.000Z","2023-09-26T18:22:35.000Z","OUT","H","FUL","18.00","49.7825","-74.4847","6668"
"210","qc","EST","2023-05-28T19:00:00.000Z","2023-09-26T18:14:32.000Z","OUT","H","FUL","0.30","46.1014","-70.9078","6668"
"193","qc","EST","2023-05-29T19:47:00.000Z","2023-09-26T18:10:25.000Z","OUT","H","FUL","2.00","46.5889","-71.3283","6668"
"177","qc","EST","2023-05-28T19:30:00.000Z","2023-09-26T18:01:11.000Z","OUT","H","FUL","3.30","46.7081","-70.3472","6668"
"RED_FIRE_077","on","GMT","2023-09-26T00:00:00.000Z","2023-09-26T17:45:00.000Z","OUT","H","FUL","0.10","53.078","-93.3394","6668"
"PWF-138-2023","ab","MST","2023-09-25T22:40:00.000Z","2023-09-26T16:55:00.000Z","OUT","H","FUL","0.14","56.261783","-116.386283","6668"
"WAW_FIRE_032","on","GMT","2023-09-26T14:00:00.000Z","2023-09-26T15:15:00.000Z","OUT","H","FUL","0.10","47.833","-84.7209","6668"
"WE064","mb","CDT","2023-09-11T05:00:00.000Z","2023-09-26T14:16:00.000Z","OUT","N","FUL","4.70","54.24111","-101.02750","6668"
"WE062","mb","CDT","2023-09-08T05:00:00.000Z","2023-09-26T13:59:00.000Z","OUT","N","FUL","5.00","54.50028","-101.51861","6668"
"WE066","mb","CDT","2023-09-15T05:00:00.000Z","2023-09-26T13:59:00.000Z","OUT","N","FUL","0.10","54.66528","-101.57056","6668"
"23LX-ROAD","sk","CST","2023-09-24T14:02:07.000Z","2023-09-26T08:08:12.000Z","OUT","H","MOD","0.10","55.700533","-108.289283","6668"
"2023-G13330","bc","PDT","2023-09-21T17:53:00.000Z","2023-09-25T23:31:00.000Z","OUT","N","FUL","0.13","53.710000000000001","-122.59","6668"
"2023-G82220","bc","PDT","2023-07-24T00:44:00.000Z","2023-09-25T22:01:00.000Z","OUT","N","FUL","2.50","56.332282999999997","-121.827617","6668"
"2023BC003","yt","PDT","2023-08-31T16:57:00.000Z","2023-09-25T21:27:00.000Z","OUT","N","FUL","0.05","62.34507","-140.83142","6668"
"07-016-2023","ns","ADT","2023-09-07T19:00:00.000Z","2023-09-25T20:14:09.000Z","OUT","N","FUL","0.01","45.11217499","-64.57485199","6668"
"2023-G11533","bc","PDT","2023-07-11T07:02:00.000Z","2023-09-25T20:01:00.000Z","OUT","N","FUL","0.10","54.193100000000001","-121.653633","6668"
"23DB-PNIR35","sk","CST","2023-09-25T18:16:30.000Z","2023-09-25T19:40:28.000Z","OUT","H","MOD","0.10","55.172372","-102.92776","6668"
"23LA-KEY","sk","CST","2023-09-17T18:10:17.000Z","2023-09-25T18:07:02.000Z","OUT","N","MOD","20.00","57.263333","-105.561167","6668"
"23LA-SEIR05","sk","CST","2023-09-25T12:21:29.000Z","2023-09-25T18:03:48.000Z","OUT","H","MOD","0.10","56.32425","-103.235667","6668"
"SWF-136-2023","ab","MST","2023-09-25T16:25:00.000Z","2023-09-25T16:50:00.000Z","OUT","N","FUL","0.08","56.562567","-115.183433","6668"
"LWF-181-2023","ab","MST","2023-09-25T21:25:00.000Z","2023-09-25T15:45:00.000Z","OUT","H","FUL","0.03","55.8375","-110.867083","6668"
"23DB-PNIR31","sk","CST","2023-09-24T13:51:15.000Z","2023-09-25T15:12:28.000Z","OUT","H","MOD","0.10","55.1759","-102.923394","6668"
"23DB-SANDY","sk","CST","2023-09-25T13:55:36.000Z","2023-09-25T14:05:08.000Z","OUT","H","MOD","0.10","55.527883","-102.31925","6668"
"23PA-PISTOL","sk","CST","2023-09-23T15:50:05.000Z","2023-09-25T13:38:37.000Z","OUT","H","FUL","1.00","53.236167","-105.941833","6668"
"GWF-069-2023","ab","MST","2023-09-25T18:11:00.000Z","2023-09-25T12:19:00.000Z","OUT","N","FUL","0.40","54.364408","-119.615893","6668"
"CWF-078-2023","ab","MST","2023-09-24T15:55:00.000Z","2023-09-25T11:35:00.000Z","OUT","H","FUL","0.01","51.155707","-114.859483","6668"
"23DB-PELICAN","sk","CST","2023-09-25T09:16:37.000Z","2023-09-25T09:33:22.000Z","OUT","H","FUL","0.10","55.171761","-102.937853","6668"
"LWF-163-2023","ab","MST","2023-06-30T22:24:00.000Z","2023-09-25T09:00:00.000Z","OUT","N","FUL","137.00","54.746333","-110.115833","6668"
"LWF-120-2023","ab","MST","2023-05-16T21:25:00.000Z","2023-09-25T09:00:00.000Z","OUT","H","FUL","6.70","56.222752","-110.948468","6668"
"LWF-114-2023","ab","MST","2023-05-12T20:47:00.000Z","2023-09-25T09:00:00.000Z","OUT","N","FUL","9.60","55.183666","-111.992151","6668"
"2023-G93351","bc","PDT","2023-09-23T20:35:00.000Z","2023-09-24T23:31:00.000Z","OUT","H","FUL","0.01","58.733832999999997","-122.625883","6668"
"2023-C33245","bc","PDT","2023-09-13T22:38:00.000Z","2023-09-24T21:01:00.000Z","UC","N","MOD","5.00","52.595950000000002","-121.312","6668"
"FOR_FIRE_049","on","GMT","2023-09-22T18:13:00.000Z","2023-09-24T19:40:00.000Z","OUT","N","FUL","1.00","49.1889","-92.9293","6668"
"23LA-SOUTH","sk","CST","2023-09-22T15:30:21.000Z","2023-09-24T18:25:04.000Z","OUT","N","FUL","0.10","55.0375","-105.247667","6668"
"KEN_FIRE_046","on","GMT","2023-09-24T16:00:00.000Z","2023-09-24T18:00:00.000Z","OUT","H","FUL","0.10","49.799","-94.336","6668"
"23BN-ROAD","sk","CST","2023-09-24T11:53:03.000Z","2023-09-24T17:12:02.000Z","OUT","H","MOD","0.20","56.325867","-108.811017","6668"
"23DB-PNIR32","sk","CST","2023-09-24T15:15:41.000Z","2023-09-24T15:48:11.000Z","OUT","H","MOD","0.10","55.174867","-102.923383","6668"
"23DB-PAWN","sk","CST","2023-09-24T14:10:38.000Z","2023-09-24T14:19:36.000Z","OUT","H","FUL","0.10","55.169349","-102.940934","6668"
"23DB-PNIR30","sk","CST","2023-09-24T13:06:21.000Z","2023-09-24T13:33:05.000Z","OUT","H","MOD","0.10","55.17615","-102.920567","6668"
"23PA-FORT","sk","CST","2023-09-24T11:32:57.000Z","2023-09-24T12:20:14.000Z","OUT","N","FUL","0.10","53.299233","-104.872033","6668"
"2023-G93240","bc","PDT","2023-09-13T17:46:00.000Z","2023-09-24T05:01:00.000Z","UC","N","FUL","6.40","58.212916999999997","-122.006517","6668"
"2023-G93241","bc","PDT","2023-09-13T18:51:00.000Z","2023-09-23T20:31:00.000Z","UC","N","FUL","0.50","58.439767000000003","-122.0638","6668"
"RWF-076-2023","ab","MST","2023-09-23T22:08:00.000Z","2023-09-23T17:10:00.000Z","OUT","N","FUL","0.01","52.464833","-115.326667","6668"
"NO134","mb","CDT","2023-09-17T05:00:00.000Z","2023-09-23T13:32:00.000Z","OUT","H","FUL","0.50","55.73722","-101.32944","6668"
"SWF-135-2023","ab","MST","2023-09-23T01:18:00.000Z","2023-09-23T10:30:00.000Z","OUT","H","FUL","0.01","55.826053","-115.218682","6668"
"23DB-KPIR05","sk","CST","2023-09-18T10:00:31.000Z","2023-09-23T07:54:33.000Z","OUT","H","MOD","0.10","54.890152","-103.353692","6668"
"2023-G83114","bc","PDT","2023-09-01T23:21:00.000Z","2023-09-23T02:01:00.000Z","OUT","H","FUL","0.64","56.551783","-121.754167","6668"
"2023-G83324","bc","PDT","2023-09-21T01:44:00.000Z","2023-09-23T00:31:00.000Z","OUT","H","FUL","0.50","56.545633000000002","-122.367783","6668"
"2023-N42851","bc","PDT","2023-08-19T21:47:00.000Z","2023-09-23T00:01:00.000Z","OUT","N","FUL","0.01","52.139017000000003","-118.505","6668"
"2023-G63267","bc","PDT","2023-09-15T22:14:00.000Z","2023-09-23T00:01:00.000Z","OUT","H","MOD","0.00","55.150433","-123.200683","6668"
"2023-N42235","bc","PDT","2023-07-24T19:07:00.000Z","2023-09-23T00:01:00.000Z","OUT","N","MOD","16.00","50.941450000000003","-117.75058300000001","6668"
"2023-G83325","bc","PDT","2023-09-21T02:21:00.000Z","2023-09-22T20:01:00.000Z","OUT","H","FUL","0.10","56.691633000000003","-121.762767","6668"
"2023-V53069","bc","PDT","2023-08-30T19:38:00.000Z","2023-09-22T19:31:00.000Z","OUT","N","FUL","0.01","49.659517000000001","-123.4469","6668"
"SWF-134-2023","ab","MST","2023-09-23T00:51:00.000Z","2023-09-22T19:21:00.000Z","OUT","H","FUL","0.10","55.82575","-115.2114","6668"
"23DB-PNIR26","sk","CST","2023-09-21T15:33:31.000Z","2023-09-22T16:48:29.000Z","OUT","H","MOD","0.10","55.174155","-102.925871","6668"
"23DB-PNIR24","sk","CST","2023-09-21T13:18:37.000Z","2023-09-22T16:46:11.000Z","OUT","H","MOD","0.10","55.1756","-102.921067","6668"
"EA091","mb","CDT","2023-09-18T05:00:00.000Z","2023-09-22T15:53:00.000Z","OUT","H","FUL","0.50","51.79694","-96.71167","6668"
"EA092","mb","CDT","2023-09-20T05:00:00.000Z","2023-09-22T15:29:00.000Z","OUT","H","FUL","0.10","50.06778","-95.58889","6668"
"SWF-133-2023","ab","MST","2023-09-21T22:23:00.000Z","2023-09-22T15:15:00.000Z","OUT","H","FUL","0.30","56.580233","-115.265733","6668"
"23SR-DEBUS2","sk","CST","2023-08-20T10:20:53.000Z","2023-09-22T10:00:35.000Z","OUT","N","MOD","4816.00","59.012867","-109.621583","6668"
"2023-G63318","bc","PDT","2023-09-19T17:34:00.000Z","2023-09-22T00:31:00.000Z","OUT","N","FUL","0.20","55.410916999999998","-123.36675","6668"
"148","qc","EST","2023-05-21T23:30:00.000Z","2023-09-21T20:27:49.000Z","OUT","H","FUL","0.80","48.6456","-79.1122","6668"
"294","qc","EST","2023-06-01T19:30:00.000Z","2023-09-21T20:17:09.000Z","OUT","N","FUL","0.00","49.4994","-69.5892","6668"
"145","qc","EST","2023-05-19T20:00:00.000Z","2023-09-21T18:43:05.000Z","OUT","H","FUL","0.20","45.5711","-75.6294","6668"
"2023-N42409","bc","PDT","2023-08-02T03:23:00.000Z","2023-09-21T18:31:00.000Z","OUT","N","FUL","0.01","51.319417000000001","-117.00924999999999","6668"
"2023-N62750","bc","PDT","2023-08-14T22:05:00.000Z","2023-09-21T18:31:00.000Z","OUT","N","FUL","0.80","49.353166999999999","-119.155","6668"
"2023-V53076","bc","PDT","2023-08-30T22:44:00.000Z","2023-09-21T18:31:00.000Z","OUT","N","FUL","0.60","49.562367000000002","-123.81783299999999","6668"
"2023-K43270","bc","PDT","2023-09-15T22:57:00.000Z","2023-09-21T18:01:00.000Z","OUT","H","FUL","0.01","50.725833000000002","-119.553167","6668"
"2023-K43278","bc","PDT","2023-09-16T02:24:00.000Z","2023-09-21T18:01:00.000Z","OUT","N","FUL","0.01","50.777299999999997","-118.628083","6668"
"2023-V53065","bc","PDT","2023-08-30T17:21:00.000Z","2023-09-21T16:31:00.000Z","OUT","N","FUL","0.50","49.501333000000002","-123.817167","6668"
"2023-V53028","bc","PDT","2023-08-29T17:27:00.000Z","2023-09-21T16:31:00.000Z","OUT","N","FUL","0.01","49.621417000000001","-123.744333","6668"
"23DB-PNIR27","sk","CST","2023-09-21T15:40:17.000Z","2023-09-21T15:51:25.000Z","OUT","H","MOD","0.10","55.17296","-102.918631","6668"
"23DB-PNIR25","sk","CST","2023-09-21T14:40:14.000Z","2023-09-21T15:50:24.000Z","OUT","H","MOD","0.10","55.176072","-102.916267","6668"
"WE067","mb","CDT","2023-09-17T05:00:00.000Z","2023-09-21T14:15:00.000Z","OUT","N","FUL","0.20","54.72083","-101.48361","6668"
"23DN-LLIR12","sk","CST","2023-09-21T07:04:36.000Z","2023-09-21T11:03:19.000Z","OUT","H","MOD","0.30","54.052183","-109.151533","6668"
"2023RE4","pc","MDT","2023-08-21T20:36:43.000Z","2023-09-21T07:00:00.000Z","OUT","N","MOD","0.10","51.0733","-118.1619","6668"
"2023RE1","pc","MDT","2023-08-21T21:17:02.000Z","2023-09-21T07:00:00.000Z","OUT","N","MOD","0.10","51.0691","-118.1369","6668"
"2023RE2","pc","MDT","2023-08-21T21:19:37.000Z","2023-09-21T07:00:00.000Z","OUT","N","MOD","0.10","51.0734","-118.1401","6668"
"2023RE3","pc","MDT","2023-08-21T21:20:57.000Z","2023-09-21T07:00:00.000Z","OUT","N","MOD","0.10","51.0783","-118.1361","6668"
"2023-G13212","bc","PDT","2023-09-10T02:43:00.000Z","2023-09-20T22:01:00.000Z","OUT","N","FUL","0.01","53.599032999999999","-123.13475","6668"
"HEA_FIRE_021","on","GMT","2023-09-20T15:12:00.000Z","2023-09-20T21:40:00.000Z","OUT","H","FUL","0.10","49.5147","-82.9251","6668"
"2023-K43276","bc","PDT","2023-09-16T00:07:00.000Z","2023-09-20T21:31:00.000Z","OUT","N","FUL","0.14","50.845866000000001","-118.510333","6668"
"407","qc","EST","2023-06-01T20:35:00.000Z","2023-09-20T19:43:07.000Z","OUT","N","FUL","0.30","48.7725","-70.5014","6668"
"2023-K42647","bc","PDT","2023-08-08T23:50:00.000Z","2023-09-20T19:31:00.000Z","OUT","N","FUL","3.50","50.774717000000003","-118.613833","6668"
"426","qc","EST","2023-06-01T20:00:00.000Z","2023-09-20T18:53:17.000Z","OUT","N","FUL","1.10","48.9375","-71.3456","6668"
"422","qc","EST","2023-06-01T19:30:00.000Z","2023-09-20T18:30:29.000Z","OUT","N","FUL","255.70","48.4608","-73.8239","6668"
"2023-K63277","bc","PDT","2023-09-16T02:00:00.000Z","2023-09-20T18:01:00.000Z","OUT","H","FUL","0.01","49.981082999999998","-120.902283","6668"
"2023-C33188","bc","PDT","2023-09-08T01:00:00.000Z","2023-09-20T18:01:00.000Z","OUT","N","FUL","0.20","52.51155","-121.12090000000001","6668"
"23LA-KURULAK","sk","CST","2023-09-19T12:28:21.000Z","2023-09-20T17:30:23.000Z","OUT","N","MOD","0.50","55.271333","-103.905167","6668"
"2023-N72512","bc","PDT","2023-08-06T03:21:00.000Z","2023-09-20T17:01:00.000Z","OUT","N","FUL","0.01","49.244549999999997","-117.03613300000001","6668"
"WE063","mb","CDT","2023-09-11T05:00:00.000Z","2023-09-20T16:58:00.000Z","OUT","N","MON","0.10","54.32583","-101.56806","6668"
"23DB-PNIR23","sk","CST","2023-09-19T20:15:00.000Z","2023-09-20T16:45:57.000Z","OUT","H","MOD","0.10","55.171564","-102.92421","6668"
"442","qc","EST","2023-06-01T23:00:00.000Z","2023-09-20T16:38:37.000Z","OUT","N","FUL","2.40","48.8803","-74.3539","6668"
"443","qc","EST","2023-06-01T23:00:00.000Z","2023-09-20T16:33:50.000Z","OUT","N","FUL","27.90","48.9","-74.3525","6668"
"444","qc","EST","2023-06-05T23:00:00.000Z","2023-09-20T16:17:47.000Z","OUT","N","FUL","0.30","49.2817","-73.2947","6668"
"23DB-PNIR22","sk","CST","2023-09-18T16:55:27.000Z","2023-09-20T15:37:49.000Z","OUT","H","MOD","0.10","55.182235","-102.938907","6668"
"445","qc","EST","2023-06-01T22:02:00.000Z","2023-09-20T15:25:30.000Z","OUT","N","FUL","3.80","48.8586","-74.3608","6668"
"446","qc","EST","2023-06-01T21:40:00.000Z","2023-09-20T14:49:48.000Z","OUT","N","FUL","0.10","48.8892","-74.1914","6668"
"459","qc","EST","2023-06-05T21:35:00.000Z","2023-09-20T14:15:15.000Z","OUT","N","MON","549.30","51.5558","-71.4264","6668"
"458","qc","EST","2023-06-05T20:15:00.000Z","2023-09-20T14:12:17.000Z","OUT","N","MON","397.40","51.6536","-71.695","6668"
"460","qc","EST","2023-06-05T23:40:00.000Z","2023-09-20T13:43:07.000Z","OUT","N","MON","10896.30","51.0942","-73.1653","6668"
"23DB-SESAME","sk","CST","2023-09-19T16:15:50.000Z","2023-09-20T13:03:55.000Z","OUT","H","FUL","0.10","55.170033","-102.937488","6668"
"2023-G91494","bc","PDT","2023-07-10T20:49:00.000Z","2023-09-20T00:31:00.000Z","OC","N","MON","6996.40","59.805100000000003","-121.78536699999999","6668"
"2023-G12160","bc","PDT","2023-07-23T03:44:00.000Z","2023-09-20T00:31:00.000Z","OUT","N","FUL","11.50","53.813533","-122.02636699999999","6668"
"2023-G92594","bc","PDT","2023-08-07T18:51:00.000Z","2023-09-20T00:31:00.000Z","OC","N","FUL","316.50","59.937367000000002","-127.761983","6668"
"2023-G91739","bc","PDT","2023-07-16T01:17:00.000Z","2023-09-20T00:31:00.000Z","OC","N","MON","33425.60","59.420299999999997","-123.65561700000001","6668"
"2023-G90273","bc","PDT","2023-05-12T20:25:00.000Z","2023-09-20T00:31:00.000Z","OC","N","MON","42838.50","58.061683000000002","-121.912217","6668"
"2023-K52772","bc","PDT","2023-08-16T18:24:00.000Z","2023-09-20T00:01:00.000Z","OUT","H","FUL","0.01","49.875667","-119.45350000000001","6668"
"2023-K42613","bc","PDT","2023-08-07T23:47:00.000Z","2023-09-20T00:01:00.000Z","OUT","N","FUL","0.20","50.111466999999998","-118.4713","6668"
"2023-K42421","bc","PDT","2023-08-02T19:53:00.000Z","2023-09-19T23:31:00.000Z","OUT","N","MON","50.40","51.463966999999997","-118.7302","6668"
"2023-K42967","bc","PDT","2023-08-26T23:34:00.000Z","2023-09-19T23:31:00.000Z","OUT","N","FUL","0.01","50.750450000000001","-118.61579999999999","6668"
"THU_FIRE_050","on","GMT","2023-09-19T22:00:00.000Z","2023-09-19T23:30:00.000Z","OUT","N","FUL","0.10","48.7399","-90.5033","6668"
"2023-VA0566","bc","PDT","2023-06-02T18:23:00.000Z","2023-09-19T23:01:00.000Z","OUT","H","FUL","0.01","52.387717000000002","-126.59045","6668"
"2023-VA0784","bc","PDT","2023-06-14T23:07:00.000Z","2023-09-19T23:01:00.000Z","OUT","H","FUL","0.09","52.442216999999999","-126.3352","6668"
"WAW_FIRE_031","on","GMT","2023-09-19T20:30:00.000Z","2023-09-19T23:00:00.000Z","OUT","N","FUL","0.10","49.1683","-85.7749","6668"
"23DN-LLIR11","sk","CST","2023-09-19T19:04:09.000Z","2023-09-19T22:53:35.000Z","OUT","H","MOD","0.20","54.040317","-109.1506","6668"
"2023-VA1271","bc","PDT","2023-07-08T04:02:00.000Z","2023-09-19T22:31:00.000Z","OUT","N","FUL","0.01","52.838116999999997","-127.032217","6668"
"2023-G61653","bc","PDT","2023-07-13T19:25:00.000Z","2023-09-19T22:01:00.000Z","OUT","N","MOD","0.00","56.199350000000003","-125.26221700000001","6668"
"2023-V93072","bc","PDT","2023-08-30T20:33:00.000Z","2023-09-19T22:01:00.000Z","OUT","N","FUL","0.01","50.822032999999998","-126.71195","6668"
"2023-N40925","bc","PDT","2023-06-25T03:57:00.000Z","2023-09-19T22:01:00.000Z","OUT","N","FUL","0.06","51.6218","-118.456233","6668"
"2023-N52644","bc","PDT","2023-08-08T20:21:00.000Z","2023-09-19T22:01:00.000Z","OUT","N","MON","0.30","50.578316999999998","-117.461","6668"
"2023-VA2806","bc","PDT","2023-08-18T03:41:00.000Z","2023-09-19T21:31:00.000Z","OUT","N","FUL","0.01","52.398800000000001","-126.46803300000001","6668"
"2023-C13287","bc","PDT","2023-09-16T16:55:00.000Z","2023-09-19T21:01:00.000Z","OUT","H","FUL","0.19","52.425133000000002","-122.604783","6668"
"461","qc","EST","2023-06-05T22:30:00.000Z","2023-09-19T20:24:44.000Z","OUT","N","MON","3242.80","50.9978","-73.2606","6668"
"462","qc","EST","2023-06-05T23:03:00.000Z","2023-09-19T20:05:27.000Z","OUT","N","FUL","14225.50","50.6786","-72.8358","6668"
"2023-G13220","bc","PDT","2023-09-10T22:24:00.000Z","2023-09-19T20:01:00.000Z","OUT","H","FUL","0.01","53.792383000000001","-122.41204999999999","6668"
"2023-V81105","bc","PDT","2023-07-03T21:49:00.000Z","2023-09-19T20:01:00.000Z","OUT","H","FUL","2.00","50.340049999999998","-125.889083","6668"
"475","qc","EST","2023-06-10T19:47:00.000Z","2023-09-19T20:00:37.000Z","OUT","N","FUL","8.90","49.2469","-72.8319","6668"
"474","qc","EST","2023-06-11T19:16:00.000Z","2023-09-19T19:35:49.000Z","OUT","N","MON","269.50","51.5289","-63.1692","6668"
"2023-G60651","bc","PDT","2023-06-07T00:04:00.000Z","2023-09-19T19:31:00.000Z","OUT","N","MON","0.00","56.372166999999997","-124.74466700000001","6668"
"2023-K42398","bc","PDT","2023-08-01T22:46:00.000Z","2023-09-19T19:31:00.000Z","OUT","H","MOD","2.40","50.537567000000003","-119.001867","6668"
"2023-R31348","bc","PDT","2023-07-09T02:22:00.000Z","2023-09-19T19:31:00.000Z","OUT","N","FUL","0.20","54.861167000000002","-127.29515000000001","6668"
"476","qc","EST","2023-06-01T19:00:00.000Z","2023-09-19T19:24:15.000Z","OUT","N","MON","190.40","51.2297","-72.4511","6668"
"478","qc","EST","2023-06-11T19:00:00.000Z","2023-09-19T19:12:02.000Z","OUT","N","MON","2124.50","50.9456","-73.2964","6668"
"2023-VA2238","bc","PDT","2023-07-24T21:05:00.000Z","2023-09-19T19:01:00.000Z","OUT","N","FUL","0.01","52.454500000000003","-125.892167","6668"
"484","qc","EST","2023-06-15T20:53:00.000Z","2023-09-19T18:52:59.000Z","OUT","N","FUL","0.00","47.6178","-73.5167","6668"
"511","qc","EST","2023-06-23T20:00:00.000Z","2023-09-19T18:24:32.000Z","OUT","H","FUL","0.10","49.7925","-74.6847","6668"
"KEN_FIRE_045","on","GMT","2023-09-17T16:58:00.000Z","2023-09-19T18:05:00.000Z","OUT","N","FUL","0.10","50.2929","-94.2691","6668"
"2023-VA2449","bc","PDT","2023-08-04T01:14:00.000Z","2023-09-19T18:01:00.000Z","OUT","N","FUL","0.40","52.378416999999999","-126.03505","6668"
"522","qc","EST","2023-06-24T22:40:00.000Z","2023-09-19T17:59:37.000Z","OUT","N","FUL","0.60","46.8747","-73.8878","6668"
"2023-K23215","bc","PDT","2023-09-10T18:08:00.000Z","2023-09-19T17:31:00.000Z","OUT","N","MON","0.01","51.780650000000001","-118.966317","6668"
"NO109","mb","CDT","2023-08-02T05:00:00.000Z","2023-09-19T17:16:00.000Z","OUT","N","MON","21.10","54.81417","-96.58778","6668"
"2023-N72169","bc","PDT","2023-07-23T04:39:00.000Z","2023-09-19T17:01:00.000Z","OUT","N","MOD","287.00","50.744050000000001","-117.130017","6668"
"2023-N72419","bc","PDT","2023-08-02T18:13:00.000Z","2023-09-19T17:01:00.000Z","OUT","N","MOD","519.00","50.741950000000003","-117.068333","6668"
"2023-N72369","bc","PDT","2023-07-31T19:58:00.000Z","2023-09-19T17:01:00.000Z","OUT","N","MOD","890.00","50.804583000000001","-117.317117","6668"
"2023-N72351","bc","PDT","2023-07-31T01:58:00.000Z","2023-09-19T17:01:00.000Z","OUT","N","MOD","0.09","50.549216999999999","-117.441467","6668"
"2023-N11770","bc","PDT","2023-07-16T21:12:00.000Z","2023-09-19T17:01:00.000Z","OUT","N","FUL","0.10","49.225583","-115.31155","6668"
"2023-N71690","bc","PDT","2023-07-14T20:43:00.000Z","2023-09-19T17:01:00.000Z","OUT","N","MOD","241.00","50.660466999999997","-116.941867","6668"
"2023-G71435","bc","PDT","2023-07-10T01:00:00.000Z","2023-09-19T17:01:00.000Z","OUT","N","FUL","7.00","55.358217000000003","-122.140383","6668"
"209","qc","EST","2023-05-31T14:30:00.000Z","2023-09-19T16:36:24.000Z","OUT","H","FUL","3.70","50.5731","-68.9139","6668"
"669","qc","EST","2023-09-02T16:30:00.000Z","2023-09-19T15:29:48.000Z","OUT","H","FUL","0.00","49.8614","-67.0886","6668"
"610","qc","EST","2023-07-08T19:00:00.000Z","2023-09-19T14:20:18.000Z","OUT","H","FUL","0.00","49.8158","-74.5375","6668"
"638","qc","EST","2023-07-18T03:33:00.000Z","2023-09-19T13:58:29.000Z","OUT","N","MOD","24.00","53.4403","-78.0608","6668"
"641","qc","EST","2023-07-28T20:24:00.000Z","2023-09-19T13:53:03.000Z","OUT","H","FUL","2.60","49.8758","-73.3736","6668"
"657","qc","EST","2023-08-13T01:00:00.000Z","2023-09-19T13:40:50.000Z","OUT","H","FUL","0.10","45.9411","-70.9664","6668"
"COC_FIRE_011","on","GMT","2023-06-17T16:40:00.000Z","2023-09-19T12:48:00.000Z","OUT","H","FUL","805.00","52.1823","-81.8548","6668"
"GWF-068-2023","ab","MST","2023-09-19T17:20:00.000Z","2023-09-19T11:28:00.000Z","OUT","H","FUL","0.01","55.171033","-117.249283","6668"
"GWF-049-2023","ab","MST","2023-07-11T02:45:00.000Z","2023-09-19T09:50:00.000Z","OUT","N","FUL","50.34","55.073273","-117.008845","6668"
"GWF-067-2023","ab","MST","2023-09-19T14:25:00.000Z","2023-09-19T08:44:00.000Z","OUT","H","FUL","0.01","55.074333","-118.788633","6668"
"2023-V91301","bc","PDT","2023-07-08T22:50:00.000Z","2023-09-19T02:31:00.000Z","OUT","N","MOD","0.01","51.257617000000003","-126.857617","6668"
"2023-K63248","bc","PDT","2023-09-14T01:32:00.000Z","2023-09-19T00:31:00.000Z","OUT","H","FUL","0.10","50.150367000000003","-120.58275","6668"
"2023-G13266","bc","PDT","2023-09-15T22:24:00.000Z","2023-09-19T00:31:00.000Z","OUT","N","FUL","0.30","53.943883","-122.53149999999999","6668"
"2023-V63216","bc","PDT","2023-09-10T19:45:00.000Z","2023-09-19T00:31:00.000Z","OUT","N","FUL","0.10","49.025967000000001","-124.159333","6668"
"2023-G71701","bc","PDT","2023-07-15T01:06:00.000Z","2023-09-18T23:31:00.000Z","OUT","N","FUL","0.30","55.491500000000002","-122.01133299999999","6668"
"2023-G90795","bc","PDT","2023-06-15T21:55:00.000Z","2023-09-18T23:01:00.000Z","OUT","N","FUL","0.20","59.355916999999998","-124.089217","6668"
"2023-V82548","bc","PDT","2023-08-06T23:49:00.000Z","2023-09-18T22:31:00.000Z","OUT","N","MON","0.01","49.915416999999998","-126.0275","6668"
"2023-V63047","bc","PDT","2023-08-29T21:50:00.000Z","2023-09-18T22:31:00.000Z","OUT","N","FUL","0.01","48.661917000000003","-123.88203300000001","6668"
"2023-V93045","bc","PDT","2023-08-29T21:39:00.000Z","2023-09-18T22:31:00.000Z","OUT","N","MON","0.01","50.863549999999996","-126.752267","6668"
"2023-C23303","bc","PDT","2023-09-17T19:43:00.000Z","2023-09-18T22:31:00.000Z","OUT","H","FUL","0.01","52.304082999999999","-121.77846700000001","6668"
"647","qc","EST","2023-08-03T20:00:00.000Z","2023-09-18T20:51:22.000Z","OUT","H","FUL","0.00","48.1608","-65.6383","6668"
"2023-V83040","bc","PDT","2023-08-29T20:16:00.000Z","2023-09-18T19:31:00.000Z","OUT","N","FUL","0.01","50.618417000000001","-126.096583","6668"
"RWF-075-2023","ab","MST","2023-09-18T22:31:00.000Z","2023-09-18T19:10:00.000Z","OUT","H","FUL","0.11","52.925888","-115.149463","6668"
"2023XY004","yt","PDT","2023-05-04T20:33:00.000Z","2023-09-18T18:51:00.000Z","OUT","U","FUL","0.02","61.18803","-135.39845","6668"
"2023-K42890","bc","PDT","2023-08-22T02:16:00.000Z","2023-09-18T18:31:00.000Z","OUT","N","FUL","0.01","51.034700000000001","-118.60899999999999","6668"
"2023-G83275","bc","PDT","2023-09-16T00:43:00.000Z","2023-09-18T18:01:00.000Z","OUT","H","FUL","0.01","56.524883000000003","-121.78919999999999","6668"
"23LA-EAGLE","sk","CST","2023-09-16T17:11:16.000Z","2023-09-18T17:45:47.000Z","OUT","N","FUL","0.30","55.139367","-105.24015","6668"
"2023-G71046","bc","PDT","2023-07-01T23:34:00.000Z","2023-09-18T17:31:00.000Z","OUT","H","FUL","0.15","55.691183000000002","-121.614583","6668"
"2023-VA1392","bc","PDT","2023-07-09T20:24:00.000Z","2023-09-18T16:31:00.000Z","OUT","N","FUL","0.52","52.463450000000002","-125.97855","6668"
"2023-G41195","bc","PDT","2023-07-07T22:11:00.000Z","2023-09-18T16:01:00.000Z","OUT","N","FUL","0.00","53.561900000000001","-124.34444999999999","6668"
"212","qc","EST","2023-05-31T18:20:00.000Z","2023-09-18T15:26:52.000Z","OUT","N","FUL","17.30","48.26","-70.4203","6668"
"HWF-157-2023","ab","MST","2023-09-15T16:50:00.000Z","2023-09-18T12:01:00.000Z","OUT","H","FUL","0.90","58.48735","-115.631083","6668"
"2023-G73243","bc","PDT","2023-09-13T20:52:00.000Z","2023-09-18T00:01:00.000Z","UC","H","FUL","0.50","55.705117000000001","-120.346367","6668"
"2023-G63023","bc","PDT","2023-08-29T03:54:00.000Z","2023-09-17T21:31:00.000Z","OUT","H","MOD","0.00","55.773099999999999","-125.08113299999999","6668"
"NIP_FIRE_114","on","GMT","2023-09-16T14:39:00.000Z","2023-09-17T21:00:00.000Z","OUT","N","FUL","0.30","49.0824","-87.3046","6668"
"2023-G60325","bc","PDT","2023-05-15T21:48:00.000Z","2023-09-17T18:01:00.000Z","OUT","N","MOD","24705.00","57.353383000000001","-124.84353299999999","6668"
"KEN_FIRE_044","on","GMT","2023-09-16T20:26:00.000Z","2023-09-17T16:30:00.000Z","OUT","N","FUL","0.10","50.3097","-94.5129","6668"
"WE065","mb","CDT","2023-09-13T05:00:00.000Z","2023-09-17T15:25:00.000Z","OUT","H","FUL","0.80","53.91444","-99.24194","6668"
"2023JA15","pc","MDT","2023-09-17T23:42:14.000Z","2023-09-17T07:00:00.000Z","OUT","N","MON","1.50","52.2674","-117.7647","6668"
"2023-V90929","bc","PDT","2023-06-26T22:24:00.000Z","2023-09-17T05:01:00.000Z","OUT","H","FUL","3.43","50.710082999999997","-127.52200000000001","6668"
"2023-V83035","bc","PDT","2023-08-29T19:29:00.000Z","2023-09-17T02:01:00.000Z","OUT","N","MON","0.02","50.552033000000002","-126.115167","6668"
"2023-V93009","bc","PDT","2023-08-29T00:16:00.000Z","2023-09-17T00:31:00.000Z","OUT","N","FUL","0.01","50.688333","-126.558167","6668"
"2023-V93011","bc","PDT","2023-08-29T00:33:00.000Z","2023-09-17T00:31:00.000Z","OUT","N","MOD","0.40","50.506633000000001","-126.68644999999999","6668"
"2023-G60882","bc","PDT","2023-06-24T23:17:00.000Z","2023-09-16T23:01:00.000Z","OUT","N","FUL","0.00","56.107166999999997","-125.241","6668"
"2023-V93008","bc","PDT","2023-08-29T00:11:00.000Z","2023-09-16T23:01:00.000Z","OUT","N","FUL","0.20","50.730832999999997","-126.474833","6668"
"2023-V93050","bc","PDT","2023-08-29T22:09:00.000Z","2023-09-16T22:01:00.000Z","OUT","N","FUL","0.01","50.820883000000002","-126.256333","6668"
"2023-G61469","bc","PDT","2023-07-10T04:36:00.000Z","2023-09-16T21:31:00.000Z","OUT","N","MON","0.01","56.101332999999997","-125.1343","6668"
"2023-G52126","bc","PDT","2023-07-22T22:55:00.000Z","2023-09-16T20:31:00.000Z","OUT","N","FUL","0.01","54.380732999999999","-123.521717","6668"
"2023-G41304","bc","PDT","2023-07-08T23:14:00.000Z","2023-09-16T19:31:00.000Z","OUT","N","FUL","32.74","53.689700000000002","-124.13338299999999","6668"
"2023-C53189","bc","PDT","2023-09-08T02:44:00.000Z","2023-09-16T19:01:00.000Z","OUT","N","FUL","200.00","51.680833","-124.994","6668"
"2023-G41422","bc","PDT","2023-07-10T00:16:00.000Z","2023-09-16T19:01:00.000Z","OUT","N","FUL","736.60","53.982883000000001","-124.825717","6668"
"2023-V93022","bc","PDT","2023-08-29T03:43:00.000Z","2023-09-16T18:31:00.000Z","OUT","N","MON","0.04","50.5443","-126.59905000000001","6668"
"2023-R12656","bc","PDT","2023-08-09T04:50:00.000Z","2023-09-16T17:01:00.000Z","OUT","H","FUL","1.10","54.056583000000003","-125.76346700000001","6668"
"2023-G43112","bc","PDT","2023-09-01T22:02:00.000Z","2023-09-16T16:01:00.000Z","OUT","H","FUL","0.01","54.005450000000003","-123.879633","6668"
"EA090","mb","CDT","2023-09-12T05:00:00.000Z","2023-09-16T14:59:00.000Z","OUT","H","FUL","1.00","52.36944","-97.03583","6668"
"NO108","mb","CDT","2023-08-02T05:00:00.000Z","2023-09-16T13:47:00.000Z","OUT","N","FUL","5.90","56.82444","-101.22222","6668"
"2023-G43273","bc","PDT","2023-09-15T23:40:00.000Z","2023-09-16T03:01:00.000Z","OUT","H","FUL","0.01","53.993048999999999","-124.73976","6668"
"2023-V80320","bc","PDT","2023-05-15T19:34:00.000Z","2023-09-16T02:01:00.000Z","OUT","H","MOD","10.00","50.613532999999997","-125.56704999999999","6668"
"2023-G70644","bc","PDT","2023-06-06T20:15:00.000Z","2023-09-16T00:31:00.000Z","UC","N","FUL","4427.00","55.379167000000002","-120.082667","6668"
"2023-R13265","bc","PDT","2023-09-15T22:09:00.000Z","2023-09-15T23:31:00.000Z","OUT","H","FUL","0.04","54.297967","-125.838533","6668"
"HWF-156-2023","ab","MST","2023-09-15T01:40:00.000Z","2023-09-15T23:01:00.000Z","OUT","N","FUL","0.02","58.252417","-118.09445","6668"
"2023-G62323","bc","PDT","2023-07-30T01:34:00.000Z","2023-09-15T22:31:00.000Z","OUT","N","FUL","3.00","55.828583000000002","-125.014267","6668"
"2023-G51614","bc","PDT","2023-07-13T00:15:00.000Z","2023-09-15T22:31:00.000Z","UC","N","MON","5.80","55.554417000000001","-125.1275","6668"
"2023-G41593","bc","PDT","2023-07-12T19:23:00.000Z","2023-09-15T22:01:00.000Z","UC","N","MON","29.30","53.482433","-125.034983","6668"
"2023-G41560","bc","PDT","2023-07-11T22:55:00.000Z","2023-09-15T21:31:00.000Z","BH","N","MOD","1144.30","53.452832999999998","-124.214","6668"
"GWF-065-2023","ab","MST","2023-09-16T01:08:00.000Z","2023-09-15T19:20:00.000Z","OUT","H","FUL","0.01","55.801271","-119.936153","6668"
"DRY_FIRE_036","on","GMT","2023-09-15T16:45:00.000Z","2023-09-15T19:20:00.000Z","OUT","N","FUL","0.10","49.8855","-93.7301","6668"
"2023-G43153","bc","PDT","2023-09-03T21:34:00.000Z","2023-09-15T18:31:00.000Z","OUT","H","FUL","0.17","53.771717000000002","-123.977283","6668"
"PWF-135-2023","ab","MST","2023-09-14T20:33:00.000Z","2023-09-15T16:30:00.000Z","OUT","N","FUL","0.01","57.775783","-118.465733","6668"
"2023-V53223","bc","PDT","2023-09-11T01:51:00.000Z","2023-09-15T15:30:00.000Z","OUT","N","FUL","0.10","49.590217000000003","-123.576667","6668"
"RWF-073-2023","ab","MST","2023-09-15T20:35:00.000Z","2023-09-15T15:05:00.000Z","OUT","H","FUL","0.01","52.39525","-114.977717","6668"
"SLK_FIRE_099","on","GMT","2023-09-10T14:31:00.000Z","2023-09-15T14:00:00.000Z","OUT","H","FUL","0.40","49.9064","-92.2757","6668"
"23SF-DITCH24","sk","CST","2023-08-24T14:55:33.000Z","2023-09-15T11:09:10.000Z","OUT","H","MOD","0.20","49.979925","-104.102253","6668"
"23LA-VERS","sk","CST","2023-09-11T16:46:10.000Z","2023-09-15T09:12:46.000Z","OUT","H","MOD","2.00","55.807455","-104.34008","6668"
"2023-G70298","bc","PDT","2023-05-14T01:06:00.000Z","2023-09-14T22:30:00.000Z","OUT","H","FUL","25.86","55.987050000000004","-120.51315","6668"
"2023-G71478","bc","PDT","2023-07-10T15:31:00.000Z","2023-09-14T22:30:00.000Z","OUT","N","FUL","8.60","54.726917","-120.1362","6668"
"2023-G72429","bc","PDT","2023-08-03T02:39:00.000Z","2023-09-14T22:30:00.000Z","OUT","N","MON","0.20","55.112459999999999","-121.9885","6668"
"HEA_FIRE_020","on","GMT","2023-09-14T15:02:00.000Z","2023-09-14T22:30:00.000Z","OUT","N","FUL","0.10","49.5156","-82.9265","6668"
"2023-G12495","bc","PDT","2023-08-05T23:13:00.000Z","2023-09-14T21:30:00.000Z","OUT","N","FUL","0.80","53.607332999999997","-123.0202","6668"
"23DN-HWY1603","sk","CST","2023-09-14T19:16:32.000Z","2023-09-14T20:13:25.000Z","OUT","H","MOD","0.10","53.1369","-109.647933","6668"
"2023-V13059","bc","PDT","2023-08-29T23:55:00.000Z","2023-09-14T19:01:00.000Z","OUT","N","FUL","0.01","49.543633","-121.768917","6668"
"2023-N23253","bc","PDT","2023-09-14T17:47:00.000Z","2023-09-14T19:01:00.000Z","OUT","H","FUL","0.01","50.440967000000001","-116.265283","6668"
"HEA_FIRE_019","on","GMT","2023-09-14T14:17:00.000Z","2023-09-14T19:00:00.000Z","OUT","N","FUL","0.10","49.5147","-82.9259","6668"
"279","qc","EST","2023-06-01T20:00:00.000Z","2023-09-14T17:57:01.000Z","OUT","N","FUL","1591.10","50.7486","-70.1975","6668"
"HWF-155-2023","ab","MST","2023-09-13T16:55:00.000Z","2023-09-14T17:55:00.000Z","OUT","N","FUL","0.20","58.337967","-114.989067","6668"
"361","qc","EST","2023-06-01T20:06:00.000Z","2023-09-14T16:57:14.000Z","OUT","N","FUL","1126.00","47.1303","-73.7275","6668"
"359","qc","EST","2023-06-01T19:00:00.000Z","2023-09-14T16:33:50.000Z","OUT","N","FUL","342.10","46.9411","-73.3522","6668"
"RED_FIRE_076","on","GMT","2023-09-13T19:30:00.000Z","2023-09-14T15:45:00.000Z","OUT","H","FUL","0.10","51.8851","-92.6158","6668"
"23DB-PNIR37","sk","CST","2023-09-14T02:00:15.000Z","2023-09-14T15:37:06.000Z","OUT","H","MOD","0.10","55.176811","-102.939374","6668"
"23LF-LAGOON","sk","CST","2023-09-11T12:10:57.000Z","2023-09-14T15:17:45.000Z","OUT","H","FUL","0.20","54.038167","-104.592833","6668"
"164","qc","EST","2023-05-27T20:00:00.000Z","2023-09-14T15:13:27.000Z","OUT","H","FUL","1.50","46","-71.4303","6668"
"354","qc","EST","2023-06-01T20:00:00.000Z","2023-09-14T15:00:37.000Z","OUT","N","FUL","0.10","47.5819","-70.2008","6668"
"352","qc","EST","2023-06-01T19:42:00.000Z","2023-09-14T14:33:31.000Z","OUT","N","FUL","215.50","49.1883","-72.0819","6668"
"23BN-ISLAND","sk","CST","2023-09-11T16:12:03.000Z","2023-09-14T13:37:32.000Z","OUT","N","MOD","1.00","56.508576","-108.607433","6668"
"23BN-PARKER","sk","CST","2023-07-21T17:25:49.000Z","2023-09-14T13:36:14.000Z","OUT","N","MOD","345.00","56.807933","-108.705267","6668"
"HWF-150-2023","ab","MST","2023-08-22T17:30:00.000Z","2023-09-14T13:18:00.000Z","OUT","N","FUL","0.50","58.2488","-119.200833","6668"
"07-017-2023","ns","ADT","2023-09-14T03:00:00.000Z","2023-09-14T04:00:00.000Z","OUT","N","FUL","0.02","45.13600922","-64.49393463","6668"
"2023-V83060","bc","PDT","2023-08-30T01:00:00.000Z","2023-09-14T00:30:00.000Z","OUT","N","FUL","0.01","50.016033","-125.93163300000001","6668"
"2023-N40767","bc","PDT","2023-06-13T23:52:00.000Z","2023-09-14T00:30:00.000Z","OUT","N","MON","0.01","51.151183000000003","-116.92740000000001","6668"
"2023-V73131","bc","PDT","2023-09-02T21:41:00.000Z","2023-09-14T00:01:00.000Z","OUT","N","FUL","0.01","49.313617000000001","-125.311633","6668"
"2023-G73244","bc","PDT","2023-09-13T21:49:00.000Z","2023-09-14T00:01:00.000Z","OUT","H","FUL","0.01","55.642749999999999","-122.133167","6668"
"2023-V73021","bc","PDT","2023-08-29T03:28:00.000Z","2023-09-13T23:30:00.000Z","OUT","N","FUL","0.06","49.395783000000002","-124.772333","6668"
"2023-K53227","bc","PDT","2023-09-11T20:38:00.000Z","2023-09-13T23:01:00.000Z","OUT","H","FUL","4.50","49.183366999999997","-119.5598","6668"
"2023-V62400","bc","PDT","2023-08-02T00:22:00.000Z","2023-09-13T22:01:00.000Z","OUT","H","FUL","1.85","48.406333330000002","-123.83628333","6668"
"2023-V13235","bc","PDT","2023-09-11T23:12:00.000Z","2023-09-13T22:01:00.000Z","OUT","H","FUL","0.02","49.085633000000001","-121.949967","6668"
"2023-G91086","bc","PDT","2023-07-03T01:23:00.000Z","2023-09-13T21:01:00.000Z","OUT","N","MON","0.00","59.733199999999997","-121.143717","6668"
"2023-G41164","bc","PDT","2023-07-07T01:30:00.000Z","2023-09-13T21:01:00.000Z","OUT","N","FUL","0.00","52.947467000000003","-125.673283","6668"
"2023-G90909","bc","PDT","2023-06-25T23:10:00.000Z","2023-09-13T21:01:00.000Z","OUT","N","MON","0.00","59.813699999999997","-120.732933","6668"
"2023-G41577","bc","PDT","2023-07-12T02:15:00.000Z","2023-09-13T21:01:00.000Z","OUT","N","FUL","0.00","53.750633000000001","-124.34521700000001","6668"
"2023-G80590","bc","PDT","2023-06-04T00:01:00.000Z","2023-09-13T21:01:00.000Z","OUT","N","MON","0.00","57.565033","-120.745333","6668"
"2023-G80633","bc","PDT","2023-06-05T17:21:00.000Z","2023-09-13T21:01:00.000Z","OUT","N","FUL","0.00","57.266666999999998","-121.908833","6668"
"2023-G91358","bc","PDT","2023-07-09T03:09:00.000Z","2023-09-13T21:01:00.000Z","OUT","N","MON","0.00","59.487000000000002","-121.005","6668"
"2023-G41163","bc","PDT","2023-07-07T01:26:00.000Z","2023-09-13T21:01:00.000Z","OUT","N","FUL","0.00","52.96105","-125.693133","6668"
"2023-V73004","bc","PDT","2023-08-28T23:37:00.000Z","2023-09-13T21:01:00.000Z","OUT","N","FUL","0.01","49.361716999999999","-124.75278299999999","6668"
"343","qc","EST","2023-06-01T02:00:00.000Z","2023-09-13T19:31:12.000Z","OUT","H","FUL","0.10","45.8247","-72.6217","6668"
"MWF-059-2023","ab","MST","2023-09-13T23:22:00.000Z","2023-09-13T19:15:00.000Z","OUT","H","FUL","0.01","56.428117","-111.333","6668"
"KEN_FIRE_008","on","GMT","2023-05-12T19:00:00.000Z","2023-09-13T19:00:00.000Z","OUT","H","FUL","0.10","50.1515","-93.9968","6668"
"150","qc","EST","2023-05-23T17:00:00.000Z","2023-09-13T18:36:23.000Z","OUT","H","FUL","1.90","48.9081","-72.3717","6668"
"333","qc","EST","2023-05-29T20:45:00.000Z","2023-09-13T18:31:06.000Z","OUT","H","FUL","0.10","46.0675","-72.2047","6668"
"2023-K72685","bc","PDT","2023-08-11T01:57:00.000Z","2023-09-13T18:30:00.000Z","OUT","H","FUL","0.45","50.406616999999997","-121.37263299999999","6668"
"2023-C43205","bc","PDT","2023-09-09T22:10:00.000Z","2023-09-13T18:30:00.000Z","OUT","H","FUL","0.10","51.843400000000003","-120.983383","6668"
"NIP_FIRE_026","on","GMT","2023-06-23T19:58:00.000Z","2023-09-13T18:22:00.000Z","OUT","N","MON","8647.80","53.8073","-88.7836","6668"
"NIP_FIRE_100","on","GMT","2023-08-07T22:25:00.000Z","2023-09-13T18:20:00.000Z","OUT","N","MON","5.00","53.4435","-87.9823","6668"
"132","qc","EST","2023-05-18T16:30:00.000Z","2023-09-13T17:31:59.000Z","OUT","H","FUL","0.10","48.1581","-77.7433","6668"
"2023-N42762","bc","PDT","2023-08-15T14:20:00.000Z","2023-09-13T17:30:00.000Z","OUT","H","FUL","0.50","51.491500000000002","-117.266217","6668"
"319","qc","EST","2023-06-01T19:30:00.000Z","2023-09-13T15:52:13.000Z","OUT","N","FUL","272.70","48.7861","-74.2297","6668"
"318","qc","EST","2023-06-01T20:00:00.000Z","2023-09-13T15:40:40.000Z","OUT","N","FUL","5.90","48.4769","-73.6628","6668"
"NO061","mb","CDT","2023-07-01T05:00:00.000Z","2023-09-13T14:39:00.000Z","OUT","N","MON","309.70","53.73194","-97.00028","6668"
"60","qc","EST","2023-05-08T20:00:00.000Z","2023-09-13T14:33:16.000Z","OUT","H","FUL","0.40","49.1447","-71.5478","6668"
"55","qc","EST","2023-05-09T17:00:00.000Z","2023-09-13T14:27:04.000Z","OUT","H","FUL","3.70","48.7592","-71.7775","6668"
"124","qc","EST","2023-05-15T18:15:00.000Z","2023-09-13T13:46:50.000Z","OUT","H","FUL","0.10","46.2536","-70.7644","6668"
"122","qc","EST","2023-05-15T20:03:00.000Z","2023-09-13T13:20:45.000Z","OUT","H","FUL","0.20","46.0594","-70.7894","6668"
"23DB-PNIR21","sk","CST","2023-09-13T09:03:43.000Z","2023-09-13T09:50:21.000Z","OUT","H","MOD","0.10","55.171242","-102.932516","6668"
"2023-C53002","bc","PDT","2023-08-28T23:26:00.000Z","2023-09-13T02:01:00.000Z","UC","H","FUL","1235.30","52.062173000000001","-123.55970499999999","6668"
"2023-R31975","bc","PDT","2023-07-21T03:27:00.000Z","2023-09-13T01:30:00.000Z","OUT","H","FUL","0.01","54.562817000000003","-126.883116","6668"
"2023-V82992","bc","PDT","2023-08-28T18:21:00.000Z","2023-09-13T01:01:00.000Z","OUT","N","FUL","0.30","49.853033000000003","-125.774283","6668"
"2023-R31362","bc","PDT","2023-07-09T03:43:00.000Z","2023-09-13T01:01:00.000Z","OUT","N","FUL","0.01","54.767833000000003","-127.0402","6668"
"2023-N40571","bc","PDT","2023-06-02T23:15:00.000Z","2023-09-12T23:30:00.000Z","OUT","N","FUL","0.04","51.069966999999998","-118.249533","6668"
"2023-G52917","bc","PDT","2023-08-23T04:24:00.000Z","2023-09-12T22:01:00.000Z","OUT","N","FUL","1.80","55.187800000000003","-124.95269999999999","6668"
"2023-C12135","bc","PDT","2023-07-22T23:51:00.000Z","2023-09-12T21:30:00.000Z","OUT","N","FUL","270.00","52.609417000000001","-122.24979999999999","6668"
"2023-N12363","bc","PDT","2023-07-31T18:01:00.000Z","2023-09-12T21:30:00.000Z","OUT","N","FUL","10.00","49.322049999999997","-114.814233","6668"
"2023-V73020","bc","PDT","2023-08-29T03:12:00.000Z","2023-09-12T20:30:00.000Z","OUT","N","FUL","0.01","49.246167","-125.191","6668"
"2023-N23218","bc","PDT","2023-09-10T21:32:00.000Z","2023-09-12T20:01:00.000Z","OUT","N","FUL","0.01","50.132832999999998","-115.863283","6668"
"NIP_FIRE_098","on","GMT","2023-08-07T21:03:00.000Z","2023-09-12T20:00:00.000Z","OUT","N","MON","55.90","53.1559","-88.0715","6668"
"NIP_FIRE_067","on","GMT","2023-07-29T21:58:00.000Z","2023-09-12T20:00:00.000Z","OUT","N","MON","1.00","52.5071","-86.5203","6668"
"NIP_FIRE_024","on","GMT","2023-06-23T23:32:00.000Z","2023-09-12T20:00:00.000Z","OUT","N","MON","1515.30","52.2812","-86.2882","6668"
"2023-G93201","bc","PDT","2023-09-09T03:34:00.000Z","2023-09-12T19:01:00.000Z","OUT","H","FUL","0.01","58.758232999999997","-124.973083","6668"
"NO097","mb","CDT","2023-07-25T05:00:00.000Z","2023-09-12T18:52:00.000Z","OUT","N","MON","430.00","54.54944","-96.56222","6668"
"2023-V83232","bc","PDT","2023-09-11T21:38:00.000Z","2023-09-12T18:30:00.000Z","OUT","N","FUL","0.01","50.175767","-125.18985000000001","6668"
"RED_FIRE_075","on","GMT","2023-09-12T16:12:00.000Z","2023-09-12T18:10:00.000Z","OUT","H","FUL","0.10","52.9298","-93.6359","6668"
"2023-V72998","bc","PDT","2023-08-28T21:56:00.000Z","2023-09-12T18:01:00.000Z","OUT","N","FUL","0.01","49.244999999999997","-125.1622","6668"
"23LA-PIPE","sk","CST","2023-09-07T14:54:15.000Z","2023-09-12T17:46:17.000Z","OUT","N","MOD","1.50","56.579517","-102.909417","6668"
"KEN_FIRE_043","on","GMT","2023-09-11T17:28:00.000Z","2023-09-12T17:00:00.000Z","OUT","H","FUL","0.10","50.339","-93.0116","6668"
"FOR_FIRE_047","on","GMT","2023-09-10T21:03:00.000Z","2023-09-12T17:00:00.000Z","OUT","H","FUL","0.10","48.9068","-91.6986","6668"
"23DB-CLINIC","sk","CST","2023-09-12T15:16:13.000Z","2023-09-12T16:43:50.000Z","OUT","H","FUL","0.10","55.170317","-102.937971","6668"
"127","qc","EST","2023-05-15T21:00:00.000Z","2023-09-12T16:28:06.000Z","OUT","H","FUL","0.20","45.5997","-75.7333","6668"
"23SR-TODOS","sk","CST","2023-07-22T16:58:23.000Z","2023-09-12T15:42:39.000Z","OUT","N","MOD","5538.10","59.336523","-106.725416","6668"
"23DB-PNIR20","sk","CST","2023-09-12T08:52:12.000Z","2023-09-12T13:24:25.000Z","OUT","H","MOD","0.10","55.183824","-102.940434","6668"
"PWF-082-2023","ab","MST","2023-06-30T21:50:00.000Z","2023-09-12T11:15:02.000Z","BH","N","FUL","8550.00","56.950667","-119.776167","6668"
"23DB-PNIR19","sk","CST","2023-09-11T11:05:35.000Z","2023-09-12T09:00:41.000Z","OUT","H","MOD","0.10","55.174526","-102.925182","6668"
"2023-V82995","bc","PDT","2023-08-28T19:21:00.000Z","2023-09-12T04:01:00.000Z","OUT","N","MON","0.20","49.542332999999999","-125.626133","6668"
"2023-G43171","bc","PDT","2023-09-06T16:24:00.000Z","2023-09-12T03:30:00.000Z","UC","N","FUL","12.20","53.548917000000003","-123.611","6668"
"2023-G93103","bc","PDT","2023-09-01T17:38:00.000Z","2023-09-12T02:30:00.000Z","OC","N","MON","11.19","59.249467000000003","-120.434417","6668"
"2023-C22544","bc","PDT","2023-08-06T23:12:00.000Z","2023-09-12T01:01:00.000Z","OUT","N","FUL","1.00","51.911000000000001","-122.336833","6668"
"2023-G41644","bc","PDT","2023-07-13T05:44:00.000Z","2023-09-12T00:30:00.000Z","OUT","N","MON","0.00","53.604416999999998","-125.293217","6668"
"2023XY025","yt","PDT","2023-08-06T23:05:00.000Z","2023-09-11T23:31:00.000Z","OC","N","FUL","1880.00","61.17183","-135.88","6668"
"2023-K71145","bc","PDT","2023-07-05T23:20:00.000Z","2023-09-11T23:01:00.000Z","OUT","H","FUL","0.01","50.893717000000002","-122.850217","6668"
"2023-N72615","bc","PDT","2023-08-08T01:07:00.000Z","2023-09-11T23:01:00.000Z","OUT","N","FUL","46.00","49.628117000000003","-117.180083","6668"
"123","qc","EST","2023-05-15T19:45:00.000Z","2023-09-11T19:40:23.000Z","OUT","H","FUL","0.00","45.5869","-75.6217","6668"
"2023-K52100","bc","PDT","2023-07-22T17:42:00.000Z","2023-09-11T19:30:00.000Z","OUT","N","FUL","0.01","49.667783","-119.560717","6668"
"2023-V93137","bc","PDT","2023-09-02T23:28:00.000Z","2023-09-11T19:30:00.000Z","OUT","H","FUL","0.01","50.422249999999998","-126.79275","6668"
"2023-V93135","bc","PDT","2023-09-02T23:26:00.000Z","2023-09-11T19:30:00.000Z","OUT","H","FUL","0.03","50.427500000000002","-126.7895","6668"
"2023MA009","yt","PDT","2023-07-19T00:07:00.000Z","2023-09-11T19:04:00.000Z","OUT","N","FUL","0.00","63.39315","-136.67983","6668"
"HWF-154-2023","ab","MST","2023-09-12T00:32:00.000Z","2023-09-11T18:40:00.000Z","OUT","H","FUL","0.01","58.427633","-116.349367","6668"
"FOR_FIRE_048","on","GMT","2023-09-11T14:09:00.000Z","2023-09-11T18:33:00.000Z","OUT","N","FUL","0.10","48.7437","-91.4003","6668"
"2023-C43177","bc","PDT","2023-09-07T00:53:00.000Z","2023-09-11T18:30:00.000Z","OUT","N","FUL","0.52","51.899799999999999","-121.09096700000001","6668"
"2023-C13211","bc","PDT","2023-09-10T01:52:00.000Z","2023-09-11T18:01:00.000Z","OUT","H","MON","0.01","52.941800000000001","-123.017917","6668"
"NO127","mb","CDT","2023-08-14T05:00:00.000Z","2023-09-11T17:32:00.000Z","OUT","N","FUL","4.60","54.85917","-99.02417","6668"
"2023-V93148","bc","PDT","2023-09-03T03:54:00.000Z","2023-09-11T01:01:00.000Z","OUT","N","FUL","0.01","50.938783000000001","-126.91211699999999","6668"
"2023-V93074","bc","PDT","2023-08-30T20:52:00.000Z","2023-09-11T01:01:00.000Z","OUT","N","FUL","0.05","50.752167","-126.478917","6668"
"2023-V93147","bc","PDT","2023-09-03T03:52:00.000Z","2023-09-11T01:01:00.000Z","OUT","N","FUL","0.04","50.937666999999998","-126.8155","6668"
"2023-G60666","bc","PDT","2023-06-08T02:14:00.000Z","2023-09-10T23:30:00.000Z","OC","N","FUL","166856.91","55.946767000000001","-124.544617","6668"
"KEN_FIRE_042","on","GMT","2023-09-09T21:27:00.000Z","2023-09-10T23:00:00.000Z","OUT","N","FUL","0.60","49.9922","-94.7673","6668"
"2023-G43208","bc","PDT","2023-09-09T23:48:00.000Z","2023-09-10T21:30:00.000Z","OUT","H","FUL","0.01","53.968133000000002","-124.705967","6668"
"2023-G80245","bc","PDT","2023-05-07T05:08:00.000Z","2023-09-10T21:30:00.000Z","OUT","H","FUL","19.10","56.442613000000001","-121.523533","6668"
"2023-G43123","bc","PDT","2023-09-02T08:27:00.000Z","2023-09-10T21:30:00.000Z","OUT","H","FUL","0.20","53.998750000000001","-124.008617","6668"
"2023-G91356","bc","PDT","2023-07-09T03:07:00.000Z","2023-09-10T18:30:00.000Z","OUT","N","MOD","0.00","59.593000000000004","-121.102","6668"
"2023-G91662","bc","PDT","2023-07-13T22:29:00.000Z","2023-09-10T18:30:00.000Z","OUT","N","MON","0.00","59.603700000000003","-120.54946700000001","6668"
"2023-G91661","bc","PDT","2023-07-13T21:41:00.000Z","2023-09-10T18:01:00.000Z","OUT","N","MON","0.00","59.406283000000002","-120.3797","6668"
"2023-G51586","bc","PDT","2023-07-12T06:56:00.000Z","2023-09-10T17:30:00.000Z","OUT","N","MOD","0.00","55.781832999999999","-125.55466699999999","6668"
"2023-G50851","bc","PDT","2023-06-24T02:15:00.000Z","2023-09-10T17:30:00.000Z","OUT","N","FUL","0.00","55.797666999999997","-125.49633300000001","6668"
"2023-G51416","bc","PDT","2023-07-09T23:27:00.000Z","2023-09-10T17:30:00.000Z","OUT","N","MON","0.00","55.734482999999997","-125.7754","6668"
"SWF-132-2023","ab","MST","2023-09-10T20:55:00.000Z","2023-09-10T15:51:16.000Z","OUT","H","FUL","0.03","55.003083","-115.342","6668"
"WE027","mb","CDT","2023-06-29T05:00:00.000Z","2023-09-10T14:30:00.000Z","OUT","N","FUL","22055.00","53.47222","-99.59167","6668"
"GWF-064-2023","ab","MST","2023-09-09T22:48:00.000Z","2023-09-10T14:11:00.000Z","OUT","H","FUL","0.10","55.931317","-117.8757","6668"
"2023-K43181","bc","PDT","2023-09-07T17:12:00.000Z","2023-09-09T23:01:00.000Z","OUT","N","FUL","0.10","50.411217000000001","-119.390917","6668"
"FOR_FIRE_045","on","GMT","2023-09-07T19:52:00.000Z","2023-09-09T20:50:00.000Z","OUT","N","FUL","0.60","48.6221","-91.5568","6668"
"FOR_FIRE_043","on","GMT","2023-09-04T14:45:00.000Z","2023-09-09T19:12:00.000Z","OUT","N","FUL","2.10","48.478","-91.477","6668"
"HWF-153-2023","ab","MST","2023-09-09T23:54:00.000Z","2023-09-09T18:00:00.000Z","OUT","H","FUL","0.01","58.369333","-116.155","6668"
"NIP_FIRE_109","on","GMT","2023-09-07T19:46:00.000Z","2023-09-09T17:55:00.000Z","OUT","N","FUL","0.50","51.2652","-87.2859","6668"
"HWF-152-2023","ab","MST","2023-09-09T22:08:00.000Z","2023-09-09T16:38:00.000Z","OUT","H","FUL","0.10","58.363533","-116.206217","6668"
"HWF-135-2023","ab","MST","2023-07-16T22:32:00.000Z","2023-09-09T14:13:00.000Z","BH","N","FUL","380.00","57.644","-114.128","6668"
"62603","nb","ADT","2023-09-08T16:49:55.000Z","2023-09-09T12:26:00.000Z","OUT","U","FUL","0.10","46.55922","-66.2994","6668"
"62602","nb","ADT","2023-09-08T16:21:11.000Z","2023-09-09T12:16:00.000Z","OUT","U","FUL","0.10","46.56773","-66.30283","6668"
"2023-G83185","bc","PDT","2023-09-08T00:44:00.000Z","2023-09-09T00:30:00.000Z","OUT","N","FUL","0.01","56.965966999999999","-122.618233","6668"
"2023-N52764","bc","PDT","2023-08-15T20:53:00.000Z","2023-09-09T00:01:00.000Z","OUT","N","FUL","10.41","49.429217000000001","-117.68041700000001","6668"
"2023-N62571","bc","PDT","2023-08-07T02:50:00.000Z","2023-09-08T23:01:00.000Z","OUT","N","FUL","0.01","49.040550000000003","-119.130533","6668"
"2023-N62590","bc","PDT","2023-08-07T17:28:00.000Z","2023-09-08T23:01:00.000Z","OUT","N","FUL","0.78","49.124917000000003","-118.15015","6668"
"FOR_FIRE_046","on","GMT","2023-09-07T22:10:00.000Z","2023-09-08T22:57:00.000Z","OUT","N","FUL","0.10","48.6071","-91.7927","6668"
"COC_FIRE_042","on","GMT","2023-07-22T21:54:00.000Z","2023-09-08T20:48:00.000Z","OUT","N","MON","50.00","50.6741","-80.62","6668"
"2023-G13180","bc","PDT","2023-09-07T16:23:00.000Z","2023-09-08T20:01:00.000Z","OUT","N","FUL","0.01","54.748916999999999","-122.74894999999999","6668"
"2023-V62867","bc","PDT","2023-08-20T22:03:00.000Z","2023-09-08T20:01:00.000Z","OUT","H","FUL","0.05","48.464917","-124.0582","6668"
"2023-V83036","bc","PDT","2023-08-29T19:40:00.000Z","2023-09-08T19:30:00.000Z","OUT","N","FUL","0.04","50.593032999999998","-126.051","6668"
"2023-V13033","bc","PDT","2023-08-29T17:59:00.000Z","2023-09-08T19:01:00.000Z","OUT","N","FUL","1.10","49.417200000000001","-121.78874999999999","6668"
"2023-V13053","bc","PDT","2023-08-29T23:15:00.000Z","2023-09-08T19:01:00.000Z","OUT","N","FUL","0.01","49.217533000000003","-122.12775000000001","6668"
"BAN_FIRE_004","on","GMT","2023-09-07T19:12:00.000Z","2023-09-08T17:30:00.000Z","OUT","H","FUL","0.10","44.9403","-77.5858","6668"
"23SR-DARDIER","sk","CST","2023-09-07T11:03:31.000Z","2023-09-08T13:46:04.000Z","OUT","H","MOD","0.50","59.252177","-106.639437","6668"
"126","qc","EST","2023-05-15T22:35:00.000Z","2023-09-08T13:42:10.000Z","OUT","H","FUL","0.10","45.6447","-75.6217","6668"
"125","qc","EST","2023-05-13T20:30:00.000Z","2023-09-08T13:40:20.000Z","OUT","H","FUL","0.10","45.6492","-75.5933","6668"
"98","qc","EST","2023-05-14T19:45:00.000Z","2023-09-08T13:34:26.000Z","OUT","H","FUL","0.00","46.2664","-76.0131","6668"
"93","qc","EST","2023-05-14T17:50:00.000Z","2023-09-08T13:31:30.000Z","OUT","H","FUL","0.10","45.9239","-75.9703","6668"
"86","qc","EST","2023-05-13T20:45:00.000Z","2023-09-08T13:30:15.000Z","OUT","H","FUL","0.10","46.0783","-74.6906","6668"
"77","qc","EST","2023-05-12T19:50:00.000Z","2023-09-08T13:24:12.000Z","OUT","H","FUL","0.20","45.8319","-75.1203","6668"
"76","qc","EST","2023-05-12T20:00:00.000Z","2023-09-08T13:23:29.000Z","OUT","H","FUL","0.00","45.7342","-74.5139","6668"
"23DB-KPIR04","sk","CST","2023-09-05T20:00:51.000Z","2023-09-08T12:53:58.000Z","OUT","H","MOD","0.30","54.915874","-103.363867","6668"
"2023-N52966","bc","PDT","2023-08-26T23:22:00.000Z","2023-09-08T00:01:00.000Z","OUT","N","MOD","0.01","50.789316999999997","-117.73608299999999","6668"
"PAR_FIRE_013","on","GMT","2023-09-07T16:54:00.000Z","2023-09-07T23:12:00.000Z","OUT","N","FUL","0.10","44.8214","-79.1731","6668"
"2023-G73106","bc","PDT","2023-09-01T20:55:00.000Z","2023-09-07T23:01:00.000Z","UC","N","FUL","2.00","55.983583000000003","-121.675467","6668"
"89","qc","EST","2023-05-13T19:30:00.000Z","2023-09-07T21:01:23.000Z","OUT","H","FUL","0.00","46.5486","-75.2489","6668"
"2023-G60655","bc","PDT","2023-06-07T02:16:00.000Z","2023-09-07T20:30:00.000Z","UC","N","FUL","3215.30","55.994500000000002","-124.081833","6668"
"NIP_FIRE_040","on","GMT","2023-07-06T19:16:00.000Z","2023-09-07T20:08:00.000Z","OUT","N","MON","29.30","52.0845","-88.3668","6668"
"NIP_FIRE_029","on","GMT","2023-07-02T23:39:00.000Z","2023-09-07T20:08:00.000Z","OUT","N","MON","69.00","51.4024","-88.5687","6668"
"NIP_FIRE_106","on","GMT","2023-08-15T00:03:00.000Z","2023-09-07T20:07:00.000Z","OUT","N","MON","0.10","49.8531","-88.6199","6668"
"NIP_FIRE_104","on","GMT","2023-08-10T17:40:00.000Z","2023-09-07T20:06:00.000Z","OUT","N","MON","0.10","48.6501","-88.1058","6668"
"NIP_FIRE_052","on","GMT","2023-07-12T20:30:00.000Z","2023-09-07T20:06:00.000Z","OUT","N","MON","9.80","48.6945","-86.6419","6668"
"465","qc","EST","2023-06-10T19:00:00.000Z","2023-09-07T18:12:09.000Z","OUT","H","FUL","0.00","50.0631","-66.9189","6668"
"23SF-DITCH22","sk","CST","2023-09-03T16:19:09.000Z","2023-09-07T16:35:28.000Z","OUT","H","MOD","0.20","50.057234","-108.87802","6668"
"SLK_FIRE_098","on","GMT","2023-09-06T20:06:00.000Z","2023-09-07T16:15:00.000Z","OUT","N","FUL","0.50","50.6996","-90.5245","6668"
"113","qc","EST","2023-05-15T16:00:00.000Z","2023-09-07T15:27:28.000Z","OUT","H","FUL","0.20","46.0603","-74.7111","6668"
"81","qc","EST","2023-05-13T16:40:00.000Z","2023-09-07T15:23:49.000Z","OUT","H","FUL","0.00","46.0839","-74.6747","6668"
"46","qc","EST","2023-05-08T18:15:00.000Z","2023-09-07T15:21:59.000Z","OUT","H","FUL","0.00","45.6356","-75.8258","6668"
"67","qc","EST","2023-05-11T14:00:00.000Z","2023-09-07T14:39:27.000Z","OUT","H","FUL","4.90","48.7708","-71.4728","6668"
"464","qc","EST","2023-06-10T01:30:00.000Z","2023-09-07T13:49:54.000Z","OUT","H","FUL","0.10","46.3867","-73.7031","6668"
"2023-G93163","bc","PDT","2023-09-04T17:31:00.000Z","2023-09-07T04:01:00.000Z","OUT","N","FUL","0.01","58.704667000000001","-122.522783","6668"
"2023-N52936","bc","PDT","2023-08-24T18:19:00.000Z","2023-09-07T00:30:00.000Z","OUT","N","FUL","0.01","49.287117000000002","-117.6845","6668"
"2023-V52583","bc","PDT","2023-08-07T06:54:00.000Z","2023-09-07T00:01:00.000Z","OUT","H","FUL","0.55","49.862882999999997","-124.38211699999999","6668"
"2023-C43090","bc","PDT","2023-08-31T16:49:00.000Z","2023-09-06T23:30:00.000Z","OUT","N","FUL","0.20","52.185966999999998","-120.749033","6668"
"2023-N13034","bc","PDT","2023-08-29T19:11:00.000Z","2023-09-06T23:01:00.000Z","OUT","H","FUL","0.60","49.750183","-115.747733","6668"
"2023-K22463","bc","PDT","2023-08-04T19:52:00.000Z","2023-09-06T21:30:00.000Z","OUT","N","MOD","4.53","52.511699999999998","-120.358","6668"
"82","qc","EST","2023-05-13T16:30:00.000Z","2023-09-06T21:13:11.000Z","OUT","H","FUL","0.20","45.9672","-74.3339","6668"
"2023-G73115","bc","PDT","2023-09-02T00:22:00.000Z","2023-09-06T19:01:00.000Z","OUT","H","FUL","0.41","55.6905","-121.438333","6668"
"2023-V30337","bc","PDT","2023-05-16T17:48:00.000Z","2023-09-06T18:01:00.000Z","OUT","H","FUL","0.10","49.800165999999997","-123.10205000000001","6668"
"2023-K52809","bc","PDT","2023-08-18T06:47:00.000Z","2023-09-06T17:01:00.000Z","OUT","H","FUL","0.01","49.979199999999999","-119.43980000000001","6668"
"2023-C12627","bc","PDT","2023-08-08T04:40:00.000Z","2023-09-06T17:01:00.000Z","OUT","N","FUL","0.20","53.371966999999998","-122.7058","6668"
"SUD_FIRE_045","on","GMT","2023-09-05T21:17:00.000Z","2023-09-06T15:00:00.000Z","OUT","N","FUL","0.10","46.0937","-81.4493","6668"
"116","qc","EST","2023-05-15T16:45:00.000Z","2023-09-06T14:52:56.000Z","OUT","H","FUL","0.00","45.8453","-74.1869","6668"
"THU_FIRE_040","on","GMT","2023-08-02T23:04:00.000Z","2023-09-06T12:00:00.000Z","OUT","N","FUL","82.00","48.463","-90.8627","6668"
"RWF-072-2023","ab","MST","2023-09-02T23:17:00.000Z","2023-09-06T11:50:00.000Z","OUT","U","FUL","5.40","52.7473","-115.9678","6668"
"PWF-133-2023","ab","MST","2023-09-02T02:20:00.000Z","2023-09-06T09:20:00.000Z","OUT","H","FUL","0.01","56.370783","-117.179917","6668"
"2023-G13154","bc","PDT","2023-09-03T23:35:00.000Z","2023-09-06T03:30:00.000Z","OUT","N","FUL","0.20","53.771445","-122.953791","6668"
"2023-V33166","bc","PDT","2023-09-05T17:47:00.000Z","2023-09-06T03:01:00.000Z","OUT","H","FUL","0.01","50.161033000000003","-122.90813300000001","6668"
"2023-V83010","bc","PDT","2023-08-29T00:28:00.000Z","2023-09-06T00:01:00.000Z","OUT","N","FUL","0.01","50.321216999999997","-125.946967","6668"
"2023-K23046","bc","PDT","2023-08-29T21:41:00.000Z","2023-09-05T23:30:00.000Z","OUT","N","MON","0.10","51.640532999999998","-119.02589999999999","6668"
"FOR_FIRE_044","on","GMT","2023-09-04T22:10:00.000Z","2023-09-05T23:12:00.000Z","OUT","N","FUL","0.30","49.1267","-92.8622","6668"
"2023-K41886","bc","PDT","2023-07-19T17:48:00.000Z","2023-09-05T23:01:00.000Z","OUT","N","FUL","0.20","50.667867000000001","-118.86145","6668"
"2023-G80864","bc","PDT","2023-06-24T05:19:00.000Z","2023-09-05T23:01:00.000Z","OUT","N","FUL","7.00","56.754533000000002","-121.897133","6668"
"2023-K52031","bc","PDT","2023-07-21T23:18:00.000Z","2023-09-05T23:01:00.000Z","OUT","H","FUL","1.50","49.634532999999998","-119.6138","6668"
"2023-K52056","bc","PDT","2023-07-22T02:10:00.000Z","2023-09-05T23:01:00.000Z","OUT","N","FUL","0.20","49.577500000000001","-119.68083300000001","6668"
"2023-K22753","bc","PDT","2023-08-15T00:11:00.000Z","2023-09-05T23:01:00.000Z","OUT","N","MON","5.10","52.020316999999999","-119.081333","6668"
"2023-K41874","bc","PDT","2023-07-19T01:23:00.000Z","2023-09-05T22:30:00.000Z","OUT","H","FUL","0.20","50.909883000000001","-119.554633","6668"
"2023-K21994","bc","PDT","2023-07-21T08:21:00.000Z","2023-09-05T22:30:00.000Z","OUT","N","FUL","0.18","50.886467000000003","-120.182917","6668"
"2023-C11499","bc","PDT","2023-07-10T21:38:00.000Z","2023-09-05T22:30:00.000Z","OUT","N","FUL","7864.00","53.166066999999998","-123.71261699999999","6668"
"2023-K51680","bc","PDT","2023-07-14T07:46:00.000Z","2023-09-05T22:30:00.000Z","OUT","N","MON","480.00","49.134117000000003","-119.9525","6668"
"2023-C11437","bc","PDT","2023-07-10T01:11:00.000Z","2023-09-05T22:30:00.000Z","OUT","N","FUL","4422.10","53.295999999999999","-123.668617","6668"
"2023-V63084","bc","PDT","2023-08-31T02:05:00.000Z","2023-09-05T22:30:00.000Z","OUT","N","FUL","0.01","48.971133000000002","-124.14695","6668"
"RED_FIRE_029","on","GMT","2023-06-10T20:11:00.000Z","2023-09-05T22:00:00.000Z","OUT","N","MON","5013.00","50.6102","-92.5964","6668"
"2023-K42929","bc","PDT","2023-08-24T02:06:00.000Z","2023-09-05T21:01:00.000Z","OUT","N","FUL","0.50","51.154667000000003","-119.203467","6668"
"2023-K53001","bc","PDT","2023-08-28T23:10:00.000Z","2023-09-05T20:30:00.000Z","OUT","N","FUL","0.38","49.779167000000001","-120.15778299999999","6668"
"2023-K21610","bc","PDT","2023-07-12T23:36:00.000Z","2023-09-05T20:30:00.000Z","OUT","N","FUL","0.87","50.793933000000003","-120.17704999999999","6668"
"2023-K21979","bc","PDT","2023-07-21T04:26:00.000Z","2023-09-05T20:01:00.000Z","OUT","N","FUL","0.01","50.380082999999999","-120.325373","6668"
"529","qc","EST","2023-06-27T16:15:00.000Z","2023-09-05T20:00:11.000Z","OUT","H","FUL","0.00","48.6375","-72.7531","6668"
"414","qc","EST","2023-06-03T17:50:00.000Z","2023-09-05T19:46:38.000Z","OUT","H","FUL","0.10","45.9064","-72.405","6668"
"580","qc","EST","2023-07-05T20:00:00.000Z","2023-09-05T19:46:36.000Z","OUT","H","FUL","0.00","49.8722","-74.5261","6668"
"666","qc","EST","2023-08-28T01:00:00.000Z","2023-09-05T19:39:21.000Z","OUT","H","FUL","0.10","46.7433","-70.1025","6668"
"2023-K22366","bc","PDT","2023-07-31T16:59:00.000Z","2023-09-05T19:30:00.000Z","OUT","N","FUL","0.30","50.943916999999999","-120.14921699999999","6668"
"2023-G93151","bc","PDT","2023-09-03T15:48:00.000Z","2023-09-05T19:30:00.000Z","OUT","H","FUL","0.25","58.740200000000002","-122.597533","6668"
"2023-C12499","bc","PDT","2023-08-06T00:04:00.000Z","2023-09-05T19:30:00.000Z","OUT","N","FUL","0.01","53.380783000000001","-122.8595","6668"
"506","qc","EST","2023-06-22T20:30:00.000Z","2023-09-05T19:10:01.000Z","OUT","H","FUL","0.50","47.6472","-72.9214","6668"
"530","qc","EST","2023-06-24T16:40:00.000Z","2023-09-05T19:06:41.000Z","OUT","H","FUL","0.00","46.3397","-73.5106","6668"
"2023-G41527","bc","PDT","2023-07-11T04:16:00.000Z","2023-09-05T19:01:00.000Z","OUT","N","FUL","0.00","53.520150000000001","-125.09013299999999","6668"
"2023-G41380","bc","PDT","2023-07-09T17:21:00.000Z","2023-09-05T19:01:00.000Z","OUT","N","MOD","0.00","53.535966999999999","-125.218867","6668"
"2023-K22405","bc","PDT","2023-08-02T02:23:00.000Z","2023-09-05T19:01:00.000Z","OUT","N","FUL","0.10","50.774500000000003","-121.451667","6668"
"437","qc","EST","2023-06-06T01:00:00.000Z","2023-09-05T18:51:49.000Z","OUT","H","FUL","0.10","46.1939","-73.3622","6668"
"389","qc","EST","2023-06-03T15:00:00.000Z","2023-09-05T18:49:58.000Z","OUT","H","FUL","0.10","46.3839","-72.5156","6668"
"340","qc","EST","2023-05-31T18:30:00.000Z","2023-09-05T18:42:43.000Z","OUT","H","FUL","0.10","46.3936","-72.5678","6668"
"330","qc","EST","2023-06-01T19:30:00.000Z","2023-09-05T18:40:14.000Z","OUT","N","FUL","0.00","48.9153","-74.3456","6668"
"2023-K22760","bc","PDT","2023-08-15T03:32:00.000Z","2023-09-05T18:30:00.000Z","OUT","H","FUL","0.01","50.790782999999998","-120.734583","6668"
"2023-N11706","bc","PDT","2023-07-15T02:04:00.000Z","2023-09-05T18:30:00.000Z","OUT","N","FUL","0.01","49.135750000000002","-115.18355","6668"
"2023-N12376","bc","PDT","2023-07-31T22:34:00.000Z","2023-09-05T18:30:00.000Z","OUT","H","FUL","0.01","49.312167000000002","-115.054766","6668"
"2023-G50916","bc","PDT","2023-06-26T03:10:00.000Z","2023-09-05T18:01:00.000Z","OUT","N","FUL","4.70","54.656300000000002","-124.76994999999999","6668"
"SLK_FIRE_097","on","GMT","2023-09-04T22:04:00.000Z","2023-09-05T18:00:00.000Z","OUT","N","FUL","0.20","51.4032","-90.5335","6668"
"2023TE004","yt","PDT","2023-09-03T22:29:00.000Z","2023-09-05T17:46:00.000Z","OC","N","FUL","5.00","60.2992","-132.41303","6668"
"NO015","mb","CDT","2023-06-10T05:00:00.000Z","2023-09-05T17:16:00.000Z","OUT","N","FUL","80.00","53.90361","-97.05333","6668"
"FOR_FIRE_041","on","GMT","2023-09-03T17:51:00.000Z","2023-09-05T17:10:00.000Z","OUT","N","FUL","0.40","48.7698","-91.8673","6668"
"640","qc","EST","2023-07-27T22:00:00.000Z","2023-09-05T16:43:48.000Z","OUT","H","FUL","0.00","49.9","-74.1444","6668"
"NO028","mb","CDT","2023-06-11T05:00:00.000Z","2023-09-05T16:41:00.000Z","OUT","N","MON","4.00","55.73000","-92.89278","6668"
"NO033","mb","CDT","2023-06-12T05:00:00.000Z","2023-09-05T16:41:00.000Z","OUT","N","MON","23.00","55.51528","-92.93167","6668"
"NO018","mb","CDT","2023-06-10T05:00:00.000Z","2023-09-05T16:41:00.000Z","OUT","N","MON","63.30","57.01222","-90.36806","6668"
"NO122","mb","CDT","2023-08-12T05:00:00.000Z","2023-09-05T16:40:00.000Z","OUT","N","MON","10.00","54.63889","-93.96750","6668"
"NO116","mb","CDT","2023-08-05T05:00:00.000Z","2023-09-05T16:40:00.000Z","OUT","N","MON","1.50","54.57056","-96.00333","6668"
"NO114","mb","CDT","2023-08-05T05:00:00.000Z","2023-09-05T16:39:00.000Z","OUT","H","FUL","2.20","53.85167","-94.62111","6668"
"NO102","mb","CDT","2023-07-26T05:00:00.000Z","2023-09-05T16:39:00.000Z","OUT","N","MON","5.10","54.39778","-95.42500","6668"
"NO107","mb","CDT","2023-08-01T05:00:00.000Z","2023-09-05T16:39:00.000Z","OUT","N","MON","0.50","54.19583","-93.82139","6668"
"NO094","mb","CDT","2023-07-23T05:00:00.000Z","2023-09-05T16:38:00.000Z","OUT","N","MON","126.20","54.01833","-96.60861","6668"
"NO096","mb","CDT","2023-07-23T05:00:00.000Z","2023-09-05T16:38:00.000Z","OUT","N","MON","39.40","53.98028","-97.00389","6668"
"NO077","mb","CDT","2023-07-03T05:00:00.000Z","2023-09-05T16:37:00.000Z","OUT","N","MON","7.40","54.34639","-95.46556","6668"
"NO072","mb","CDT","2023-07-02T05:00:00.000Z","2023-09-05T16:36:00.000Z","OUT","N","MON","663.30","54.55500","-96.55139","6668"
"NO057","mb","CDT","2023-06-30T05:00:00.000Z","2023-09-05T16:35:00.000Z","OUT","N","MON","200.00","55.85528","-95.64500","6668"
"NO032","mb","CDT","2023-06-12T05:00:00.000Z","2023-09-05T16:34:00.000Z","OUT","N","MON","19500.00","56.20917","-90.60694","6668"
"NO027","mb","CDT","2023-06-11T05:00:00.000Z","2023-09-05T16:34:00.000Z","OUT","H","FUL","0.50","55.86000","-92.07000","6668"
"NO030","mb","CDT","2023-06-12T05:00:00.000Z","2023-09-05T16:34:00.000Z","OUT","H","FUL","0.10","55.92472","-92.22944","6668"
"NO051","mb","CDT","2023-06-26T05:00:00.000Z","2023-09-05T16:34:00.000Z","OUT","H","FUL","8.00","53.97028","-97.82444","6668"
"NO026","mb","CDT","2023-06-11T05:00:00.000Z","2023-09-05T16:33:00.000Z","OUT","H","FUL","0.10","55.86111","-92.11333","6668"
"NO025","mb","CDT","2023-06-11T05:00:00.000Z","2023-09-05T16:33:00.000Z","OUT","N","MON","20000.00","56.47722","-92.28778","6668"
"NO022","mb","CDT","2023-06-11T05:00:00.000Z","2023-09-05T16:33:00.000Z","OUT","N","MON","112.00","56.56083","-90.94889","6668"
"NO021","mb","CDT","2023-06-10T05:00:00.000Z","2023-09-05T16:32:00.000Z","OUT","N","MON","2175.00","56.95333","-93.15472","6668"
"NO019","mb","CDT","2023-06-10T05:00:00.000Z","2023-09-05T16:32:00.000Z","OUT","N","MON","1500.00","56.62639","-91.71667","6668"
"23LA-KENNY","sk","CST","2023-06-06T19:54:38.000Z","2023-09-05T11:23:31.000Z","OUT","N","FUL","55344.80","55.036183","-104.086883","6668"
"23DB-KAMATSI","sk","CST","2023-08-01T14:14:24.000Z","2023-09-05T10:46:16.000Z","OUT","N","MOD","10.30","56.212333","-102.158517","6668"
"2023-V82534","bc","PDT","2023-08-06T21:56:00.000Z","2023-09-05T04:30:00.000Z","OUT","N","MON","0.01","49.734467000000002","-125.66405","6668"
"2023-G93120","bc","PDT","2023-09-02T02:13:00.000Z","2023-09-05T02:01:00.000Z","OC","N","MON","700.00","58.759566999999997","-127.710533","6668"
"2023-G72197","bc","PDT","2023-07-23T20:54:00.000Z","2023-09-05T01:01:00.000Z","UC","N","FUL","0.20","55.998832999999998","-122.375333","6668"
"2023-G71677","bc","PDT","2023-07-14T01:00:00.000Z","2023-09-05T01:01:00.000Z","OUT","N","MON","0.50","55.157383000000003","-122.1165","6668"
"KLK_FIRE_016","on","GMT","2023-09-04T20:44:00.000Z","2023-09-04T22:15:00.000Z","OUT","H","FUL","0.10","48.148","-80.0067","6668"
"2023-G93102","bc","PDT","2023-09-01T17:09:00.000Z","2023-09-04T22:01:00.000Z","OC","N","MON","6.00","59.868467000000003","-121.921183","6668"
"112","qc","EST","2023-05-15T01:00:00.000Z","2023-09-04T21:53:55.000Z","OUT","H","FUL","0.60","46.4008","-75.5717","6668"
"110","qc","EST","2023-05-14T23:30:00.000Z","2023-09-04T19:43:59.000Z","OUT","H","FUL","0.10","46.425","-71.5561","6668"
"2023-R23073","bc","PDT","2023-08-30T20:33:00.000Z","2023-09-04T19:30:00.000Z","OUT","N","FUL","0.06","54.856133","-126.445033","6668"
"323","qc","EST","2023-06-01T19:30:00.000Z","2023-09-04T18:42:28.000Z","OUT","N","FUL","0.10","48.0497","-72.0161","6668"
"FOR_FIRE_042","on","GMT","2023-09-03T22:27:00.000Z","2023-09-04T17:17:00.000Z","OUT","N","FUL","0.10","49.1447","-91.5113","6668"
"MWF-023-2023","ab","MST","2023-05-28T17:15:00.000Z","2023-09-04T17:00:39.000Z","UC","N","FUL","59444.00","57.976283","-113.214917","6668"
"2023-R22958","bc","PDT","2023-08-26T20:16:00.000Z","2023-09-04T16:01:00.000Z","OUT","H","FUL","1.65","55.050133000000002","-126.38525","6668"
"CWF-077-2023","ab","MST","2023-09-04T20:51:00.000Z","2023-09-04T14:55:00.000Z","OUT","H","FUL","0.01","51.269","-115.005833","6668"
"EA076","mb","CDT","2023-07-23T05:00:00.000Z","2023-09-04T14:47:00.000Z","OUT","N","MON","1000.00","53.10889","-96.50639","6668"
"EA089","mb","CDT","2023-08-14T05:00:00.000Z","2023-09-04T14:47:00.000Z","OUT","N","MON","195.00","53.04194","-96.27417","6668"
"CWF-076-2023","ab","MST","2023-09-04T20:27:00.000Z","2023-09-04T14:42:00.000Z","OUT","H","FUL","0.01","51.272167","-115.009","6668"
"CWF-075-2023","ab","MST","2023-09-04T19:58:00.000Z","2023-09-04T14:00:00.000Z","OUT","H","FUL","0.01","51.269333","-115.004667","6668"
"CWF-074-2023","ab","MST","2023-09-04T19:38:00.000Z","2023-09-04T13:41:00.000Z","OUT","H","FUL","0.01","51.269333","-114.989833","6668"
"CWF-073-2023","ab","MST","2023-09-04T18:56:00.000Z","2023-09-04T13:05:00.000Z","OUT","H","FUL","0.01","50.024517","-114.0477","6668"
"PAR_FIRE_012","on","GMT","2023-09-03T22:05:00.000Z","2023-09-04T13:00:00.000Z","OUT","H","FUL","0.10","45.3627","-79.5756","6668"
"2023-G93156","bc","PDT","2023-09-04T00:54:00.000Z","2023-09-04T02:30:00.000Z","OC","N","FUL","0.01","58.851317000000002","-123.969083","6668"
"2023-V30952","bc","PDT","2023-06-28T01:06:00.000Z","2023-09-04T02:01:00.000Z","OUT","N","FUL","0.01","50.144632999999999","-123.016633","6668"
"2023-V12786","bc","PDT","2023-08-17T12:30:00.000Z","2023-09-04T01:01:00.000Z","OUT","H","FUL","0.50","49.547217000000003","-121.43519999999999","6668"
"2023-G93145","bc","PDT","2023-09-03T01:19:00.000Z","2023-09-04T01:01:00.000Z","OC","N","MON","0.01","58.557682999999997","-124.23365","6668"
"2023-G60853","bc","PDT","2023-06-24T02:48:00.000Z","2023-09-03T23:01:00.000Z","OC","N","FUL","22372.75","55.240183000000002","-123.6703","6668"
"2023-G62952","bc","PDT","2023-08-26T17:00:00.000Z","2023-09-03T23:01:00.000Z","OC","N","FUL","205.06","55.575583000000002","-123.543583","6668"
"KEN_FIRE_041","on","GMT","2023-09-03T20:06:00.000Z","2023-09-03T21:30:00.000Z","OUT","N","FUL","0.10","50.2526","-94.4735","6668"
"2023XY027","yt","PDT","2023-08-26T22:35:00.000Z","2023-09-03T21:03:00.000Z","OC","N","FUL","110.00","61.64867","-134.84696","6668"
"106","qc","EST","2023-05-15T08:15:00.000Z","2023-09-03T18:46:24.000Z","OUT","H","FUL","0.30","49.1661","-68.2661","6668"
"SUD_FIRE_044","on","GMT","2023-09-02T14:00:00.000Z","2023-09-03T18:00:00.000Z","OUT","N","FUL","0.20","46.2757","-81.8895","6668"
"2023-G91675","bc","PDT","2023-07-14T02:18:00.000Z","2023-09-03T17:01:00.000Z","OUT","N","MON","0.00","59.056583000000003","-120.66846700000001","6668"
"2023-C21942","bc","PDT","2023-07-20T22:21:00.000Z","2023-09-03T16:01:00.000Z","OUT","N","FUL","3.40","51.375799999999998","-122.625417","6668"
"2023-C31829","bc","PDT","2023-07-18T01:03:00.000Z","2023-09-03T16:01:00.000Z","OUT","N","FUL","0.01","52.47045","-121.450467","6668"
"THU_FIRE_048","on","GMT","2023-09-02T16:59:00.000Z","2023-09-03T15:50:00.000Z","OUT","N","FUL","0.10","49.0943","-89.5019","6668"
"CWF-072-2023","ab","MST","2023-09-03T17:27:00.000Z","2023-09-03T11:38:00.000Z","OUT","H","FUL","0.01","50.812839","-114.632749","6668"
"MWF-036-2023","ab","MST","2023-06-29T17:38:00.000Z","2023-09-03T11:00:00.000Z","OUT","N","FUL","0.30","59.797183","-110.91305","6668"
"2023JA14","pc","MDT","2023-09-02T02:02:47.000Z","2023-09-03T07:00:00.000Z","OUT","N","FUL","2.40","53.0622","-118.083","6668"
"2023-G91467","bc","PDT","2023-07-10T04:32:00.000Z","2023-09-03T04:01:00.000Z","OC","N","MON","888.01","59.283932999999998","-122.14953300000001","6668"
"2023-G90981","bc","PDT","2023-06-29T01:18:00.000Z","2023-09-03T00:01:00.000Z","OC","N","MON","22393.46","59.139499999999998","-127.65000000000001","6668"
"2023-G92947","bc","PDT","2023-08-25T23:47:00.000Z","2023-09-02T23:30:00.000Z","OC","N","MON","7301.75","59.226933000000002","-128.05908299999999","6668"
"2023-K41913","bc","PDT","2023-07-20T01:03:00.000Z","2023-09-02T23:01:00.000Z","OUT","N","FUL","0.01","50.664050000000003","-118.86199999999999","6668"
"2023-K71318","bc","PDT","2023-07-09T00:10:00.000Z","2023-09-02T23:01:00.000Z","OUT","N","FUL","0.01","50.618482999999998","-122.37094999999999","6668"
"2023-R11490","bc","PDT","2023-07-10T19:37:00.000Z","2023-09-02T21:01:00.000Z","OUT","H","FUL","0.02","54.329999999999998","-126.11","6668"
"23DN-HWY1602","sk","CST","2023-09-02T12:33:23.000Z","2023-09-02T15:43:48.000Z","OUT","H","MOD","0.10","53.1716","-109.73485","6668"
"2023-K22241","bc","PDT","2023-07-24T19:54:00.000Z","2023-09-02T15:30:00.000Z","OUT","N","MON","1.00","51.963749999999997","-119.064183","6668"
"HWF-151-2023","ab","MST","2023-09-02T18:10:00.000Z","2023-09-02T14:00:00.000Z","OUT","H","FUL","0.10","58.515417","-117.02707","6668"
"CWF-071-2023","ab","MST","2023-09-02T18:21:00.000Z","2023-09-02T12:41:00.000Z","OUT","H","FUL","0.01","51.392903","-115.093316","6668"
"2023-N43105","bc","PDT","2023-09-01T18:40:00.000Z","2023-09-02T03:30:00.000Z","OUT","N","FUL","0.01","50.657482999999999","-117.992817","6668"
"2023-G83117","bc","PDT","2023-09-02T01:00:00.000Z","2023-09-02T03:00:00.000Z","OUT","H","FUL","0.01","56.732500000000002","-121.139167","6668"
"2023-G52996","bc","PDT","2023-08-28T19:48:00.000Z","2023-09-02T02:00:00.000Z","OUT","N","FUL","1.00","54.705333000000003","-124.97408299999999","6668"
"2023-K22959","bc","PDT","2023-08-26T20:48:00.000Z","2023-09-01T23:00:00.000Z","OUT","H","FUL","0.01","50.722867000000001","-120.640917","6668"
"THU_FIRE_049","on","GMT","2023-08-31T20:29:00.000Z","2023-09-01T22:00:00.000Z","OUT","N","FUL","0.30","50.2438","-88.5312","6668"
"2023-G12894","bc","PDT","2023-08-22T03:49:00.000Z","2023-09-01T22:00:00.000Z","OUT","N","FUL","0.20","53.753917000000001","-123.161733","6668"
"2023-N72732","bc","PDT","2023-08-13T23:32:00.000Z","2023-09-01T22:00:00.000Z","OUT","N","FUL","0.08","50.198466000000003","-117.006716","6668"
"2023-K22979","bc","PDT","2023-08-27T21:06:00.000Z","2023-09-01T21:30:00.000Z","OUT","H","FUL","0.01","50.764217000000002","-120.783316","6668"
"2023-K21843","bc","PDT","2023-07-18T03:06:00.000Z","2023-09-01T20:00:00.000Z","OUT","N","FUL","0.01","50.808717000000001","-121.01818299999999","6668"
"2023-G32698","bc","PDT","2023-08-11T23:07:00.000Z","2023-09-01T20:00:00.000Z","OUT","H","FUL","0.01","53.339896670000002","-120.30321000000001","6668"
"GWF-063-2023","ab","MST","2023-09-02T01:55:00.000Z","2023-09-01T20:00:00.000Z","OUT","H","FUL","0.01","55.916133","-118.621367","6668"
"2023-K42617","bc","PDT","2023-08-08T01:30:00.000Z","2023-09-01T19:00:00.000Z","OUT","N","FUL","0.04","50.03425","-118.582967","6668"
"2023-K42614","bc","PDT","2023-08-08T01:06:00.000Z","2023-09-01T19:00:00.000Z","OUT","N","FUL","0.01","50.094949999999997","-118.799083","6668"
"PWF-132-2023","ab","MST","2023-09-01T20:05:00.000Z","2023-09-01T19:00:00.000Z","OUT","H","FUL","0.43","56.537333","-116.397767","6668"
"2023-K42547","bc","PDT","2023-08-06T23:33:00.000Z","2023-09-01T19:00:00.000Z","OUT","H","FUL","0.01","50.425750000000001","-119.344667","6668"
"2023-K62925","bc","PDT","2023-08-23T19:25:00.000Z","2023-09-01T19:00:00.000Z","OUT","N","FUL","0.01","50.282682999999999","-120.215417","6668"
"2023-K62922","bc","PDT","2023-08-23T18:32:00.000Z","2023-09-01T19:00:00.000Z","OUT","N","FUL","0.01","49.477417000000003","-120.425583","6668"
"2023-K42897","bc","PDT","2023-08-22T05:23:00.000Z","2023-09-01T19:00:00.000Z","OUT","N","FUL","1.70","50.451033000000002","-119.08750000000001","6668"
"609","qc","EST","2023-07-07T22:30:00.000Z","2023-09-01T18:00:28.000Z","OUT","N","FUL","0.10","49.6556","-68.7333","6668"
"2023-N52634","bc","PDT","2023-08-08T17:45:00.000Z","2023-09-01T18:00:00.000Z","OUT","N","FUL","0.17","50.435917000000003","-118.0214","6668"
"2023-C11319","bc","PDT","2023-07-09T00:25:00.000Z","2023-09-01T18:00:00.000Z","OUT","N","FUL","376.00","52.971017000000003","-124.62908299999999","6668"
"2023-C11321","bc","PDT","2023-07-09T00:26:00.000Z","2023-09-01T17:30:00.000Z","OUT","N","FUL","36.00","52.995783000000003","-124.460683","6668"
"2023-N52559","bc","PDT","2023-08-07T01:25:00.000Z","2023-09-01T17:00:00.000Z","OUT","N","FUL","0.40","49.236367000000001","-117.959717","6668"
"285","qc","EST","2023-06-01T19:00:00.000Z","2023-09-01T16:39:29.000Z","OUT","N","FUL","0.40","47.5281","-72.71","6668"
"2023-C22025","bc","PDT","2023-07-21T22:45:00.000Z","2023-09-01T16:30:00.000Z","OUT","N","FUL","0.70","52.021966999999997","-121.712333","6668"
"600","qc","EST","2023-07-07T18:30:00.000Z","2023-09-01T15:45:08.000Z","OUT","N","FUL","0.10","50.5406","-67.8375","6668"
"592","qc","EST","2023-07-06T21:15:00.000Z","2023-09-01T15:08:20.000Z","OUT","H","FUL","0.00","50.2128","-66.3181","6668"
"178","qc","EST","2023-05-28T21:40:00.000Z","2023-09-01T14:34:33.000Z","OUT","H","FUL","0.10","50.2289","-66.5369","6668"
"NO128","mb","CDT","2023-08-15T05:00:00.000Z","2023-09-01T09:47:00.000Z","OUT","N","MON","0.10","54.57111","-96.00278","6668"
"NO101","mb","CDT","2023-07-25T05:00:00.000Z","2023-09-01T09:45:00.000Z","OUT","N","MON","78.90","52.94250","-95.19250","6668"
"2023-G13083","bc","PDT","2023-08-31T01:09:00.000Z","2023-09-01T06:30:00.000Z","OUT","N","FUL","0.01","54.068283000000001","-122.840333","6668"
"2023-G11748","bc","PDT","2023-07-16T03:46:00.000Z","2023-09-01T02:30:00.000Z","OUT","N","FUL","1.50","53.714883","-123.19421699999999","6668"
"2023-G11504","bc","PDT","2023-07-10T22:36:00.000Z","2023-09-01T02:30:00.000Z","OUT","N","FUL","6.44","54.017833000000003","-123.436533","6668"
"2023-N52433","bc","PDT","2023-08-03T14:58:00.000Z","2023-09-01T00:01:00.000Z","OUT","H","FUL","0.01","50.13396667","-117.8013","6668"
"SLK_FIRE_093","on","GMT","2023-08-14T21:42:00.000Z","2023-08-31T23:05:00.000Z","OUT","N","MON","4.00","52.6153","-89.6831","6668"
"2023-K42965","bc","PDT","2023-08-26T22:23:00.000Z","2023-08-31T23:01:00.000Z","OUT","N","FUL","0.01","50.757249999999999","-118.63105","6668"
"SLK_FIRE_089","on","GMT","2023-08-07T18:03:00.000Z","2023-08-31T23:00:00.000Z","OUT","N","MON","60.00","52.606","-89.0149","6668"
"NIP_FIRE_108","on","GMT","2023-08-31T15:59:00.000Z","2023-08-31T22:30:00.000Z","OUT","N","FUL","0.10","50.5407","-87.0754","6668"
"2023-C42974","bc","PDT","2023-08-27T17:47:00.000Z","2023-08-31T22:01:00.000Z","OUT","N","FUL","0.01","51.563549999999999","-120.750533","6668"
"2023-C22857","bc","PDT","2023-08-20T01:56:00.000Z","2023-08-31T21:30:00.000Z","OUT","H","FUL","0.01","52.123699999999999","-122.027367","6668"
"2023-G52871","bc","PDT","2023-08-21T00:15:00.000Z","2023-08-31T21:30:00.000Z","OUT","N","FUL","1.12","54.804400000000001","-124.4627","6668"
"591","qc","EST","2023-07-06T19:50:00.000Z","2023-08-31T21:27:01.000Z","OUT","N","FUL","3.30","51.4653","-66.8589","6668"
"2023-K42939","bc","PDT","2023-08-24T23:22:00.000Z","2023-08-31T21:01:00.000Z","OUT","N","FUL","0.42","50.343000000000004","-118.426033","6668"
"2023-K42895","bc","PDT","2023-08-22T04:28:00.000Z","2023-08-31T20:30:00.000Z","OUT","N","FUL","0.01","50.814616999999998","-119.1185","6668"
"2023-K42953","bc","PDT","2023-08-26T17:20:00.000Z","2023-08-31T20:01:00.000Z","OUT","N","FUL","0.01","51.301833000000002","-119.0003","6668"
"2023DA011","yt","PDT","2023-07-25T21:43:00.000Z","2023-08-31T19:29:00.000Z","OUT","U","FUL","0.02","63.9215","-138.53405","6668"
"23LA-MULLIN","sk","CST","2023-07-30T14:13:02.000Z","2023-08-31T19:05:36.000Z","OUT","N","MOD","716.00","57.5828","-103.348433","6668"
"2023WL003","yt","PDT","2023-06-02T16:27:00.000Z","2023-08-31T18:58:00.000Z","BH","N","FUL","1728.86","60.45997","-125.97187","6668"
"2023WL007","yt","PDT","2023-06-29T23:42:00.000Z","2023-08-31T18:57:00.000Z","OC","N","FUL","5050.00","60.75321","-130.73859","6668"
"23LA-CAIRNS","sk","CST","2023-08-05T14:40:13.000Z","2023-08-31T18:47:24.000Z","OUT","N","MOD","564.90","57.6443","-103.340667","6668"
"524","qc","EST","2023-06-25T19:00:00.000Z","2023-08-31T18:22:04.000Z","OUT","N","FUL","0.00","50.2878","-67.3744","6668"
"23WY-MLIR07","sk","CST","2023-08-31T16:08:14.000Z","2023-08-31T17:50:06.000Z","OUT","H","MOD","0.10","54.043467","-105.766883","6668"
"CHA_FIRE_003","on","GMT","2023-06-01T19:30:00.000Z","2023-08-31T17:00:00.000Z","OUT","N","FUL","3916.90","47.7236","-82.4194","6668"
"362","qc","EST","2023-06-02T09:45:00.000Z","2023-08-31T16:09:48.000Z","OUT","N","FUL","0.00","50.1411","-67.0939","6668"
"2023-R41582","bc","PDT","2023-07-12T05:54:00.000Z","2023-08-30T23:00:00.000Z","OUT","N","FUL","32.00","55.306266999999998","-127.70263300000001","6668"
"2023-K42837","bc","PDT","2023-08-18T22:36:00.000Z","2023-08-30T22:30:00.000Z","OUT","H","FUL","0.01","50.562716999999999","-119.03613300000001","6668"
"2023-G71676","bc","PDT","2023-07-14T02:32:00.000Z","2023-08-30T22:00:00.000Z","OUT","N","FUL","0.01","55.314833","-121.80583300000001","6668"
"105","qc","EST","2023-05-14T19:30:00.000Z","2023-08-30T21:09:29.000Z","OUT","H","FUL","0.00","46.2425","-74.9442","6668"
"104","qc","EST","2023-05-14T20:35:00.000Z","2023-08-30T21:05:39.000Z","OUT","H","FUL","0.40","45.8069","-73.7153","6668"
"2023-N52138","bc","PDT","2023-07-22T22:26:00.000Z","2023-08-30T20:30:00.000Z","OUT","N","MOD","372.00","50.632333000000003","-117.295633","6668"
"2023-K42889","bc","PDT","2023-08-22T01:08:00.000Z","2023-08-30T20:00:00.000Z","OUT","N","FUL","0.01","51.005367","-118.573717","6668"
"2023-V63031","bc","PDT","2023-08-29T17:58:00.000Z","2023-08-30T20:00:00.000Z","OUT","N","FUL","0.05","49.017949999999999","-124.18075","6668"
"2023-K22003","bc","PDT","2023-07-21T18:11:00.000Z","2023-08-30T20:00:00.000Z","OUT","N","FUL","14.00","50.585816999999999","-120.2218","6668"
"CHA_FIRE_006","on","GMT","2023-06-04T14:52:00.000Z","2023-08-30T20:00:00.000Z","OUT","N","FUL","1229.00","48.1642","-83.812","6668"
"645","qc","EST","2023-07-25T23:39:00.000Z","2023-08-30T19:51:11.000Z","OUT","N","FUL","0.10","48.5775","-66.1436","6668"
"2023-N52009","bc","PDT","2023-07-21T20:29:00.000Z","2023-08-30T19:30:00.000Z","OUT","N","MOD","413.00","50.767083","-117.47496700000001","6668"
"94","qc","EST","2023-05-14T18:20:00.000Z","2023-08-30T19:23:41.000Z","OUT","H","FUL","0.00","45.9492","-74.5614","6668"
"518","qc","EST","2023-06-25T00:15:00.000Z","2023-08-30T19:12:07.000Z","OUT","H","FUL","0.00","49.1903","-68.2378","6668"
"2023-N63049","bc","PDT","2023-08-29T22:01:00.000Z","2023-08-30T19:00:00.000Z","OUT","N","FUL","0.10","49.141117000000001","-118.758083","6668"
"2023-K42868","bc","PDT","2023-08-20T23:43:00.000Z","2023-08-30T18:01:00.000Z","OUT","N","FUL","0.20","50.835883000000003","-119.428667","6668"
"23SR-DUMP","sk","CST","2023-08-30T17:23:27.000Z","2023-08-30T17:42:11.000Z","OUT","H","MOD","0.10","59.199649","-105.778072","6668"
"HEA_FIRE_017","on","GMT","2023-08-23T20:21:00.000Z","2023-08-30T16:00:00.000Z","OUT","N","FUL","5.50","49.9452","-82.4557","6668"
"NO073","mb","CDT","2023-07-02T05:00:00.000Z","2023-08-30T14:50:00.000Z","OUT","N","MON","20.00","54.53417","-96.54667","6668"
"NO084","mb","CDT","2023-07-18T05:00:00.000Z","2023-08-30T14:47:00.000Z","OUT","N","MON","68.00","54.53139","-96.62583","6668"
"NO074","mb","CDT","2023-07-02T05:00:00.000Z","2023-08-30T14:47:00.000Z","OUT","N","MON","543.00","54.51139","-96.91444","6668"
"NO112","mb","CDT","2023-08-03T05:00:00.000Z","2023-08-30T14:45:00.000Z","OUT","N","MON","25.00","53.86278","-97.30139","6668"
"NO093","mb","CDT","2023-07-23T05:00:00.000Z","2023-08-30T14:44:00.000Z","OUT","N","MON","0.10","54.60694","-98.06556","6668"
"97","qc","EST","2023-05-14T19:15:00.000Z","2023-08-30T13:37:12.000Z","OUT","H","FUL","0.20","46.1222","-74.4717","6668"
"96","qc","EST","2023-05-14T18:40:00.000Z","2023-08-30T13:32:29.000Z","OUT","H","FUL","0.00","46.1411","-74.4597","6668"
"NOR_FIRE_016","on","GMT","2023-08-28T21:38:00.000Z","2023-08-30T13:00:00.000Z","OUT","N","FUL","0.10","47.3155","-80.1723","6668"
"23LA-HEPBURN","sk","CST","2023-07-01T12:09:52.000Z","2023-08-30T12:08:19.000Z","OUT","N","MOD","2958.30","55.946867","-104.900417","6668"
"23LA-CHURCH","sk","CST","2023-07-01T08:00:57.000Z","2023-08-30T11:37:09.000Z","OUT","N","FUL","698.00","55.752129","-106.22122","6668"
"LWF-180-2023","ab","MST","2023-08-30T11:30:00.000Z","2023-08-30T05:35:00.000Z","OUT","H","FUL","0.01","54.61645","-111.844417","6668"
"2023WL008","yt","PDT","2023-08-30T03:00:00.000Z","2023-08-30T03:40:00.000Z","OC","N","FUL","250.00","61.57978","-129.99065","6668"
"2023WL009","yt","PDT","2023-08-30T02:33:00.000Z","2023-08-30T02:43:00.000Z","UC","N","FUL","3.00","61.42193","-128.5047","6668"
"2023-V73057","bc","PDT","2023-08-29T23:23:00.000Z","2023-08-30T02:30:00.000Z","OUT","H","FUL","0.01","49.204833000000001","-124.88075000000001","6668"
"2023-G41848","bc","PDT","2023-07-18T03:26:00.000Z","2023-08-30T00:01:00.000Z","OUT","N","FUL","1.60","54.193866999999997","-124.116283","6668"
"2023-K42909","bc","PDT","2023-08-22T16:36:00.000Z","2023-08-29T23:30:00.000Z","OUT","N","FUL","0.01","51.044083000000001","-118.994117","6668"
"2023-C31917","bc","PDT","2023-07-20T02:33:00.000Z","2023-08-29T23:01:00.000Z","OUT","N","FUL","0.01","52.247132999999998","-120.77678299999999","6668"
"2023-C32236","bc","PDT","2023-07-24T19:37:00.000Z","2023-08-29T22:30:00.000Z","OUT","N","FUL","0.01","52.274883000000003","-120.769783","6668"
"2023-K42905","bc","PDT","2023-08-22T13:54:00.000Z","2023-08-29T22:30:00.000Z","OUT","N","FUL","0.01","50.757333000000003","-119.176467","6668"
"2023-G92941","bc","PDT","2023-08-25T01:27:00.000Z","2023-08-29T22:01:00.000Z","OUT","N","FUL","0.10","58.920833000000002","-122.766383","6668"
"2023-K42950","bc","PDT","2023-08-26T01:48:00.000Z","2023-08-29T22:01:00.000Z","OUT","N","FUL","0.40","51.279966999999999","-119.00975","6668"
"2023-N52626","bc","PDT","2023-08-08T03:35:00.000Z","2023-08-29T20:30:00.000Z","OUT","N","MOD","28.00","50.015633000000001","-117.34195","6668"
"2023-N52741","bc","PDT","2023-08-14T03:18:00.000Z","2023-08-29T20:30:00.000Z","OUT","N","FUL","0.01","49.426583000000001","-117.7287","6668"
"2023-K22903","bc","PDT","2023-08-22T11:22:00.000Z","2023-08-29T19:30:00.000Z","OUT","H","FUL","0.00","50.766750000000002","-120.9684","6668"
"2023-G80227","bc","PDT","2023-05-06T00:00:00.000Z","2023-08-29T19:01:00.000Z","OUT","H","FUL","7.00","56.396732999999998","-120.825383","6668"
"2023-K22543","bc","PDT","2023-08-06T23:06:00.000Z","2023-08-29T18:31:00.000Z","OUT","N","FUL","2.60","51.408416670000001","-120.18028332999999","6668"
"2023-G81742","bc","PDT","2023-07-16T01:34:00.000Z","2023-08-29T18:31:00.000Z","OUT","N","FUL","1.20","56.98245","-121.39103333","6668"
"2023-N52981","bc","PDT","2023-08-27T22:12:00.000Z","2023-08-29T18:31:00.000Z","OUT","N","FUL","0.10","49.733217000000003","-117.53953300000001","6668"
"2023-K42912","bc","PDT","2023-08-22T21:38:00.000Z","2023-08-29T18:01:00.000Z","OUT","N","FUL","0.01","50.692917000000001","-118.635783","6668"
"2023-R21998","bc","PDT","2023-07-21T16:37:00.000Z","2023-08-29T17:01:00.000Z","OUT","N","FUL","20.00","54.112316999999997","-127.19799999999999","6668"
"23BR-AIR07","sk","CST","2023-08-29T16:24:59.000Z","2023-08-29T16:55:55.000Z","OUT","H","MOD","80.00","53.352783","-106.868917","6668"
"23SF-DITCH21","sk","CST","2023-05-01T18:50:39.000Z","2023-08-29T12:01:43.000Z","OUT","H","MOD","0.10","52.365165","-107.110418","6668"
"2023-N72986","bc","PDT","2023-08-28T00:54:00.000Z","2023-08-29T00:30:00.000Z","OUT","N","FUL","0.01","49.606532999999999","-117.219117","6668"
"2023-G81720","bc","PDT","2023-07-15T05:46:00.000Z","2023-08-29T00:00:00.000Z","OUT","N","FUL","4.20","58.199350000000003","-121.104917","6668"
"2023-K71218","bc","PDT","2023-07-08T00:36:00.000Z","2023-08-28T23:30:00.000Z","OUT","N","FUL","0.01","50.510800000000003","-121.76295","6668"
"2023-N52569","bc","PDT","2023-08-07T03:02:00.000Z","2023-08-28T23:01:00.000Z","OUT","N","FUL","0.87","49.233217000000003","-117.11190000000001","6668"
"2023-G92427","bc","PDT","2023-08-02T23:59:00.000Z","2023-08-28T22:30:00.000Z","OUT","N","FUL","0.01","59.201549999999997","-122.88941699999999","6668"
"2023-R12937","bc","PDT","2023-08-24T20:08:00.000Z","2023-08-28T22:30:00.000Z","OUT","N","FUL","0.01","54.235166999999997","-125.2735","6668"
"2023-R12932","bc","PDT","2023-08-24T03:03:00.000Z","2023-08-28T22:01:00.000Z","OUT","N","FUL","0.01","54.348216999999998","-125.983633","6668"
"2023-R12931","bc","PDT","2023-08-24T02:43:00.000Z","2023-08-28T21:30:00.000Z","OUT","N","FUL","0.01","54.389966999999999","-126.014","6668"
"2023-K71339","bc","PDT","2023-07-09T01:44:00.000Z","2023-08-28T21:30:00.000Z","OUT","N","FUL","0.19","50.766683","-122.004833","6668"
"2023-K71613","bc","PDT","2023-07-12T23:59:00.000Z","2023-08-28T20:30:00.000Z","OUT","N","FUL","0.01","50.738543999999997","-122.83441000000001","6668"
"TIM_FIRE_011","on","GMT","2023-08-28T17:36:00.000Z","2023-08-28T20:01:00.000Z","OUT","H","MON","0.10","47.9657","-81.8674","6668"
"2023-G92942","bc","PDT","2023-08-25T01:36:00.000Z","2023-08-28T20:00:00.000Z","OUT","N","FUL","0.08","58.977533000000001","-122.778617","6668"
"2023-N12448","bc","PDT","2023-08-04T01:04:00.000Z","2023-08-28T20:00:00.000Z","OUT","N","FUL","0.40","49.225332999999999","-114.525183","6668"
"2023-K22873","bc","PDT","2023-08-21T01:59:00.000Z","2023-08-28T19:00:00.000Z","OUT","N","FUL","1.10","51.274715999999998","-119.681333","6668"
"88","qc","EST","2023-05-13T21:00:00.000Z","2023-08-28T18:46:30.000Z","OUT","H","FUL","0.10","45.7636","-74.1383","6668"
"2023-G12154","bc","PDT","2023-07-23T02:37:00.000Z","2023-08-28T18:30:00.000Z","OUT","N","FUL","0.20","53.663600000000002","-121.050833","6668"
"2023-G52793","bc","PDT","2023-08-17T23:15:00.000Z","2023-08-28T18:30:00.000Z","OUT","N","FUL","2.20","55.344683000000003","-125.308267","6668"
"2023-G11413","bc","PDT","2023-07-09T23:21:00.000Z","2023-08-28T18:00:00.000Z","OUT","N","MON","0.01","53.990882999999997","-121.07083299999999","6668"
"NO125","mb","CDT","2023-08-12T05:00:00.000Z","2023-08-28T16:06:00.000Z","OUT","N","FUL","0.40","54.96889","-98.45917","6668"
"NO120","mb","CDT","2023-08-11T05:00:00.000Z","2023-08-28T16:05:00.000Z","OUT","N","FUL","2.50","55.06472","-97.97361","6668"
"23SR-MESSUM","sk","CST","2023-07-22T17:04:23.000Z","2023-08-28T10:31:39.000Z","OUT","N","MOD","6436.40","58.948517","-103.29765","6668"
"23SR-EISEN2","sk","CST","2023-08-22T15:17:36.000Z","2023-08-28T10:28:41.000Z","OUT","N","MOD","1445.00","59.110383","-104.8664","6668"
"23SR-MAX","sk","CST","2023-08-25T14:09:41.000Z","2023-08-28T10:23:28.000Z","OUT","N","MOD","61.80","59.5531","-108.265233","6668"
"2023XY028","yt","PDT","2023-08-27T20:58:00.000Z","2023-08-28T02:30:00.000Z","OUT","N","FUL","0.10","60.3218","-134.71455","6668"
"FOR_FIRE_040","on","GMT","2023-08-27T19:33:00.000Z","2023-08-27T22:45:00.000Z","OUT","N","FUL","0.10","48.5793","-91.6386","6668"
"2023-K42902","bc","PDT","2023-08-22T08:34:00.000Z","2023-08-27T22:00:00.000Z","OUT","N","FUL","2.00","50.976866999999999","-119.20555","6668"
"2023-N52970","bc","PDT","2023-08-26T17:50:00.000Z","2023-08-27T21:01:00.000Z","OUT","N","FUL","0.11","49.273150000000001","-117.502467","6668"
"CWF-070-2023","ab","MST","2023-08-28T00:57:00.000Z","2023-08-27T19:03:00.000Z","OUT","H","FUL","0.01","50.551267","-114.542667","6668"
"23SR-GEEBEE","sk","CST","2023-08-18T17:42:19.000Z","2023-08-27T17:32:14.000Z","OUT","N","MOD","2.00","59.538148","-108.298641","6668"
"HWF-109-2023","ab","MST","2023-07-05T01:35:00.000Z","2023-08-27T17:00:00.000Z","BH","N","FUL","45061.00","59.45317","-114.158714","6668"
"HWF-112-2023","ab","MST","2023-07-05T01:57:00.000Z","2023-08-27T17:00:00.000Z","BH","N","FUL","57412.00","59.225","-114.4041","6668"
"HEA_FIRE_016","on","GMT","2023-08-23T20:40:00.000Z","2023-08-27T16:18:00.000Z","OUT","N","FUL","1.80","49.9455","-82.6356","6668"
"2023BA16","pc","MDT","2023-08-27T22:36:24.000Z","2023-08-27T07:00:00.000Z","OUT","H","FUL","0.00","51.1572","-115.5511","6668"
"2023XY018","yt","PDT","2023-07-07T01:49:00.000Z","2023-08-27T02:22:00.000Z","OC","N","FUL","25000.00","61.86083","-134.51167","6668"
"2023TE002","yt","PDT","2023-08-06T22:26:00.000Z","2023-08-27T02:21:00.000Z","OC","N","FUL","500.00","60.28967","-132.40032","6668"
"2023TE001","yt","PDT","2023-08-06T20:10:00.000Z","2023-08-27T02:20:00.000Z","OC","N","FUL","250.00","60.7585","-133.75317","6668"
"2023-G52954","bc","PDT","2023-08-26T17:44:00.000Z","2023-08-27T01:30:00.000Z","OUT","N","FUL","0.01","54.341050000000003","-124.213717","6668"
"2023XY024","yt","PDT","2023-08-06T03:46:00.000Z","2023-08-26T22:06:00.000Z","OC","N","FUL","90.00","61.6115","-134.6355","6668"
"87","qc","EST","2023-05-13T20:15:00.000Z","2023-08-26T21:48:58.000Z","OUT","H","FUL","0.30","46.2933","-74.7697","6668"
"2023-N22435","bc","PDT","2023-08-03T07:13:00.000Z","2023-08-26T20:00:00.000Z","OUT","N","MOD","0.78","50.99145","-115.795717","6668"
"2023-R41261","bc","PDT","2023-07-08T05:34:00.000Z","2023-08-26T17:00:00.000Z","OUT","N","MOD","0.01","55.086333000000003","-128.2713","6668"
"84","qc","EST","2023-05-13T18:30:00.000Z","2023-08-26T16:17:58.000Z","OUT","H","FUL","0.00","46.0461","-73.7086","6668"
"WE061","mb","CDT","2023-08-20T05:00:00.000Z","2023-08-26T13:44:00.000Z","OUT","N","FUL","3.20","54.93806","-101.15944","6668"
"LWF-179-2023","ab","MST","2023-08-26T15:54:00.000Z","2023-08-26T10:50:00.000Z","OUT","H","FUL","0.01","55.921717","-110.6968","6668"
"2023-N52945","bc","PDT","2023-08-25T22:34:00.000Z","2023-08-26T02:01:00.000Z","OUT","H","FUL","0.00","49.093899999999998","-117.9601","6668"
"2023-K52065","bc","PDT","2023-07-22T01:51:00.000Z","2023-08-26T02:01:00.000Z","OUT","N","FUL","0.01","50.066983","-119.517983","6668"
"2023-G72928","bc","PDT","2023-08-24T00:49:00.000Z","2023-08-26T01:00:00.000Z","OUT","H","FUL","0.01","55.709617000000001","-121.303533","6668"
"2023-C21408","bc","PDT","2023-07-09T22:55:00.000Z","2023-08-25T22:30:00.000Z","OUT","N","FUL","0.01","52.454799999999999","-122.31021699999999","6668"
"2023-R42855","bc","PDT","2023-08-20T00:21:00.000Z","2023-08-25T20:00:00.000Z","OUT","N","FUL","0.01","55.173416670000002","-128.00678332999999","6668"
"RED_FIRE_027","on","GMT","2023-06-10T19:53:00.000Z","2023-08-25T20:00:00.000Z","OUT","N","FUL","527.80","51.2427","-92.707","6668"
"2023-R11751","bc","PDT","2023-07-16T03:32:00.000Z","2023-08-25T19:30:00.000Z","OUT","N","FUL","0.01","53.890667000000001","-125.845117","6668"
"2023-R52919","bc","PDT","2023-08-23T16:40:00.000Z","2023-08-25T18:30:00.000Z","OUT","H","FUL","0.10","54.500782999999998","-128.51169999999999","6668"
"2023-K62921","bc","PDT","2023-08-23T17:41:00.000Z","2023-08-25T18:30:00.000Z","OUT","N","FUL","0.30","49.838149999999999","-120.541583","6668"
"2023-V82797","bc","PDT","2023-08-17T23:37:00.000Z","2023-08-25T18:01:00.000Z","OUT","H","FUL","1.90","50.174500000000002","-125.185383","6668"
"SLK_FIRE_044","on","GMT","2023-06-19T20:40:00.000Z","2023-08-25T14:45:00.000Z","OUT","N","FUL","6208.00","51.0888","-90.8216","6668"
"2023JA13","pc","MDT","2023-08-25T23:55:04.000Z","2023-08-25T07:00:00.000Z","OUT","H","FUL","0.00","53.0034","-118.0693","6668"
"2023-G70116","bc","PDT","2023-04-29T00:10:00.000Z","2023-08-25T00:00:00.000Z","OUT","H","FUL","9.76","56.07152833","-120.68799833","6668"
"2023-G80528","bc","PDT","2023-05-30T00:11:00.000Z","2023-08-25T00:00:00.000Z","OUT","H","FUL","0.04","57.275716670000001","-121.70403","6668"
"2023-K22810","bc","PDT","2023-08-18T06:38:00.000Z","2023-08-24T23:30:00.000Z","OUT","N","FUL","17.50","51.112450000000003","-120.124117","6668"
"2023-N52826","bc","PDT","2023-08-18T18:54:00.000Z","2023-08-24T23:30:00.000Z","OUT","N","FUL","1.60","49.556550000000001","-118.24808299999999","6668"
"397","qc","EST","2023-06-02T14:00:00.000Z","2023-08-24T21:25:15.000Z","OUT","N","FUL","0.40","46.0297","-74.6917","6668"
"2023-C50098","bc","PDT","2023-04-27T06:57:00.000Z","2023-08-24T19:30:00.000Z","OUT","H","FUL","0.01","52.375833","-125.17361699999999","6668"
"2023-C51571","bc","PDT","2023-07-12T00:54:00.000Z","2023-08-24T19:00:00.000Z","UC","N","FUL","3350.00","52.772832999999999","-125.580217","6668"
"2023-K52681","bc","PDT","2023-08-10T23:36:00.000Z","2023-08-24T18:30:00.000Z","OUT","N","FUL","0.35","49.607416999999998","-119.233217","6668"
"2023-C22325","bc","PDT","2023-07-30T01:54:00.000Z","2023-08-24T18:30:00.000Z","OUT","N","FUL","0.01","51.856383000000001","-121.985467","6668"
"2023-K52050","bc","PDT","2023-07-22T01:46:00.000Z","2023-08-24T17:00:00.000Z","OUT","N","FUL","7.40","49.6068","-119.94886700000001","6668"
"2023-G12073","bc","PDT","2023-07-22T03:18:00.000Z","2023-08-24T16:30:00.000Z","OUT","N","MOD","0.20","53.548783","-121.874133","6668"
"54","qc","EST","2023-05-09T15:00:00.000Z","2023-08-24T13:30:37.000Z","OUT","H","FUL","0.10","48.4653","-71.2161","6668"
"2023-G72792","bc","PDT","2023-08-17T22:08:00.000Z","2023-08-24T02:30:00.000Z","OUT","H","FUL","0.01","55.696199999999997","-120.318583","6668"
"2023-V62901","bc","PDT","2023-08-22T06:25:00.000Z","2023-08-24T01:00:00.000Z","OUT","H","FUL","0.11","48.482532999999997","-123.4635","6668"
"2023-N52368","bc","PDT","2023-07-31T19:39:00.000Z","2023-08-23T23:30:00.000Z","OUT","N","FUL","7.70","50.053167000000002","-117.769667","6668"
"2023-N22839","bc","PDT","2023-08-18T23:17:00.000Z","2023-08-23T22:30:00.000Z","OUT","H","FUL","0.01","50.971800000000002","-116.43598299999999","6668"
"2023-N72555","bc","PDT","2023-08-07T00:38:00.000Z","2023-08-23T22:00:00.000Z","OUT","N","FUL","0.30","49.508299999999998","-117.21561699999999","6668"
"2023-N72599","bc","PDT","2023-08-07T20:14:00.000Z","2023-08-23T22:00:00.000Z","OUT","N","FUL","0.30","50.268033000000003","-117.048467","6668"
"118","qc","EST","2023-05-15T19:20:00.000Z","2023-08-23T21:44:23.000Z","OUT","H","FUL","0.10","50.2128","-66.6372","6668"
"167","qc","EST","2023-05-28T16:09:00.000Z","2023-08-23T21:19:15.000Z","OUT","H","FUL","0.10","50.2925","-66.4125","6668"
"2023-N22679","bc","PDT","2023-08-10T23:40:00.000Z","2023-08-23T21:00:00.000Z","OUT","N","FUL","0.01","51.052782999999998","-116.85686699999999","6668"
"THU_FIRE_047","on","GMT","2023-08-21T23:51:00.000Z","2023-08-23T21:00:00.000Z","OUT","N","FUL","0.50","50.652","-89.3475","6668"
"SUD_FIRE_043","on","GMT","2023-08-23T17:44:00.000Z","2023-08-23T21:00:00.000Z","OUT","H","FUL","0.10","46.2372","-80.7585","6668"
"2023-N72566","bc","PDT","2023-08-07T02:40:00.000Z","2023-08-23T20:01:00.000Z","OUT","N","FUL","1.39","49.305700000000002","-116.381417","6668"
"2023-C42827","bc","PDT","2023-08-18T19:19:00.000Z","2023-08-23T20:01:00.000Z","OUT","H","FUL","0.28","51.386333","-121.18225","6668"
"2023-G92778","bc","PDT","2023-08-16T22:29:00.000Z","2023-08-23T19:00:00.000Z","OUT","N","FUL","0.45","59.353917000000003","-121.9049","6668"
"2023-C52151","bc","PDT","2023-07-23T02:26:00.000Z","2023-08-23T19:00:00.000Z","OUT","N","FUL","0.01","52.738950000000003","-125.490883","6668"
"2023-N41612","bc","PDT","2023-07-13T00:00:00.000Z","2023-08-23T18:30:00.000Z","OUT","N","MOD","0.01","51.08325","-118.330883","6668"
"2023-C32386","bc","PDT","2023-08-01T16:20:00.000Z","2023-08-23T18:30:00.000Z","OUT","N","FUL","0.01","52.519300000000001","-121.587717","6668"
"LWF-178-2023","ab","MST","2023-08-23T23:20:00.000Z","2023-08-23T18:30:00.000Z","OUT","H","FUL","0.01","55.951133","-110.727217","6668"
"2023-C22568","bc","PDT","2023-08-07T02:59:00.000Z","2023-08-23T18:00:00.000Z","OUT","N","FUL","0.70","51.930866999999999","-122.05025000000001","6668"
"2023-N52606","bc","PDT","2023-08-07T22:53:00.000Z","2023-08-23T16:30:00.000Z","OUT","N","FUL","0.52","49.625283000000003","-117.4564","6668"
"80","qc","EST","2023-05-12T21:15:00.000Z","2023-08-23T16:03:45.000Z","OUT","H","FUL","0.00","45.9942","-76.0917","6668"
"THU_FIRE_045","on","GMT","2023-08-21T21:58:00.000Z","2023-08-23T16:00:00.000Z","OUT","N","FUL","0.60","50.0732","-89.41","6668"
"KEN_FIRE_040","on","GMT","2023-08-22T21:23:00.000Z","2023-08-23T15:20:00.000Z","OUT","N","FUL","0.10","50.1983","-94.6358","6668"
"277","qc","EST","2023-06-01T19:02:00.000Z","2023-08-23T15:14:38.000Z","OUT","N","FUL","2897.20","49.5189","-72.6156","6668"
"62582","nb","ADT","2023-08-22T08:55:43.000Z","2023-08-23T13:17:00.000Z","OUT","U","FUL","0.10","45.89712","-67.47828","6668"
"2023-C12882","bc","PDT","2023-08-21T04:55:00.000Z","2023-08-23T00:01:00.000Z","OUT","N","FUL","0.07","53.142583000000002","-122.341667","6668"
"2023-K52683","bc","PDT","2023-08-11T01:01:00.000Z","2023-08-23T00:01:00.000Z","OUT","N","FUL","0.01","49.920283329999997","-118.96191666999999","6668"
"2023-K52658","bc","PDT","2023-08-09T16:24:00.000Z","2023-08-23T00:01:00.000Z","OUT","H","FUL","0.05","49.917349999999999","-118.985783","6668"
"2023-G82888","bc","PDT","2023-08-21T21:10:00.000Z","2023-08-22T23:30:00.000Z","OUT","H","FUL","0.01","56.698749999999997","-120.973283","6668"
"THU_FIRE_046","on","GMT","2023-08-21T22:14:00.000Z","2023-08-22T23:00:00.000Z","OUT","N","FUL","0.20","50.035","-89.4573","6668"
"2023-N72514","bc","PDT","2023-08-06T03:36:00.000Z","2023-08-22T22:30:00.000Z","OUT","N","MOD","0.02","49.209449999999997","-116.980667","6668"
"2023-N72624","bc","PDT","2023-08-08T03:28:00.000Z","2023-08-22T22:30:00.000Z","OUT","N","FUL","0.02","49.444133000000001","-117.341967","6668"
"528","qc","EST","2023-06-25T07:00:00.000Z","2023-08-22T21:51:15.000Z","OUT","N","MON","6.60","52.2583","-66.725","6668"
"527","qc","EST","2023-06-25T07:00:00.000Z","2023-08-22T21:50:08.000Z","OUT","N","MON","31.90","52.2208","-66.7689","6668"
"120","qc","EST","2023-05-15T21:00:00.000Z","2023-08-22T21:39:24.000Z","OUT","H","FUL","3.30","47.0272","-79.2689","6668"
"276","qc","EST","2023-06-01T21:00:00.000Z","2023-08-22T21:22:06.000Z","OUT","N","FUL","14.80","47.2011","-72.7844","6668"
"95","qc","EST","2023-05-14T17:30:00.000Z","2023-08-22T20:43:58.000Z","OUT","H","FUL","1.00","48.3167","-76.3519","6668"
"2023-N72608","bc","PDT","2023-08-07T23:32:00.000Z","2023-08-22T20:30:00.000Z","OUT","N","FUL","0.16","49.413466999999997","-117.121583","6668"
"2023-C32554","bc","PDT","2023-08-07T00:16:00.000Z","2023-08-22T20:30:00.000Z","OUT","N","FUL","0.12","52.290300000000002","-121.39155","6668"
"2023-N72620","bc","PDT","2023-08-08T01:55:00.000Z","2023-08-22T20:30:00.000Z","OUT","N","FUL","0.10","49.663716999999998","-117.159333","6668"
"2023-C40128","bc","PDT","2023-04-29T19:57:00.000Z","2023-08-22T20:30:00.000Z","OUT","H","FUL","113.00","51.370882999999999","-120.998867","6668"
"41","qc","EST","2023-05-08T08:46:00.000Z","2023-08-22T20:14:25.000Z","OUT","H","FUL","8.10","48.4447","-77.6003","6668"
"SLK_FIRE_054","on","GMT","2023-06-25T15:16:00.000Z","2023-08-22T20:09:00.000Z","OUT","N","MON","2493.00","53.1768","-91.1363","6668"
"SLK_FIRE_048","on","GMT","2023-06-21T21:20:00.000Z","2023-08-22T20:08:00.000Z","OUT","N","MON","4748.00","53.3889","-90.4112","6668"
"SLK_FIRE_023","on","GMT","2023-06-08T22:57:00.000Z","2023-08-22T20:07:00.000Z","OUT","N","MON","18200.00","53.7625","-90.7008","6668"
"SLK_FIRE_047","on","GMT","2023-06-21T21:11:00.000Z","2023-08-22T20:07:00.000Z","OUT","N","MON","17104.00","53.1217","-90.366","6668"
"2023-C30449","bc","PDT","2023-05-21T02:14:00.000Z","2023-08-22T20:01:00.000Z","OUT","N","FUL","0.50","52.33605","-120.90560000000001","6668"
"2023-C22226","bc","PDT","2023-07-24T04:10:00.000Z","2023-08-22T20:01:00.000Z","OUT","N","FUL","0.02","52.353282999999998","-122.635167","6668"
"2023-C40397","bc","PDT","2023-05-19T19:26:00.000Z","2023-08-22T20:01:00.000Z","OUT","N","FUL","2.00","51.613300000000002","-121.85596700000001","6668"
"2023-C31433","bc","PDT","2023-07-10T00:52:00.000Z","2023-08-22T20:01:00.000Z","OUT","N","FUL","0.10","52.384967000000003","-121.2085","6668"
"2023-C41832","bc","PDT","2023-07-18T01:23:00.000Z","2023-08-22T20:01:00.000Z","OUT","N","FUL","0.10","51.877183000000002","-121.068017","6668"
"2023-C41070","bc","PDT","2023-07-02T20:28:00.000Z","2023-08-22T20:01:00.000Z","OUT","N","FUL","0.01","51.777549999999998","-121.215867","6668"
"2023-C41856","bc","PDT","2023-07-18T17:52:00.000Z","2023-08-22T20:01:00.000Z","OUT","H","FUL","0.01","51.470550000000003","-120.83150000000001","6668"
"2023-C21331","bc","PDT","2023-07-09T01:18:00.000Z","2023-08-22T20:01:00.000Z","OUT","N","FUL","0.01","52.176282999999998","-121.959566","6668"
"2023-C40478","bc","PDT","2023-05-22T01:11:00.000Z","2023-08-22T20:01:00.000Z","OUT","N","FUL","0.01","51.7258","-121.39788299999999","6668"
"2023-C41171","bc","PDT","2023-07-07T02:40:00.000Z","2023-08-22T20:01:00.000Z","OUT","N","FUL","0.01","52.074832999999998","-120.60458300000001","6668"
"2023-C21434","bc","PDT","2023-07-10T00:55:00.000Z","2023-08-22T20:01:00.000Z","OUT","N","FUL","0.01","51.614967","-122.351017","6668"
"2023-C41603","bc","PDT","2023-07-12T22:18:00.000Z","2023-08-22T20:01:00.000Z","OUT","N","FUL","0.01","51.483215999999999","-120.8592","6668"
"2023-C21312","bc","PDT","2023-07-08T23:40:00.000Z","2023-08-22T19:30:00.000Z","OUT","N","FUL","0.10","52.089416999999997","-122.15730000000001","6668"
"2023-V72775","bc","PDT","2023-08-16T21:40:00.000Z","2023-08-22T19:30:00.000Z","OUT","H","FUL","0.10","49.276049999999998","-124.73325","6668"
"2023-C22891","bc","PDT","2023-08-22T02:48:00.000Z","2023-08-22T19:30:00.000Z","OUT","H","FUL","0.01","52.104982999999997","-121.99424999999999","6668"
"2023-K52852","bc","PDT","2023-08-19T22:37:00.000Z","2023-08-22T19:01:00.000Z","OUT","H","FUL","0.30","49.504600000000003","-119.63331700000001","6668"
"2023-G12785","bc","PDT","2023-08-17T02:52:00.000Z","2023-08-22T19:01:00.000Z","OUT","N","FUL","0.01","53.952033","-121.511983","6668"
"612","qc","EST","2023-07-06T17:31:00.000Z","2023-08-22T18:35:21.000Z","OUT","N","MON","50.60","51.9933","-66.9811","6668"
"265","qc","EST","2023-06-01T20:30:00.000Z","2023-08-22T18:31:58.000Z","OUT","N","FUL","2885.10","49.4392","-71.5614","6668"
"566","qc","EST","2023-07-02T19:19:00.000Z","2023-08-22T18:30:56.000Z","OUT","N","MON","2813.40","53.1794","-68.8033","6668"
"2023-C52858","bc","PDT","2023-08-20T02:28:00.000Z","2023-08-22T18:30:00.000Z","OUT","N","FUL","0.10","51.561382999999999","-124.383167","6668"
"THU_FIRE_044","on","GMT","2023-08-21T20:50:00.000Z","2023-08-22T17:30:00.000Z","OUT","N","FUL","0.20","50.3142","-89.4994","6668"
"2023-N52396","bc","PDT","2023-08-01T22:12:00.000Z","2023-08-22T17:30:00.000Z","OUT","N","FUL","3.60","50.122283000000003","-117.64491700000001","6668"
"629","qc","EST","2023-07-11T01:14:00.000Z","2023-08-22T16:56:56.000Z","OUT","N","MON","697.90","58.1375","-67.4728","6668"
"409","qc","EST","2023-06-01T11:00:00.000Z","2023-08-22T16:43:43.000Z","OUT","N","MON","12.60","51.2825","-62.4111","6668"
"45","qc","EST","2023-05-07T18:00:00.000Z","2023-08-22T16:37:26.000Z","OUT","H","FUL","0.00","48.3947","-64.5894","6668"
"230","qc","EST","2023-06-01T18:00:00.000Z","2023-08-22T16:30:12.000Z","OUT","N","FUL","13.30","46.8311","-72.7317","6668"
"2023-N52250","bc","PDT","2023-07-25T03:21:00.000Z","2023-08-22T16:30:00.000Z","OUT","N","MON","28.00","50.598332999999997","-117.315967","6668"
"259","qc","EST","2023-06-01T21:00:00.000Z","2023-08-22T15:59:08.000Z","OUT","N","FUL","0.00","49.6536","-69.6097","6668"
"229","qc","EST","2023-06-01T17:20:00.000Z","2023-08-22T15:42:04.000Z","OUT","N","FUL","234.80","47.6956","-74.0675","6668"
"228","qc","EST","2023-06-01T18:20:00.000Z","2023-08-22T15:30:11.000Z","OUT","H","FUL","5.10","49.6767","-74.3264","6668"
"223","qc","EST","2023-06-01T17:30:00.000Z","2023-08-22T14:32:34.000Z","OUT","N","FUL","0.10","47.3883","-73.1469","6668"
"SLK_FIRE_096","on","GMT","2023-08-21T20:53:00.000Z","2023-08-22T14:30:00.000Z","OUT","N","FUL","0.10","51.005","-91.2807","6668"
"204","qc","EST","2023-05-30T22:00:00.000Z","2023-08-22T14:13:37.000Z","OUT","H","FUL","0.10","47.5622","-73.3256","6668"
"192","qc","EST","2023-05-29T21:00:00.000Z","2023-08-22T13:52:37.000Z","OUT","H","FUL","0.00","46.2028","-73.4989","6668"
"103","qc","EST","2023-05-14T18:35:00.000Z","2023-08-22T13:38:55.000Z","OUT","H","FUL","0.50","47.0136","-71.3322","6668"
"PWF-105-2023","ab","MST","2023-07-17T16:01:00.000Z","2023-08-22T12:23:56.000Z","OUT","N","FUL","16.66","57.71045","-118.723378","6668"
"MWF-055-2023","ab","MST","2023-07-26T19:00:00.000Z","2023-08-22T10:01:00.000Z","OUT","N","FUL","1653.90","59.287383","-110.89775","6668"
"2023-G62866","bc","PDT","2023-08-20T20:45:00.000Z","2023-08-22T01:30:00.000Z","OUT","N","FUL","0.20","55.342500000000001","-124.311233","6668"
"2023-G12879","bc","PDT","2023-08-21T05:24:00.000Z","2023-08-22T01:01:00.000Z","OUT","N","FUL","0.10","54.090417000000002","-123.011916","6668"
"2023-K52064","bc","PDT","2023-07-22T02:54:00.000Z","2023-08-22T00:30:00.000Z","OUT","N","FUL","0.01","49.694916999999997","-119.672083","6668"
"2023-N52690","bc","PDT","2023-08-11T17:22:00.000Z","2023-08-22T00:01:00.000Z","OUT","N","FUL","0.06","49.294632999999997","-117.59275","6668"
"2023-N62288","bc","PDT","2023-07-27T05:44:00.000Z","2023-08-21T23:30:00.000Z","OUT","H","FUL","0.01","49.103883000000003","-118.92704999999999","6668"
"2023-N62604","bc","PDT","2023-08-07T22:07:00.000Z","2023-08-21T23:30:00.000Z","OUT","N","FUL","0.04","49.319833000000003","-118.952333","6668"
"2023-V82747","bc","PDT","2023-08-14T20:05:00.000Z","2023-08-21T23:01:00.000Z","OUT","N","FUL","0.01","49.702449999999999","-125.27894999999999","6668"
"2023-N52633","bc","PDT","2023-08-08T17:40:00.000Z","2023-08-21T23:01:00.000Z","OUT","N","FUL","1.70","50.432882999999997","-118.0172","6668"
"RED_FIRE_074","on","GMT","2023-08-20T21:33:00.000Z","2023-08-21T23:00:00.000Z","OUT","N","FUL","0.50","51.2573","-93.4979","6668"
"2023-VA1663","bc","PDT","2023-07-13T22:35:00.000Z","2023-08-21T22:30:00.000Z","OUT","N","MON","0.40","53.030833000000001","-127.09","6668"
"2023-N52522","bc","PDT","2023-08-06T15:01:00.000Z","2023-08-21T21:01:00.000Z","OUT","N","FUL","2.50","49.386833000000003","-117.93516700000001","6668"
"2023-V82755","bc","PDT","2023-08-15T01:23:00.000Z","2023-08-21T20:30:00.000Z","OUT","N","MON","107.00","49.772033","-125.667467","6668"
"2023-K22588","bc","PDT","2023-08-07T02:56:00.000Z","2023-08-21T20:01:00.000Z","OUT","N","FUL","0.20","50.824750000000002","-121.44745","6668"
"2023-K21607","bc","PDT","2023-07-12T23:05:00.000Z","2023-08-21T20:00:00.000Z","OUT","N","FUL","71.50","50.810966999999998","-120.20186699999999","6668"
"SLK_FIRE_075","on","GMT","2023-07-09T22:24:00.000Z","2023-08-21T19:46:00.000Z","OUT","N","MON","103.20","54.2797","-91.594","6668"
"SLK_FIRE_070","on","GMT","2023-07-05T22:50:00.000Z","2023-08-21T19:45:00.000Z","OUT","N","MON","237.00","54.4874","-91.6793","6668"
"2023-VA2708","bc","PDT","2023-08-12T19:15:00.000Z","2023-08-21T19:01:00.000Z","OUT","H","FUL","0.01","52.378683000000002","-126.632116","6668"
"WWF-054-2023","ab","MST","2023-08-21T23:10:00.000Z","2023-08-21T18:30:00.000Z","OUT","H","FUL","4.70","54.441033","-114.605333","6668"
"198","qc","EST","2023-05-28T19:30:00.000Z","2023-08-21T18:21:16.000Z","OUT","H","FUL","0.10","45.2261","-72.3453","6668"
"GWF-062-2023","ab","MST","2023-08-21T23:10:00.000Z","2023-08-21T17:50:00.000Z","OUT","H","FUL","0.01","55.509383","-119.574217","6668"
"176","qc","EST","2023-05-28T20:00:00.000Z","2023-08-21T16:40:40.000Z","OUT","H","FUL","0.50","48.1194","-70.8358","6668"
"174","qc","EST","2023-05-28T18:15:00.000Z","2023-08-21T16:32:38.000Z","OUT","H","FUL","0.10","46.3194","-70.5314","6668"
"131","qc","EST","2023-05-18T12:30:00.000Z","2023-08-21T16:01:10.000Z","OUT","H","FUL","1.00","48.7494","-72.4975","6668"
"170","qc","EST","2023-05-28T18:00:00.000Z","2023-08-21T15:57:18.000Z","OUT","H","FUL","0.00","48.5011","-71.29","6668"
"161","qc","EST","2023-05-27T01:15:00.000Z","2023-08-21T14:48:19.000Z","OUT","H","FUL","0.10","45.0844","-72.3392","6668"
"158","qc","EST","2023-05-27T01:30:00.000Z","2023-08-21T14:39:38.000Z","OUT","H","FUL","0.00","46.8069","-71.5636","6668"
"GWF-061-2023","ab","MST","2023-08-21T17:51:00.000Z","2023-08-21T14:27:00.000Z","OUT","N","FUL","0.01","54.604367","-118.6698","6668"
"GWF-060-2023","ab","MST","2023-08-19T01:23:00.000Z","2023-08-21T13:28:00.000Z","OUT","H","FUL","0.01","54.9659","-119.10245","6668"
"CWF-069-2023","ab","MST","2023-08-21T18:38:00.000Z","2023-08-21T12:39:00.000Z","OUT","H","FUL","0.01","50.372778","-114.814141","6668"
"GWF-039-2023","ab","MST","2023-06-07T21:43:00.000Z","2023-08-21T11:33:00.000Z","OUT","N","FUL","95.28","54.53295","-119.275583","6668"
"2023-N72836","bc","PDT","2023-08-18T22:19:00.000Z","2023-08-21T02:30:00.000Z","OUT","N","FUL","0.02","49.435333","-117.28319999999999","6668"
"2023-N12825","bc","PDT","2023-08-18T18:43:00.000Z","2023-08-21T00:01:00.000Z","OUT","N","FUL","0.07","49.572082999999999","-115.30625000000001","6668"
"2023-G12078","bc","PDT","2023-07-22T03:43:00.000Z","2023-08-20T22:30:00.000Z","OUT","N","FUL","3.50","54.791716999999998","-122.696167","6668"
"2023-N52723","bc","PDT","2023-08-13T20:07:00.000Z","2023-08-20T20:01:00.000Z","OUT","H","FUL","1.30","49.099283","-117.73011700000001","6668"
"74","qc","EST","2023-05-11T21:00:00.000Z","2023-08-20T19:19:39.000Z","OUT","H","FUL","0.10","46.4167","-75.0364","6668"
"72","qc","EST","2023-05-11T20:00:00.000Z","2023-08-20T17:53:56.000Z","OUT","H","FUL","0.00","45.9736","-73.7647","6668"
"PWF-079-2023","ab","MST","2023-06-29T23:15:00.000Z","2023-08-20T17:30:00.000Z","OUT","N","FUL","3.28","57.707633","-118.32575","6668"
"CWF-068-2023","ab","MST","2023-08-20T21:02:00.000Z","2023-08-20T16:40:00.000Z","OUT","N","FUL","0.20","50.86455","-114.809167","6668"
"71","qc","EST","2023-05-11T20:00:00.000Z","2023-08-20T16:17:28.000Z","OUT","H","MON","7.00","51.4092","-75.8736","6668"
"SLK_FIRE_094","on","GMT","2023-08-14T22:18:00.000Z","2023-08-20T16:17:00.000Z","OUT","N","FUL","10.00","51.9857","-89.9483","6668"
"EA075","mb","CDT","2023-07-21T05:00:00.000Z","2023-08-20T15:08:00.000Z","OUT","N","MON","45.00","52.64806","-95.78167","6668"
"RED_FIRE_073","on","GMT","2023-08-19T21:13:00.000Z","2023-08-20T15:00:00.000Z","OUT","N","FUL","0.10","50.8336","-92.728","6668"
"PWF-036-2023","ab","MST","2023-05-05T20:30:00.000Z","2023-08-20T12:00:00.000Z","OUT","H","FUL","21.15","56.534025","-118.847392","6668"
"62562","nb","ADT","2023-08-19T19:59:26.000Z","2023-08-20T08:57:00.000Z","BH","U","FUL","0.10","46.9907","-65.47725","6668"
"2023-G12841","bc","PDT","2023-08-19T00:06:00.000Z","2023-08-20T07:03:00.000Z","OUT","N","FUL","0.01","53.993833000000002","-123.276383","6668"
"2023-K21620","bc","PDT","2023-07-13T01:41:00.000Z","2023-08-20T04:00:00.000Z","OUT","N","FUL","10004.90","51.011383000000002","-119.69674999999999","6668"
"2023-N72848","bc","PDT","2023-08-19T18:38:00.000Z","2023-08-19T23:30:00.000Z","OUT","H","FUL","0.01","50.086917","-116.88205000000001","6668"
"2023-G62795","bc","PDT","2023-08-17T23:37:00.000Z","2023-08-19T22:30:00.000Z","OUT","N","FUL","0.25","55.865549999999999","-125.061733","6668"
"HWF-149-2023","ab","MST","2023-08-20T01:17:00.000Z","2023-08-19T20:15:00.000Z","OUT","H","FUL","0.01","58.6077","-117.158133","6668"
"2023-G12142","bc","PDT","2023-07-23T01:09:00.000Z","2023-08-19T20:01:00.000Z","OUT","N","FUL","0.01","53.781933000000002","-121.566383","6668"
"2023-G12080","bc","PDT","2023-07-22T02:57:00.000Z","2023-08-19T20:01:00.000Z","OUT","N","MON","0.01","53.686900000000001","-121.64155","6668"
"2023-R22798","bc","PDT","2023-08-17T23:47:00.000Z","2023-08-19T17:30:00.000Z","OUT","N","FUL","0.01","53.789682999999997","-126.942317","6668"
"FOR_FIRE_039","on","GMT","2023-08-18T21:06:00.000Z","2023-08-19T15:58:00.000Z","OUT","N","FUL","0.10","48.2881","-91.0344","6668"
"23LA-MCCRAE","sk","CST","2023-05-11T17:13:38.000Z","2023-08-19T07:39:10.000Z","OUT","N","MOD","339371.70","56.06835","-105.85235","6668"
"2023-R52842","bc","PDT","2023-08-19T01:47:00.000Z","2023-08-19T05:01:00.000Z","OUT","H","FUL","0.01","54.546666999999999","-128.66495","6668"
"DRY_FIRE_035","on","GMT","2023-08-18T19:23:00.000Z","2023-08-19T00:30:00.000Z","OUT","H","FUL","0.10","49.8019","-93.7204","6668"
"2023-N52337","bc","PDT","2023-07-30T22:32:00.000Z","2023-08-18T23:30:00.000Z","OUT","H","FUL","0.01","49.924999999999997","-118.018833","6668"
"2023-R42616","bc","PDT","2023-08-08T01:29:00.000Z","2023-08-18T22:30:00.000Z","OUT","N","FUL","0.20","55.455216999999998","-128.16630000000001","6668"
"2023-V82533","bc","PDT","2023-08-06T21:55:00.000Z","2023-08-18T21:30:00.000Z","OUT","N","MON","0.01","49.726550000000003","-125.67195","6668"
"2023-R12158","bc","PDT","2023-07-23T03:16:00.000Z","2023-08-18T21:01:00.000Z","OUT","N","FUL","0.01","53.712449999999997","-125.29128300000001","6668"
"2023-N52788","bc","PDT","2023-08-17T17:55:00.000Z","2023-08-18T19:30:00.000Z","OUT","N","FUL","0.04","49.075449999999996","-117.164417","6668"
"2023-R32622","bc","PDT","2023-08-08T02:12:00.000Z","2023-08-18T19:01:00.000Z","OUT","N","FUL","0.01","54.575716999999997","-127.4032","6668"
"2023-R32578","bc","PDT","2023-08-07T04:04:00.000Z","2023-08-18T19:01:00.000Z","OUT","N","FUL","0.10","54.583666999999998","-127.414283","6668"
"2023-R42770","bc","PDT","2023-08-16T03:50:00.000Z","2023-08-18T18:01:00.000Z","OUT","N","FUL","0.01","55.040317000000002","-128.28013300000001","6668"
"23LA-FORD","sk","CST","2023-08-05T14:31:44.000Z","2023-08-18T16:11:47.000Z","OUT","N","MOD","250.00","57.437417","-102.725867","6668"
"GWF-059-2023","ab","MST","2023-08-14T04:10:00.000Z","2023-08-18T15:12:00.000Z","OUT","H","FUL","0.01","55.332411","-117.189923","6668"
"NO043","mb","CDT","2023-06-19T05:00:00.000Z","2023-08-18T10:34:00.000Z","OUT","N","MON","11391.60","55.85889","-94.36778","6668"
"NO023","mb","CDT","2023-06-11T05:00:00.000Z","2023-08-18T10:34:00.000Z","OUT","N","MON","414.40","56.58389","-91.15194","6668"
"NO020","mb","CDT","2023-06-10T05:00:00.000Z","2023-08-18T10:33:00.000Z","OUT","N","MON","24.60","56.88667","-90.03833","6668"
"NO017","mb","CDT","2023-06-09T05:00:00.000Z","2023-08-18T10:29:00.000Z","OUT","H","MON","108.30","56.55333","-90.87417","6668"
"23LX-ERIR04","sk","CST","2023-08-07T09:48:33.000Z","2023-08-18T08:28:12.000Z","OUT","N","MOD","35.00","55.880673","-107.261619","6668"
"23LX-CREE","sk","CST","2023-07-22T17:00:04.000Z","2023-08-18T08:27:45.000Z","OUT","N","MOD","40.00","57.33919","-106.607507","6668"
"23LX-KEELEY","sk","CST","2023-07-25T09:33:24.000Z","2023-08-18T08:26:29.000Z","OUT","N","FUL","150.00","54.993167","-108.1395","6668"
"2023-G12781","bc","PDT","2023-08-17T00:03:00.000Z","2023-08-18T04:01:00.000Z","OUT","N","FUL","0.10","53.947333","-123.13163299999999","6668"
"2023-N22674","bc","PDT","2023-08-10T01:45:00.000Z","2023-08-18T01:30:00.000Z","OUT","N","FUL","0.20","51.049199999999999","-116.732482","6668"
"2023-G90727","bc","PDT","2023-06-11T18:29:00.000Z","2023-08-18T00:30:00.000Z","OUT","N","FUL","3.50","58.426082999999998","-121.498633","6668"
"2023-G90841","bc","PDT","2023-06-23T02:34:00.000Z","2023-08-18T00:30:00.000Z","OUT","N","FUL","33.22","58.849117","-123.471317","6668"
"2023-G90713","bc","PDT","2023-06-10T23:51:00.000Z","2023-08-18T00:30:00.000Z","BH","N","FUL","112.25","59.950817000000001","-123.87394999999999","6668"
"2023-G90259","bc","PDT","2023-05-10T22:53:00.000Z","2023-08-18T00:30:00.000Z","OUT","H","FUL","1.25","58.846299999999999","-122.6588","6668"
"2023-G72751","bc","PDT","2023-08-14T23:24:00.000Z","2023-08-17T23:30:00.000Z","OUT","N","FUL","0.80","55.630749999999999","-121.42845","6668"
"2023-N72149","bc","PDT","2023-07-23T01:53:00.000Z","2023-08-17T23:30:00.000Z","OUT","N","FUL","0.05","50.517783000000001","-117.385783","6668"
"2023CA013","yt","PDT","2023-08-16T01:23:00.000Z","2023-08-17T23:15:00.000Z","OUT","N","FUL","0.03","62.09204","-136.42491","6668"
"2023-N52377","bc","PDT","2023-07-31T23:41:00.000Z","2023-08-17T22:30:00.000Z","OUT","N","FUL","0.01","50.120232999999999","-117.629833","6668"
"2023-K42691","bc","PDT","2023-08-11T17:31:00.000Z","2023-08-17T22:30:00.000Z","OUT","N","FUL","0.01","51.176250000000003","-118.98908299999999","6668"
"2023-G12742","bc","PDT","2023-08-14T04:02:00.000Z","2023-08-17T21:30:00.000Z","OUT","N","FUL","0.12","54.346299999999999","-123.2503","6668"
"2023-R32782","bc","PDT","2023-08-17T00:14:00.000Z","2023-08-17T21:30:00.000Z","OUT","N","FUL","0.02","55.581049999999998","-126.88538333","6668"
"2023-G11147","bc","PDT","2023-07-05T23:51:00.000Z","2023-08-17T21:30:00.000Z","OUT","N","FUL","2.40","54.263300000000001","-123.64279999999999","6668"
"2023-G12233","bc","PDT","2023-07-24T16:17:00.000Z","2023-08-17T21:00:00.000Z","OUT","N","FUL","0.75","54.037917","-121.04428299999999","6668"
"2023-K52066","bc","PDT","2023-07-22T03:00:00.000Z","2023-08-17T20:30:00.000Z","OUT","N","FUL","0.60","49.727899999999998","-119.79474999999999","6668"
"2023-G42671","bc","PDT","2023-08-10T04:17:00.000Z","2023-08-17T20:30:00.000Z","OUT","H","FUL","0.01","54.076717000000002","-124.007633","6668"
"2023-K72718","bc","PDT","2023-08-13T03:20:00.000Z","2023-08-17T20:30:00.000Z","OUT","N","FUL","0.25","50.560250000000003","-121.46848300000001","6668"
"62542","nb","ADT","2023-08-17T20:07:40.000Z","2023-08-17T20:12:00.000Z","OUT","U","FUL","0.10","46.0714","-64.99613","6668"
"2023-G11447","bc","PDT","2023-07-10T02:05:00.000Z","2023-08-17T20:00:00.000Z","OUT","N","FUL","2.00","53.670583329999999","-122.1433","6668"
"2023-G11181","bc","PDT","2023-07-07T17:31:00.000Z","2023-08-17T20:00:00.000Z","OUT","N","FUL","1.80","53.662633329999998","-122.1587","6668"
"WE054","mb","CDT","2023-07-29T05:00:00.000Z","2023-08-17T17:28:00.000Z","OUT","N","FUL","27.10","53.04250","-99.89417","6668"
"23LA-ISLAND","sk","CST","2023-06-29T14:37:51.000Z","2023-08-17T17:24:59.000Z","OUT","N","MOD","590.00","55.645833","-105.610167","6668"
"23LA-BLACK","sk","CST","2023-06-16T16:21:13.000Z","2023-08-17T17:24:04.000Z","OUT","N","FUL","6646.30","55.722517","-105.848817","6668"
"2023-G72768","bc","PDT","2023-08-16T03:00:00.000Z","2023-08-17T17:01:00.000Z","OUT","N","FUL","0.01","55.330117000000001","-121.446783","6668"
"EA088","mb","CDT","2023-08-12T05:00:00.000Z","2023-08-17T15:03:00.000Z","OUT","N","FUL","1.30","52.33667","-95.53000","6668"
"NO065","mb","CDT","2023-07-01T05:00:00.000Z","2023-08-17T14:56:00.000Z","OUT","N","FUL","64.70","56.23500","-101.27444","6668"
"NO064","mb","CDT","2023-07-01T05:00:00.000Z","2023-08-17T14:53:00.000Z","OUT","N","FUL","53.40","56.75833","-100.56472","6668"
"HWF-148-2023","ab","MST","2023-08-17T02:48:00.000Z","2023-08-17T14:30:00.000Z","OUT","H","FUL","0.01","58.73985","-113.850233","6668"
"NO126","mb","CDT","2023-08-12T05:00:00.000Z","2023-08-17T14:00:00.000Z","OUT","N","FUL","0.20","54.86417","-98.26083","6668"
"NO119","mb","CDT","2023-08-11T05:00:00.000Z","2023-08-17T13:59:00.000Z","OUT","N","FUL","2.00","55.02333","-98.06278","6668"
"NO007","mb","CDT","2023-05-15T05:00:00.000Z","2023-08-17T13:57:00.000Z","OUT","H","FUL","3436.10","54.52278","-97.76111","6668"
"NO118","mb","CDT","2023-08-11T05:00:00.000Z","2023-08-17T13:57:00.000Z","OUT","N","FUL","0.10","54.78500","-97.95778","6668"
"HEA_FIRE_015","on","GMT","2023-08-16T22:34:00.000Z","2023-08-17T11:00:00.000Z","OUT","N","FUL","0.10","49.9228","-84.2184","6668"
"2023-K52048","bc","PDT","2023-07-22T01:43:00.000Z","2023-08-17T01:30:00.000Z","OUT","N","FUL","0.08","49.525616999999997","-119.8297","6668"
"COC_FIRE_050","on","GMT","2023-08-15T14:00:00.000Z","2023-08-17T00:00:00.000Z","OUT","N","FUL","0.10","48.8878","-80.2842","6668"
"2023-K52044","bc","PDT","2023-07-22T00:39:00.000Z","2023-08-16T23:30:00.000Z","OUT","N","FUL","0.01","49.297249999999998","-119.76473300000001","6668"
"2023-R42391","bc","PDT","2023-08-01T20:12:00.000Z","2023-08-16T22:30:00.000Z","OUT","N","FUL","0.02","55.491549999999997","-128.23266699999999","6668"
"2023-K62309","bc","PDT","2023-07-29T02:34:00.000Z","2023-08-16T22:30:00.000Z","OUT","N","FUL","0.01","50.106532999999999","-121.27825","6668"
"2023-R21904","bc","PDT","2023-07-19T23:47:00.000Z","2023-08-16T22:01:00.000Z","OUT","N","FUL","0.01","53.859166999999999","-127.481133","6668"
"2023-G71019","bc","PDT","2023-07-01T00:10:00.000Z","2023-08-16T21:01:00.000Z","OUT","N","FUL","1.28","55.396766999999997","-121.03364999999999","6668"
"2023-K61957","bc","PDT","2023-07-21T01:13:00.000Z","2023-08-16T20:30:00.000Z","OUT","N","FUL","1.20","49.825749999999999","-120.604083","6668"
"2023-K62013","bc","PDT","2023-07-21T21:04:00.000Z","2023-08-16T20:30:00.000Z","OUT","N","FUL","10.60","50.025982999999997","-120.46601699999999","6668"
"2023-K62759","bc","PDT","2023-08-15T02:56:00.000Z","2023-08-16T19:30:00.000Z","OUT","H","FUL","4.00","50.094700000000003","-120.72278300000001","6668"
"2023-N12549","bc","PDT","2023-08-06T23:50:00.000Z","2023-08-16T19:01:00.000Z","OUT","N","FUL","0.40","49.088749999999997","-114.449133","6668"
"2023-K62725","bc","PDT","2023-08-13T20:20:00.000Z","2023-08-16T18:01:00.000Z","OUT","N","FUL","1.20","49.943049999999999","-120.44875","6668"
"2023-V71098","bc","PDT","2023-07-03T05:13:00.000Z","2023-08-16T17:30:00.000Z","OUT","H","FUL","16.60","48.778500000000001","-124.87821700000001","6668"
"SLK_FIRE_095","on","GMT","2023-08-14T22:23:00.000Z","2023-08-16T16:00:00.000Z","OUT","N","FUL","0.50","51.124","-91.323","6668"
"GWF-018-2023","ab","MST","2023-05-05T19:25:00.000Z","2023-08-16T11:54:06.000Z","UC","U","FUL","49327.70","56.281817","-119.161633","6668"
"PWF-061-2023","ab","MST","2023-06-22T20:09:00.000Z","2023-08-16T11:44:00.000Z","OUT","N","FUL","11.45","57.659167","-118.829417","6668"
"CWF-067-2023","ab","MST","2023-08-16T03:05:00.000Z","2023-08-16T09:30:00.000Z","OUT","H","FUL","0.01","49.941283","-114.077117","6668"
"NO036","mb","CDT","2023-06-17T05:00:00.000Z","2023-08-16T09:03:00.000Z","OUT","H","FUL","0.30","54.50472","-94.72889","6668"
"23PA-DITCH12","sk","CST","2023-08-14T15:59:02.000Z","2023-08-16T08:57:26.000Z","OUT","H","FUL","0.10","53.280033","-105.757717","6668"
"2023-G82746","bc","PDT","2023-08-14T17:38:00.000Z","2023-08-16T00:30:00.000Z","OUT","N","FUL","0.02","56.780667000000001","-121.71033300000001","6668"
"2023-N72609","bc","PDT","2023-08-07T23:30:00.000Z","2023-08-15T23:30:00.000Z","OUT","N","FUL","0.30","49.560665999999998","-116.74638299999999","6668"
"2023-K62575","bc","PDT","2023-08-07T03:37:00.000Z","2023-08-15T23:01:00.000Z","OUT","H","FUL","15.78","49.488967000000002","-120.649917","6668"
"2023-N72513","bc","PDT","2023-08-06T03:30:00.000Z","2023-08-15T23:01:00.000Z","OUT","N","FUL","0.01","49.203049999999998","-116.9748","6668"
"HEA_FIRE_013","on","GMT","2023-08-15T13:30:00.000Z","2023-08-15T23:00:00.000Z","OUT","N","FUL","0.10","49.5175","-82.921","6668"
"2023-K62618","bc","PDT","2023-08-08T01:35:00.000Z","2023-08-15T22:30:00.000Z","OUT","N","FUL","0.01","49.674250000000001","-120.58825","6668"
"2023-N52749","bc","PDT","2023-08-14T21:44:00.000Z","2023-08-15T22:30:00.000Z","OUT","N","FUL","0.04","49.320799999999998","-117.1797","6668"
"2023-N72523","bc","PDT","2023-08-06T17:38:00.000Z","2023-08-15T22:01:00.000Z","OUT","N","FUL","0.07","49.233367000000001","-116.856617","6668"
"2023-V30948","bc","PDT","2023-06-28T01:00:00.000Z","2023-08-15T21:30:00.000Z","OUT","N","FUL","0.01","50.182215999999997","-122.966633","6668"
"2023-N22637","bc","PDT","2023-08-08T18:18:00.000Z","2023-08-15T21:01:00.000Z","OUT","N","FUL","0.10","51.054699999999997","-116.877617","6668"
"2023-G32612","bc","PDT","2023-08-08T00:33:00.000Z","2023-08-15T21:01:00.000Z","OUT","H","FUL","0.01","52.768917000000002","-119.157417","6668"
"62","qc","EST","2023-05-10T20:20:00.000Z","2023-08-15T20:20:20.000Z","OUT","H","FUL","0.20","46.1275","-74.5875","6668"
"2023-N72694","bc","PDT","2023-08-11T20:39:00.000Z","2023-08-15T20:01:00.000Z","OUT","N","FUL","0.90","50.539932999999998","-117.40306699999999","6668"
"2023-R11497","bc","PDT","2023-07-10T21:21:00.000Z","2023-08-15T19:30:00.000Z","OUT","N","FUL","0.01","54.268883000000002","-126.026583","6668"
"2023-G91722","bc","PDT","2023-07-15T18:56:00.000Z","2023-08-15T19:01:00.000Z","BH","N","MON","42.00","59.435583000000001","-123.73445","6668"
"2023-G91013","bc","PDT","2023-06-30T21:33:00.000Z","2023-08-15T19:01:00.000Z","BH","N","MOD","3764.80","59.643116999999997","-123.22411700000001","6668"
"2023-R12564","bc","PDT","2023-08-07T02:07:00.000Z","2023-08-15T19:01:00.000Z","OUT","N","FUL","0.03","54.297916999999998","-125.614367","6668"
"2023-G91741","bc","PDT","2023-07-16T01:20:00.000Z","2023-08-15T19:01:00.000Z","BH","N","MON","0.50","59.434550000000002","-123.67019999999999","6668"
"2023-G90709","bc","PDT","2023-06-10T19:55:00.000Z","2023-08-15T19:01:00.000Z","BH","N","MOD","37793.90","59.826500000000003","-123.551883","6668"
"PWF-131-2023","ab","MST","2023-08-15T23:46:00.000Z","2023-08-15T18:40:00.000Z","OUT","H","FUL","0.01","56.314617","-117.3475","6668"
"2023-K42630","bc","PDT","2023-08-08T15:06:00.000Z","2023-08-15T18:30:00.000Z","OUT","H","FUL","0.05","50.227583000000003","-119.502583","6668"
"2023-G80867","bc","PDT","2023-06-24T18:00:00.000Z","2023-08-15T18:30:00.000Z","UC","N","FUL","70.00","56.708616999999997","-120.04095","6668"
"2023-N72502","bc","PDT","2023-08-06T00:17:00.000Z","2023-08-15T18:01:00.000Z","OUT","N","FUL","0.40","49.22795","-116.555617","6668"
"2023-G71672","bc","PDT","2023-07-14T00:28:00.000Z","2023-08-15T18:01:00.000Z","OUT","N","FUL","1.60","55.318199999999997","-121.822883","6668"
"NO091","mb","CDT","2023-07-22T05:00:00.000Z","2023-08-15T16:18:00.000Z","OUT","H","FUL","0.10","54.16556","-97.64639","6668"
"NO076","mb","CDT","2023-07-03T05:00:00.000Z","2023-08-15T16:17:00.000Z","OUT","N","FUL","18.00","54.80444","-97.08361","6668"
"NO071","mb","CDT","2023-07-02T05:00:00.000Z","2023-08-15T16:16:00.000Z","OUT","N","FUL","0.10","54.90000","-97.87222","6668"
"62502","nb","ADT","2023-08-04T11:35:26.000Z","2023-08-15T16:05:00.000Z","OUT","U","FUL","7.00","47.3797","-65.77072","6668"
"NO055","mb","CDT","2023-06-29T05:00:00.000Z","2023-08-15T15:45:00.000Z","OUT","N","MON","554.00","54.34972","-98.40750","6668"
"NO052","mb","CDT","2023-06-26T05:00:00.000Z","2023-08-15T15:43:00.000Z","OUT","H","FUL","1.00","53.95972","-97.83000","6668"
"NO049","mb","CDT","2023-06-25T05:00:00.000Z","2023-08-15T15:42:00.000Z","OUT","H","MON","2.00","54.57222","-98.10778","6668"
"NO009","mb","CDT","2023-05-15T05:00:00.000Z","2023-08-15T15:39:00.000Z","OUT","H","FUL","68.00","54.10139","-97.65889","6668"
"NO010","mb","CDT","2023-05-19T05:00:00.000Z","2023-08-15T15:39:00.000Z","OUT","H","MON","1.00","54.06500","-97.71333","6668"
"NO005","mb","CDT","2023-05-15T05:00:00.000Z","2023-08-15T15:38:00.000Z","OUT","H","FUL","0.10","54.10278","-97.66028","6668"
"NO004","mb","CDT","2023-05-15T05:00:00.000Z","2023-08-15T15:38:00.000Z","OUT","H","FUL","0.10","54.10306","-97.65861","6668"
"NO003","mb","CDT","2023-05-13T05:00:00.000Z","2023-08-15T15:37:00.000Z","OUT","H","FUL","0.20","53.94028","-97.88528","6668"
"23LA-FRIDAY","sk","CST","2023-07-21T15:43:55.000Z","2023-08-15T15:24:38.000Z","OUT","N","FUL","108.40","54.637967","-104.41145","6668"
"23LA-NICOLE","sk","CST","2023-07-25T15:50:34.000Z","2023-08-15T15:11:44.000Z","OUT","N","MOD","1056.00","55.904871","-105.559947","6668"
"NIP_FIRE_105","on","GMT","2023-08-14T17:42:00.000Z","2023-08-15T15:00:00.000Z","OUT","N","FUL","0.20","51.6748","-85.9983","6668"
"PWF-117-2023","ab","MST","2023-07-22T19:40:00.000Z","2023-08-15T14:34:00.000Z","OUT","N","FUL","0.02","55.755967","-116.662617","6668"
"23BN-BENT","sk","CST","2023-07-29T15:38:43.000Z","2023-08-15T14:29:16.000Z","OUT","N","MOD","1371.00","56.71475","-108.353717","6668"
"52","qc","EST","2023-05-06T15:00:00.000Z","2023-08-15T13:52:14.000Z","OUT","H","FUL","0.00","46.0272","-74.6711","6668"
"DRY_FIRE_034","on","GMT","2023-08-14T20:45:00.000Z","2023-08-15T13:30:00.000Z","OUT","H","FUL","0.10","50.1182","-92.3253","6668"
"CWF-066-2023","ab","MST","2023-08-14T21:45:00.000Z","2023-08-15T13:20:00.000Z","OUT","H","FUL","0.01","51.0748","-115.079867","6668"
"CWF-065-2023","ab","MST","2023-08-14T23:30:00.000Z","2023-08-15T09:30:00.000Z","OUT","N","FUL","0.03","51.135533","-114.9013","6668"
"2023-K62682","bc","PDT","2023-08-11T00:39:00.000Z","2023-08-15T03:01:00.000Z","OUT","N","FUL","0.10","49.928016999999997","-120.58685","6668"
"2023-G12524","bc","PDT","2023-08-06T17:51:00.000Z","2023-08-15T02:01:00.000Z","OUT","N","FUL","0.01","53.712282999999999","-123.01845","6668"
"2023-N52686","bc","PDT","2023-08-11T04:17:00.000Z","2023-08-15T01:01:00.000Z","OUT","N","FUL","0.01","49.371482999999998","-117.663267","6668"
"2023-G92279","bc","PDT","2023-07-26T18:28:00.000Z","2023-08-14T23:01:00.000Z","OUT","N","FUL","0.10","58.213500000000003","-122.810367","6668"
"2023-N72500","bc","PDT","2023-08-06T00:10:00.000Z","2023-08-14T23:01:00.000Z","OUT","N","FUL","3.00","49.221666999999997","-117.12195","6668"
"2023-G11191","bc","PDT","2023-07-07T21:30:00.000Z","2023-08-14T23:00:00.000Z","OUT","N","FUL","0.10","53.886167","-121.495167","6668"
"2023-G90647","bc","PDT","2023-06-06T21:52:00.000Z","2023-08-14T23:00:00.000Z","OUT","N","FUL","0.18","59.133482999999998","-121.27248299999999","6668"
"2023XY019","yt","PDT","2023-07-09T00:51:00.000Z","2023-08-14T22:07:00.000Z","UC","N","FUL","1546.00","60.82647","-135.7492","6668"
"2023-K62600","bc","PDT","2023-08-07T20:15:00.000Z","2023-08-14T22:01:00.000Z","OUT","N","FUL","0.01","49.814700000000002","-121.16116700000001","6668"
"2023-N22692","bc","PDT","2023-08-11T20:01:00.000Z","2023-08-14T22:01:00.000Z","OUT","H","FUL","0.01","50.191267000000003","-116.048833","6668"
"2023-C30572","bc","PDT","2023-06-03T00:28:00.000Z","2023-08-14T21:30:00.000Z","OUT","N","MON","25.00","52.692366999999997","-120.48603300000001","6668"
"2023-C30446","bc","PDT","2023-05-21T01:42:00.000Z","2023-08-14T21:30:00.000Z","UC","N","MON","241.70","52.837350000000001","-120.4661","6668"
"47","qc","EST","2023-05-08T17:00:00.000Z","2023-08-14T21:15:07.000Z","OUT","H","FUL","0.20","48.2536","-77.965","6668"
"SLK_FIRE_072","on","GMT","2023-07-08T15:26:00.000Z","2023-08-14T20:00:00.000Z","OUT","N","MON","5.00","51.0859","-89.2838","6668"
"35","qc","EST","2023-05-07T19:00:00.000Z","2023-08-14T19:52:40.000Z","OUT","H","FUL","0.00","46.8222","-75.6219","6668"
"27","qc","EST","2023-05-06T20:15:00.000Z","2023-08-14T19:51:35.000Z","OUT","H","FUL","0.20","45.7028","-74.1397","6668"
"18","qc","EST","2023-04-28T17:00:00.000Z","2023-08-14T19:43:18.000Z","OUT","H","FUL","0.00","46.4019","-74.9819","6668"
"12","qc","EST","2023-04-15T22:40:00.000Z","2023-08-14T19:35:44.000Z","OUT","H","FUL","0.30","45.8514","-76.0433","6668"
"2023-K62471","bc","PDT","2023-08-05T00:30:00.000Z","2023-08-14T19:30:00.000Z","OUT","H","FUL","0.01","49.086799999999997","-120.607783","6668"
"2023-K62642","bc","PDT","2023-08-08T19:13:00.000Z","2023-08-14T19:30:00.000Z","OUT","N","FUL","0.01","50.009082999999997","-120.725633","6668"
"2023-K62326","bc","PDT","2023-07-30T03:17:00.000Z","2023-08-14T19:30:00.000Z","OUT","N","FUL","0.01","50.137867","-120.666583","6668"
"2023-G32645","bc","PDT","2023-08-08T22:09:00.000Z","2023-08-14T19:30:00.000Z","OUT","N","FUL","0.01","52.270667000000003","-119.31916699999999","6668"
"2023-R31390","bc","PDT","2023-07-09T19:56:00.000Z","2023-08-14T19:30:00.000Z","OUT","N","FUL","0.40","54.902149999999999","-127.33875","6668"
"FOR_FIRE_034","on","GMT","2023-08-09T21:28:00.000Z","2023-08-14T19:13:00.000Z","OUT","N","FUL","0.30","49.087","-91.6926","6668"
"2023-K62314","bc","PDT","2023-07-29T21:27:00.000Z","2023-08-14T19:01:00.000Z","OUT","H","FUL","0.60","50.100133","-120.7938","6668"
"NIP_FIRE_043","on","GMT","2023-07-08T16:55:00.000Z","2023-08-14T19:00:00.000Z","OUT","N","MON","257.60","53.4902","-87.8313","6668"
"HWF-030-2023","ab","MST","2023-05-02T21:29:00.000Z","2023-08-14T19:00:00.000Z","UC","U","FUL","96582.00","58.468","-114.483875","6668"
"2023-R12563","bc","PDT","2023-08-07T02:02:00.000Z","2023-08-14T18:30:00.000Z","OUT","N","FUL","0.02","54.306882999999999","-125.61536700000001","6668"
"NIP_FIRE_039","on","GMT","2023-07-06T19:13:00.000Z","2023-08-14T18:13:00.000Z","OUT","N","MON","70.90","51.9495","-87.5303","6668"
"2023-G12745","bc","PDT","2023-08-14T07:23:00.000Z","2023-08-14T18:01:00.000Z","OUT","H","FUL","0.01","53.867150000000002","-123.31908300000001","6668"
"2023-K52581","bc","PDT","2023-08-07T05:13:00.000Z","2023-08-14T18:01:00.000Z","OUT","N","FUL","0.14","49.068416999999997","-119.315833","6668"
"2023-G12175","bc","PDT","2023-07-23T05:26:00.000Z","2023-08-14T18:01:00.000Z","OUT","N","FUL","0.01","53.831282999999999","-121.80166699999999","6668"
"PWF-067-2023","ab","MST","2023-06-24T22:55:00.000Z","2023-08-14T18:00:00.000Z","UC","N","FUL","5248.00","57.647957","-117.89074","6668"
"2023-K52451","bc","PDT","2023-08-04T02:03:00.000Z","2023-08-14T17:30:00.000Z","OUT","H","FUL","0.01","49.781999999999996","-119.4633","6668"
"2023-G42520","bc","PDT","2023-08-06T06:27:00.000Z","2023-08-14T17:01:00.000Z","OUT","N","FUL","0.01","53.92745","-123.95874999999999","6668"
"2023-N52736","bc","PDT","2023-08-13T23:58:00.000Z","2023-08-14T16:30:00.000Z","OUT","N","FUL","0.01","49.323616999999999","-117.3197","6668"
"RED_FIRE_072","on","GMT","2023-08-13T23:18:00.000Z","2023-08-14T15:45:00.000Z","OUT","N","FUL","0.10","51.7957","-92.6942","6668"
"LWF-177-2023","ab","MST","2023-08-14T20:55:00.000Z","2023-08-14T15:05:00.000Z","OUT","H","FUL","0.04","54.565383","-111.004367","6668"
"EA086","mb","CDT","2023-08-07T05:00:00.000Z","2023-08-14T15:04:00.000Z","OUT","N","FUL","0.60","52.43583","-98.79083","6668"
"EA087","mb","CDT","2023-08-11T05:00:00.000Z","2023-08-14T15:04:00.000Z","OUT","N","FUL","0.10","50.95500","-95.57083","6668"
"23LA-NEEDLE","sk","CST","2023-08-09T17:41:45.000Z","2023-08-14T14:36:36.000Z","OUT","N","MOD","0.80","55.363483","-104.542317","6668"
"23LA-MOMO","sk","CST","2023-08-09T17:05:55.000Z","2023-08-14T14:36:28.000Z","OUT","N","MOD","0.10","55.331333","-104.620833","6668"
"WE060","mb","CDT","2023-08-03T05:00:00.000Z","2023-08-14T14:19:00.000Z","OUT","N","FUL","11.30","52.94583","-99.35778","6668"
"SUD_FIRE_042","on","GMT","2023-08-13T21:25:00.000Z","2023-08-14T13:30:00.000Z","OUT","N","FUL","0.10","46.1463","-82.0935","6668"
"23LA-MACPHER","sk","CST","2023-08-09T16:42:47.000Z","2023-08-14T12:30:37.000Z","OUT","N","MOD","0.60","55.335833","-104.4525","6668"
"NO121","mb","CDT","2023-08-11T05:00:00.000Z","2023-08-14T10:27:00.000Z","OUT","N","MON","333.00","57.25306","-93.46722","6668"
"NO089","mb","CDT","2023-07-21T05:00:00.000Z","2023-08-14T10:27:00.000Z","OUT","N","MON","1150.00","57.47500","-95.52611","6668"
"NO075","mb","CDT","2023-07-02T05:00:00.000Z","2023-08-14T10:27:00.000Z","OUT","N","MON","5.00","55.84806","-94.42750","6668"
"NO024","mb","CDT","2023-06-11T05:00:00.000Z","2023-08-14T10:27:00.000Z","OUT","N","MON","2030.00","56.15917","-91.59333","6668"
"PWF-130-2023","ab","MST","2023-08-12T00:42:00.000Z","2023-08-14T09:45:00.000Z","OUT","H","FUL","0.01","56.493183","-116.503717","6668"
"NO014","mb","CDT","2023-06-08T05:00:00.000Z","2023-08-14T09:20:00.000Z","OUT","N","FUL","2.20","55.49639","-97.27250","6668"
"23HB-BRUSH02","sk","CST","2023-08-12T09:30:14.000Z","2023-08-14T08:40:48.000Z","OUT","H","FUL","0.10","52.92232","-102.49091","6668"
"2023BA15","pc","MDT","2023-08-15T02:10:25.000Z","2023-08-14T07:00:00.000Z","OUT","N","FUL","0.04","51.309","-115.9808","6668"
"2023-N72731","bc","PDT","2023-08-13T22:02:00.000Z","2023-08-14T05:01:00.000Z","OUT","N","FUL","0.01","49.435333","-117.282033","6668"
"2023-N12602","bc","PDT","2023-08-07T20:29:00.000Z","2023-08-14T01:30:00.000Z","OUT","N","FUL","1.30","49.296532999999997","-115.252117","6668"
"2023-N52661","bc","PDT","2023-08-09T16:05:00.000Z","2023-08-14T01:30:00.000Z","OUT","N","FUL","0.20","49.760283000000001","-117.28058299999999","6668"
"2023-G12719","bc","PDT","2023-08-13T05:11:00.000Z","2023-08-14T00:30:00.000Z","OUT","N","FUL","0.01","53.750633000000001","-123.19588299999999","6668"
"2023-N52574","bc","PDT","2023-08-07T03:25:00.000Z","2023-08-14T00:30:00.000Z","OUT","N","FUL","0.80","49.709417000000002","-117.45228299999999","6668"
"NIP_FIRE_066","on","GMT","2023-07-28T22:18:00.000Z","2023-08-13T23:26:00.000Z","OUT","N","MON","0.10","51.4409","-88.8913","6668"
"NIP_FIRE_097","on","GMT","2023-08-08T14:52:00.000Z","2023-08-13T23:00:00.000Z","OUT","N","FUL","3.00","51.563","-87.6874","6668"
"2023-N52361","bc","PDT","2023-07-31T17:01:00.000Z","2023-08-13T22:30:00.000Z","OUT","N","FUL","0.27","49.959017000000003","-117.7987","6668"
"2023-N52710","bc","PDT","2023-08-12T21:16:00.000Z","2023-08-13T22:30:00.000Z","OUT","N","FUL","0.14","49.731883000000003","-117.422383","6668"
"CWF-064-2023","ab","MST","2023-08-14T03:42:00.000Z","2023-08-13T21:50:00.000Z","OUT","H","FUL","0.01","50.900833","-114.692617","6668"
"2023-N12591","bc","PDT","2023-08-07T17:22:00.000Z","2023-08-13T21:30:00.000Z","OUT","N","FUL","0.04","49.121049999999997","-115.357033","6668"
"RED_FIRE_071","on","GMT","2023-08-12T21:43:00.000Z","2023-08-13T20:00:00.000Z","OUT","N","FUL","0.40","51.7369","-92.586","6668"
"2023-N12607","bc","PDT","2023-08-07T23:12:00.000Z","2023-08-13T19:30:00.000Z","OUT","H","FUL","0.10","49.564500000000002","-115.66204999999999","6668"
"NIP_FIRE_037","on","GMT","2023-07-06T18:20:00.000Z","2023-08-13T18:41:00.000Z","OUT","N","MON","306.70","52.3818","-87.494","6668"
"NIP_FIRE_047","on","GMT","2023-07-09T17:05:00.000Z","2023-08-13T18:31:00.000Z","OUT","N","MON","1.00","52.638","-87.5785","6668"
"43","qc","EST","2023-05-07T23:00:00.000Z","2023-08-13T18:18:38.000Z","OUT","H","FUL","0.00","45.7164","-74.0947","6668"
"39","qc","EST","2023-05-07T21:30:00.000Z","2023-08-13T17:56:54.000Z","OUT","H","FUL","0.00","46.2808","-75.5939","6668"
"NIP_FIRE_042","on","GMT","2023-07-07T15:42:00.000Z","2023-08-13T17:35:00.000Z","OUT","N","MON","63.70","53.1985","-87.0576","6668"
"NIP_FIRE_094","on","GMT","2023-08-06T17:18:00.000Z","2023-08-13T16:00:00.000Z","OUT","N","FUL","3.30","49.1022","-86.7321","6668"
"23SR-SEGUIN","sk","CST","2023-07-22T12:38:50.000Z","2023-08-13T15:18:31.000Z","OUT","N","MOD","16367.90","59.729731","-105.237048","6668"
"NIP_FIRE_062","on","GMT","2023-07-23T19:57:00.000Z","2023-08-13T14:57:00.000Z","OUT","N","MON","0.60","51.2466","-86.8989","6668"
"SLK_FIRE_092","on","GMT","2023-08-12T22:42:00.000Z","2023-08-13T14:55:00.000Z","OUT","N","FUL","0.20","51.4006","-90.0304","6668"
"23LA-HAWK","sk","CST","2023-07-22T08:45:10.000Z","2023-08-13T14:21:32.000Z","OUT","N","MOD","48.30","55.697873","-105.762178","6668"
"23SR-PHELPS","sk","CST","2023-07-22T17:28:41.000Z","2023-08-13T14:00:50.000Z","OUT","N","MOD","3307.10","59.130258","-103.283011","6668"
"23SF-DITCH20","sk","CST","2023-08-13T13:20:41.000Z","2023-08-13T14:00:32.000Z","OUT","H","MOD","0.20","49.892042","-103.459154","6668"
"23PA-NISBET","sk","CST","2023-08-13T10:00:13.000Z","2023-08-13T12:02:42.000Z","OUT","H","FUL","0.10","53.229733","-105.91095","6668"
"SWF-068-2023","ab","MST","2023-05-05T19:12:00.000Z","2023-08-13T12:00:00.000Z","UC","N","FUL","143039.00","55.877833","-116.407667","6668"
"2023BA14","pc","MDT","2023-08-13T20:32:05.000Z","2023-08-13T07:00:00.000Z","OUT","H","FUL","0.00","51.2349","-115.4894","6668"
"2023-N72104","bc","PDT","2023-07-22T18:02:00.000Z","2023-08-13T02:01:00.000Z","OUT","N","FUL","8.80","50.601467","-117.392867","6668"
"FOR_FIRE_037","on","GMT","2023-08-11T00:42:00.000Z","2023-08-12T23:50:00.000Z","OUT","N","FUL","0.10","48.5088","-91.5948","6668"
"CHA_FIRE_018","on","GMT","2023-08-11T21:48:00.000Z","2023-08-12T22:58:00.000Z","OUT","N","FUL","0.20","48.1653","-82.8965","6668"
"FOR_FIRE_038","on","GMT","2023-08-11T00:43:00.000Z","2023-08-12T22:50:00.000Z","OUT","N","FUL","0.20","48.2229","-91.5021","6668"
"2023-N52701","bc","PDT","2023-08-12T01:45:00.000Z","2023-08-12T22:30:00.000Z","OUT","N","FUL","0.01","50.774217","-117.7462","6668"
"2023-R31599","bc","PDT","2023-07-12T21:17:00.000Z","2023-08-12T22:01:00.000Z","OUT","N","FUL","0.90","55.384399999999999","-126.596633","6668"
"2023-N22699","bc","PDT","2023-08-12T01:31:00.000Z","2023-08-12T21:01:00.000Z","OUT","N","FUL","0.01","51.086799999999997","-116.8425","6668"
"2023-N12696","bc","PDT","2023-08-11T22:07:00.000Z","2023-08-12T21:01:00.000Z","OUT","N","FUL","0.01","49.511833000000003","-115.49930000000001","6668"
"2023-N52509","bc","PDT","2023-08-06T01:46:00.000Z","2023-08-12T20:01:00.000Z","OUT","N","FUL","0.20","49.370167000000002","-117.459333","6668"
"2023-N52556","bc","PDT","2023-08-07T01:01:00.000Z","2023-08-12T19:30:00.000Z","OUT","N","FUL","0.02","49.898949999999999","-117.476","6668"
"2023-N12362","bc","PDT","2023-07-31T17:03:00.000Z","2023-08-12T19:30:00.000Z","OUT","N","FUL","0.05","49.820283000000003","-114.79575","6668"
"2023-N12697","bc","PDT","2023-08-11T22:15:00.000Z","2023-08-12T19:01:00.000Z","OUT","N","FUL","0.01","49.540300000000002","-115.513583","6668"
"NIP_FIRE_065","on","GMT","2023-07-25T21:20:00.000Z","2023-08-12T19:00:00.000Z","OUT","N","FUL","0.10","48.7932","-86.584","6668"
"NIP_FIRE_093","on","GMT","2023-08-06T00:19:00.000Z","2023-08-12T19:00:00.000Z","OUT","N","FUL","0.10","49.1559","-87.6908","6668"
"23LA-SUTTLE","sk","CST","2023-06-13T17:13:17.000Z","2023-08-12T16:19:14.000Z","OUT","N","MOD","1456.20","56.52935","-105.531183","6668"
"WWF-015-2023","ab","MST","2023-04-29T23:29:00.000Z","2023-08-12T16:00:00.000Z","OUT","H","FUL","47.98","54.093682","-115.321182","6668"
"HWF-078-2023","ab","MST","2023-06-24T22:40:00.000Z","2023-08-12T15:30:00.000Z","OUT","N","FUL","18.90","57.4369","-115.1395","6668"
"23LA-MATHESON","sk","CST","2023-08-08T13:13:46.000Z","2023-08-12T14:50:01.000Z","OUT","H","MOD","0.10","55.335917","-105.71571","6668"
"23SF-DITCH19","sk","CST","2023-08-11T15:39:55.000Z","2023-08-12T12:23:03.000Z","OUT","H","MOD","2.00","50.433897","-106.91687","6668"
"HWF-066-2023","ab","MST","2023-06-11T21:02:00.000Z","2023-08-12T12:17:01.000Z","OUT","N","FUL","11.30","57.4107","-115.221217","6668"
"2023-N52664","bc","PDT","2023-08-10T00:43:00.000Z","2023-08-12T04:01:00.000Z","OUT","N","FUL","0.01","49.429217000000001","-117.68041700000001","6668"
"2023-K71317","bc","PDT","2023-07-09T00:07:00.000Z","2023-08-12T02:30:00.000Z","OUT","N","FUL","0.10","50.557749999999999","-121.693917","6668"
"2023-N72677","bc","PDT","2023-08-10T20:10:00.000Z","2023-08-12T01:30:00.000Z","OUT","N","FUL","0.30","49.200000000000003","-116.459633","6668"
"2023-G12217","bc","PDT","2023-07-24T01:02:00.000Z","2023-08-12T00:30:00.000Z","OUT","N","FUL","0.01","54.783332999999999","-122.37566700000001","6668"
"2023-K22665","bc","PDT","2023-08-10T02:27:00.000Z","2023-08-12T00:01:00.000Z","OUT","N","FUL","0.01","50.771366999999998","-120.640317","6668"
"2023-K22670","bc","PDT","2023-08-10T03:17:00.000Z","2023-08-12T00:01:00.000Z","OUT","N","FUL","0.01","50.824832999999998","-120.53018299999999","6668"
"2023-K62639","bc","PDT","2023-08-08T18:31:00.000Z","2023-08-11T23:30:00.000Z","OUT","N","FUL","0.01","49.674717000000001","-120.95565000000001","6668"
"2023-G51542","bc","PDT","2023-07-11T16:43:00.000Z","2023-08-11T22:01:00.000Z","OUT","N","FUL","32.00","54.626232999999999","-124.00313300000001","6668"
"2023-G91355","bc","PDT","2023-07-09T03:06:00.000Z","2023-08-11T22:01:00.000Z","BH","N","MON","350.00","59.668999999999997","-122.625","6668"
"2023-R31367","bc","PDT","2023-07-09T03:20:00.000Z","2023-08-11T22:01:00.000Z","OUT","N","FUL","0.07","54.962833330000002","-127.40611667","6668"
"2023-G92143","bc","PDT","2023-07-23T01:15:00.000Z","2023-08-11T22:01:00.000Z","BH","N","MON","0.01","59.107550000000003","-123.31911700000001","6668"
"2023-R32371","bc","PDT","2023-07-31T20:03:00.000Z","2023-08-11T21:30:00.000Z","OUT","N","FUL","0.02","55.006500000000003","-127.40216667","6668"
"2023-G12061","bc","PDT","2023-07-22T01:42:00.000Z","2023-08-11T21:30:00.000Z","OUT","H","FUL","0.01","54.957250000000002","-122.992833","6668"
"2023-K22457","bc","PDT","2023-08-04T16:31:00.000Z","2023-08-11T21:30:00.000Z","OUT","N","FUL","0.60","50.950533","-121.57905","6668"
"2023-G41588","bc","PDT","2023-07-12T16:46:00.000Z","2023-08-11T20:30:00.000Z","OUT","N","MON","10.00","54.185867000000002","-124.933333","6668"
"GWF-058-2023","ab","MST","2023-08-12T00:58:00.000Z","2023-08-11T20:20:00.000Z","OUT","H","FUL","0.01","55.603283","-119.4753","6668"
"2023-R42308","bc","PDT","2023-07-29T00:42:00.000Z","2023-08-11T20:01:00.000Z","OUT","N","FUL","0.36","55.531332999999997","-127.96129999999999","6668"
"2023-N41891","bc","PDT","2023-07-19T21:20:00.000Z","2023-08-11T19:30:00.000Z","OUT","N","FUL","0.01","51.767716999999998","-117.567033","6668"
"NIP_FIRE_074","on","GMT","2023-08-02T21:24:00.000Z","2023-08-11T19:03:00.000Z","OUT","N","FUL","0.10","50.8614","-87.624","6668"
"2023-N12653","bc","PDT","2023-08-09T02:45:00.000Z","2023-08-11T18:30:00.000Z","OUT","N","FUL","0.01","49.328800000000001","-115.7483","6668"
"2023-G41509","bc","PDT","2023-07-10T23:22:00.000Z","2023-08-11T18:30:00.000Z","UC","N","MON","104.40","53.528350000000003","-125.049667","6668"
"2023-G51902","bc","PDT","2023-07-19T23:10:00.000Z","2023-08-11T18:30:00.000Z","OUT","N","FUL","7.40","55.774116999999997","-126.118633","6668"
"2023-G40324","bc","PDT","2023-05-15T21:42:00.000Z","2023-08-11T18:30:00.000Z","OUT","N","FUL","142.68","53.952266999999999","-124.51988299999999","6668"
"2023-K62638","bc","PDT","2023-08-08T18:30:00.000Z","2023-08-11T18:01:00.000Z","OUT","N","FUL","0.01","49.670817","-120.94331699999999","6668"
"2023-K41928","bc","PDT","2023-07-20T19:15:00.000Z","2023-08-11T18:01:00.000Z","OUT","N","FUL","0.20","51.463667000000001","-118.852767","6668"
"23LA-WALKER","sk","CST","2023-08-09T16:01:51.000Z","2023-08-11T18:00:03.000Z","OUT","N","MOD","0.10","55.587017","-104.75545","6668"
"NIP_FIRE_090","on","GMT","2023-08-05T19:20:00.000Z","2023-08-11T18:00:00.000Z","OUT","N","FUL","1.80","49.1337","-87.7052","6668"
"NOR_FIRE_015","on","GMT","2023-08-11T14:28:00.000Z","2023-08-11T17:30:00.000Z","OUT","N","FUL","0.10","46.9092","-79.4363","6668"
"2023-G70645","bc","PDT","2023-06-06T20:41:00.000Z","2023-08-11T17:01:00.000Z","UC","N","FUL","25095.00","55.154049999999998","-120.66973299999999","6668"
"2023-G72666","bc","PDT","2023-08-10T02:21:00.000Z","2023-08-11T16:30:00.000Z","OUT","N","FUL","0.01","55.638216999999997","-121.756383","6668"
"2023-C22652","bc","PDT","2023-08-09T01:31:00.000Z","2023-08-11T16:30:00.000Z","OUT","H","FUL","0.60","52.102832999999997","-122.006033","6668"
"NIP_FIRE_083","on","GMT","2023-08-04T20:43:00.000Z","2023-08-11T16:00:00.000Z","OUT","N","FUL","2.00","52.7092","-86.3179","6668"
"NIP_FIRE_095","on","GMT","2023-08-06T20:47:00.000Z","2023-08-11T16:00:00.000Z","OUT","N","FUL","3.50","50.849","-87.7535","6668"
"SWF-131-2023","ab","MST","2023-08-11T20:25:00.000Z","2023-08-11T15:47:00.000Z","OUT","N","FUL","0.20","56.70465","-115.412183","6668"
"SUD_FIRE_041","on","GMT","2023-08-11T12:00:00.000Z","2023-08-11T15:30:00.000Z","OUT","N","FUL","0.10","46.2825","-81.38","6668"
"WAW_FIRE_030","on","GMT","2023-08-10T20:00:00.000Z","2023-08-11T15:00:00.000Z","OUT","N","FUL","0.10","48.8027","-86.0555","6668"
"EA084","mb","CDT","2023-08-07T05:00:00.000Z","2023-08-11T14:36:00.000Z","OUT","U","FUL","0.90","52.08222","-95.60139","6668"
"EA078","mb","CDT","2023-08-01T05:00:00.000Z","2023-08-11T14:36:00.000Z","OUT","N","FUL","6.70","52.06250","-95.55056","6668"
"HWF-147-2023","ab","MST","2023-08-11T00:51:00.000Z","2023-08-11T11:43:00.000Z","OUT","N","FUL","0.01","58.235023","-116.459677","6668"
"GWF-057-2023","ab","MST","2023-08-11T16:50:00.000Z","2023-08-11T11:35:00.000Z","OUT","N","FUL","0.01","54.996033","-119.316667","6668"
"EWF-079-2023","ab","MST","2023-08-11T15:53:00.000Z","2023-08-11T10:50:00.000Z","OUT","H","FUL","0.01","53.909717","-119.174","6668"
"23SF-DITCH18","sk","CST","2023-07-27T10:15:36.000Z","2023-08-11T10:28:28.000Z","OUT","H","MOD","0.10","50.192752","-104.623371","6668"
"2023WP1","pc","CDT","2023-08-03T21:42:00.000Z","2023-08-11T06:00:00.000Z","OUT","N","MON","450.00","57.2509","-93.4627","6668"
"2023-N52680","bc","PDT","2023-08-10T23:47:00.000Z","2023-08-11T03:01:00.000Z","OUT","N","FUL","0.01","49.389699999999998","-117.72148300000001","6668"
"FOR_FIRE_035","on","GMT","2023-08-10T00:34:00.000Z","2023-08-11T00:25:00.000Z","OUT","N","FUL","0.10","48.3748","-91.7857","6668"
"SAU_FIRE_012","on","GMT","2023-08-05T20:42:00.000Z","2023-08-11T00:00:00.000Z","OUT","N","FUL","1.50","46.5385","-82.9467","6668"
"SUD_FIRE_029","on","GMT","2023-08-05T13:54:00.000Z","2023-08-10T23:00:00.000Z","OUT","N","FUL","2.40","46.0093","-81.7021","6668"
"FOR_FIRE_036","on","GMT","2023-08-10T16:56:00.000Z","2023-08-10T22:48:00.000Z","OUT","N","FUL","0.10","49.1291","-92.823","6668"
"2023-N72611","bc","PDT","2023-08-08T00:32:00.000Z","2023-08-10T22:30:00.000Z","OUT","N","FUL","0.01","49.674950000000003","-117.068383","6668"
"2023-N12628","bc","PDT","2023-08-08T04:33:00.000Z","2023-08-10T22:01:00.000Z","OUT","N","FUL","0.02","49.534500000000001","-115.54655","6668"
"FOR_FIRE_033","on","GMT","2023-08-09T21:23:00.000Z","2023-08-10T21:43:00.000Z","OUT","N","FUL","0.10","48.4669","-92.0089","6668"
"SLK_FIRE_090","on","GMT","2023-08-09T22:10:00.000Z","2023-08-10T20:25:00.000Z","OUT","N","FUL","0.20","50.8493","-91.9835","6668"
"SLK_FIRE_091","on","GMT","2023-08-10T16:10:00.000Z","2023-08-10T20:25:00.000Z","OUT","H","FUL","0.10","50.1628","-91.6901","6668"
"FOR_FIRE_030","on","GMT","2023-08-03T15:11:00.000Z","2023-08-10T19:40:00.000Z","OUT","N","FUL","0.30","48.4187","-91.2753","6668"
"2023-C51703","bc","PDT","2023-07-15T01:29:00.000Z","2023-08-10T19:30:00.000Z","OUT","N","FUL","0.01","52.464300000000001","-124.70008300000001","6668"
"2023-N12635","bc","PDT","2023-08-08T17:35:00.000Z","2023-08-10T19:01:00.000Z","OUT","H","FUL","0.10","49.564","-115.662133","6668"
"HWF-072-2023","ab","MST","2023-06-24T01:48:00.000Z","2023-08-10T18:15:00.000Z","UC","N","FUL","30123.00","57.692833","-116.019833","6668"
"2023-K22663","bc","PDT","2023-08-10T00:40:00.000Z","2023-08-10T17:30:00.000Z","OUT","N","FUL","0.01","50.865667000000002","-120.66345","6668"
"62522","nb","ADT","2023-08-10T16:51:29.000Z","2023-08-10T17:28:00.000Z","OUT","U","FUL","0.10","47.16505","-65.84708","6668"
"23LX-REIMER","sk","CST","2023-08-06T17:59:27.000Z","2023-08-10T17:09:31.000Z","OUT","N","FUL","1.00","55.8275","-107.534","6668"
"23LX-BEAR","sk","CST","2023-08-07T13:01:49.000Z","2023-08-10T17:04:25.000Z","OUT","N","FUL","0.30","55.819667","-107.118","6668"
"SLK_FIRE_086","on","GMT","2023-08-05T19:34:00.000Z","2023-08-10T16:45:00.000Z","OUT","N","FUL","3.00","50.6456","-90.4348","6668"
"WAW_FIRE_026","on","GMT","2023-08-07T22:48:00.000Z","2023-08-10T16:30:00.000Z","OUT","N","FUL","0.30","48.8875","-86.3458","6668"
"WAW_FIRE_029","on","GMT","2023-08-09T21:22:00.000Z","2023-08-10T16:30:00.000Z","OUT","N","FUL","0.10","48.9004","-86.2251","6668"
"RED_FIRE_069","on","GMT","2023-08-06T19:38:00.000Z","2023-08-10T16:00:00.000Z","OUT","N","FUL","0.90","50.7743","-93.815","6668"
"23WY-EDGE","sk","CST","2023-08-04T17:26:56.000Z","2023-08-10T15:31:34.000Z","OUT","N","FUL","4.50","54.870417","-106.080833","6668"
"644","qc","EST","2023-08-03T01:00:00.000Z","2023-08-10T15:24:40.000Z","OUT","H","FUL","0.00","48.5869","-67.6206","6668"
"KLK_FIRE_015","on","GMT","2023-08-07T17:31:00.000Z","2023-08-10T15:00:00.000Z","OUT","N","FUL","0.30","47.379","-80.2455","6668"
"425","qc","EST","2023-06-01T22:00:00.000Z","2023-08-10T13:56:09.000Z","OUT","N","FUL","0.10","48.2933","-69.8117","6668"
"211","qc","EST","2023-05-31T00:00:00.000Z","2023-08-10T13:21:44.000Z","OUT","H","FUL","0.00","48.1564","-69.6678","6668"
"HWF-116-2023","ab","MST","2023-07-06T19:21:00.000Z","2023-08-10T13:15:00.000Z","OUT","N","FUL","48.30","58.558117","-116.66195","6668"
"23LX-MOORE","sk","CST","2023-08-06T17:05:30.000Z","2023-08-10T10:15:18.000Z","OUT","N","FUL","1.00","55.854167","-107.7255","6668"
"2023TH5","pc","MDT","2023-08-10T23:16:41.000Z","2023-08-10T07:00:00.000Z","BH","U","FUL","200.00","62.4854","-110.4762","6668"
"2023-G11262","bc","PDT","2023-07-08T05:35:00.000Z","2023-08-10T06:01:00.000Z","OUT","N","FUL","0.01","53.391832999999998","-123.307333","6668"
"2023-G11364","bc","PDT","2023-07-09T03:49:00.000Z","2023-08-10T06:01:00.000Z","OUT","N","FUL","0.20","53.629167000000002","-123.460133","6668"
"2023-R42648","bc","PDT","2023-08-09T00:28:00.000Z","2023-08-10T02:01:00.000Z","OUT","N","FUL","0.01","55.445616999999999","-128.231717","6668"
"2023-R31464","bc","PDT","2023-07-10T04:08:00.000Z","2023-08-10T01:30:00.000Z","OUT","N","FUL","0.06","55.412550000000003","-126.6995","6668"
"2023-K51745","bc","PDT","2023-07-16T02:23:00.000Z","2023-08-10T01:01:00.000Z","OUT","H","FUL","0.01","49.872782999999998","-119.595917","6668"
"2023-N12643","bc","PDT","2023-08-08T20:20:00.000Z","2023-08-10T01:01:00.000Z","OUT","N","FUL","0.01","49.108632999999998","-115.286733","6668"
"2023-N52610","bc","PDT","2023-08-08T00:20:00.000Z","2023-08-10T00:30:00.000Z","OUT","N","FUL","0.01","49.330750000000002","-117.153133","6668"
"2023-K62595","bc","PDT","2023-08-07T18:52:00.000Z","2023-08-10T00:01:00.000Z","OUT","N","FUL","0.01","49.919049999999999","-120.44891699999999","6668"
"NIP_FIRE_103","on","GMT","2023-08-09T15:12:00.000Z","2023-08-10T00:00:00.000Z","OUT","N","FUL","0.10","49.1804","-87.3217","6668"
"2023-K52141","bc","PDT","2023-07-23T01:03:00.000Z","2023-08-09T23:30:00.000Z","OUT","N","FUL","0.01","49.565416999999997","-119.890483","6668"
"2023-N51911","bc","PDT","2023-07-20T00:32:00.000Z","2023-08-09T23:30:00.000Z","OUT","N","FUL","0.17","50.286366999999998","-118.17441700000001","6668"
"2023-K62598","bc","PDT","2023-08-07T20:14:00.000Z","2023-08-09T23:30:00.000Z","OUT","N","FUL","0.06","49.866750000000003","-121.11745000000001","6668"
"2023-K51840","bc","PDT","2023-07-18T02:11:00.000Z","2023-08-09T23:30:00.000Z","OUT","H","FUL","4.08","50.045850000000002","-119.500683","6668"
"2023-K42261","bc","PDT","2023-07-25T18:39:00.000Z","2023-08-09T23:01:00.000Z","OUT","N","FUL","0.01","50.576433000000002","-118.83458299999999","6668"
"2023-K42200","bc","PDT","2023-07-23T21:28:00.000Z","2023-08-09T22:30:00.000Z","OUT","N","FUL","0.01","50.631782999999999","-118.780233","6668"
"2023-N12657","bc","PDT","2023-08-09T15:01:00.000Z","2023-08-09T22:30:00.000Z","OUT","N","FUL","0.01","49.152667000000001","-115.235367","6668"
"2023-K52109","bc","PDT","2023-07-22T18:35:00.000Z","2023-08-09T22:30:00.000Z","OUT","N","FUL","0.01","49.768500000000003","-119.814317","6668"
"2023-K42255","bc","PDT","2023-07-25T14:11:00.000Z","2023-08-09T22:30:00.000Z","OUT","N","FUL","0.01","50.942717000000002","-119.124633","6668"
"2023-K41870","bc","PDT","2023-07-18T23:31:00.000Z","2023-08-09T22:01:00.000Z","OUT","N","FUL","0.30","50.988683000000002","-119.158867","6668"
"64","qc","EST","2023-05-10T20:45:00.000Z","2023-08-09T21:49:19.000Z","OUT","H","FUL","11.50","48.9044","-76.7828","6668"
"SUD_FIRE_038","on","GMT","2023-08-06T23:35:00.000Z","2023-08-09T21:17:00.000Z","OUT","N","FUL","1.10","46.656","-81.9325","6668"
"NIP_FIRE_099","on","GMT","2023-08-07T22:13:00.000Z","2023-08-09T21:00:00.000Z","OUT","N","FUL","0.10","48.7509","-86.2306","6668"
"2023-R51248","bc","PDT","2023-07-08T04:27:00.000Z","2023-08-09T20:30:00.000Z","OUT","N","MON","0.01","53.821216999999997","-128.54996700000001","6668"
"SUD_FIRE_039","on","GMT","2023-08-07T00:24:00.000Z","2023-08-09T19:40:00.000Z","OUT","N","FUL","0.60","46.0475","-81.5111","6668"
"217","qc","EST","2023-05-31T19:00:00.000Z","2023-08-09T19:35:26.000Z","OUT","H","FUL","0.10","48.3847","-64.7475","6668"
"356","qc","EST","2023-06-02T14:00:00.000Z","2023-08-09T19:26:13.000Z","OUT","N","FUL","0.00","48.8856","-64.7392","6668"
"2023-K22649","bc","PDT","2023-08-09T00:20:00.000Z","2023-08-09T19:01:00.000Z","OUT","H","FUL","0.01","50.844082999999998","-121.383117","6668"
"WAW_FIRE_028","on","GMT","2023-08-09T13:38:00.000Z","2023-08-09T18:30:00.000Z","OUT","H","FUL","0.10","49.0176","-85.6028","6668"
"2023-G30612","bc","PDT","2023-06-04T23:34:00.000Z","2023-08-09T18:30:00.000Z","OUT","N","FUL","277.00","52.373866999999997","-119.32835","6668"
"2023-R11995","bc","PDT","2023-07-21T06:33:00.000Z","2023-08-09T17:30:00.000Z","OUT","N","FUL","0.60","54.188417000000001","-125.824817","6668"
"2023-K52573","bc","PDT","2023-08-07T03:21:00.000Z","2023-08-09T17:30:00.000Z","OUT","N","FUL","0.01","49.479866999999999","-119.245667","6668"
"SUD_FIRE_031","on","GMT","2023-08-05T22:45:00.000Z","2023-08-09T17:00:00.000Z","OUT","N","FUL","0.90","46.0033","-81.0512","6668"
"2023-G11002","bc","PDT","2023-06-30T00:27:00.000Z","2023-08-09T15:30:00.000Z","OUT","N","FUL","0.01","53.538217000000003","-123.311283","6668"
"2023-G11062","bc","PDT","2023-07-02T03:52:00.000Z","2023-08-09T15:30:00.000Z","OUT","N","FUL","0.20","54.277833000000001","-122.1972","6668"
"2023-G11360","bc","PDT","2023-07-09T03:19:00.000Z","2023-08-09T15:30:00.000Z","OUT","N","FUL","2.50","53.516866999999998","-122.57216699999999","6668"
"HWF-124-2023","ab","MST","2023-07-09T17:50:00.000Z","2023-08-09T15:29:00.000Z","OUT","N","FUL","346.20","59.046633","-117.080833","6668"
"MWF-038-2023","ab","MST","2023-06-29T20:01:00.000Z","2023-08-09T15:00:00.000Z","UC","N","FUL","569.00","57.460167","-113.390167","6668"
"WAW_FIRE_027","on","GMT","2023-08-08T00:08:00.000Z","2023-08-09T15:00:00.000Z","OUT","N","FUL","0.10","48.704","-86.1549","6668"
"MWF-024-2023","ab","MST","2023-05-28T18:05:00.000Z","2023-08-09T15:00:00.000Z","UC","N","FUL","28454.00","57.712283","-110.6469","6668"
"MWF-026-2023","ab","MST","2023-05-28T19:05:00.000Z","2023-08-09T15:00:00.000Z","UC","N","FUL","1705.00","57.882533","-111.054033","6668"
"MWF-039-2023","ab","MST","2023-06-29T20:10:00.000Z","2023-08-09T15:00:00.000Z","UC","N","FUL","15200.00","57.421667","-113.400667","6668"
"MWF-041-2023","ab","MST","2023-06-29T21:48:00.000Z","2023-08-09T15:00:00.000Z","UC","N","FUL","100.00","57.4795","-113.258333","6668"
"MWF-048-2023","ab","MST","2023-07-03T22:38:00.000Z","2023-08-09T15:00:00.000Z","UC","N","FUL","3366.00","57.8415","-113.262833","6668"
"MWF-021-2023","ab","MST","2023-05-28T01:40:00.000Z","2023-08-09T14:59:00.000Z","UC","N","FUL","14760.00","57.693917","-113.29625","6668"
"EA085","mb","CDT","2023-08-07T05:00:00.000Z","2023-08-09T14:49:00.000Z","OUT","H","FUL","0.10","49.62528","-96.36500","6668"
"EA083","mb","CDT","2023-08-06T05:00:00.000Z","2023-08-09T14:49:00.000Z","OUT","N","FUL","0.10","50.71556","-95.63861","6668"
"SUD_FIRE_036","on","GMT","2023-08-06T23:25:00.000Z","2023-08-09T13:00:00.000Z","OUT","N","FUL","0.20","46.9036","-81.4523","6668"
"WAW_FIRE_013","on","GMT","2023-08-04T21:18:00.000Z","2023-08-09T13:00:00.000Z","OUT","N","FUL","2.40","48.9708","-85.9529","6668"
"WAW_FIRE_016","on","GMT","2023-08-05T16:22:00.000Z","2023-08-09T13:00:00.000Z","OUT","N","FUL","0.40","48.2712","-85.6517","6668"
"NIP_FIRE_101","on","GMT","2023-08-08T18:40:00.000Z","2023-08-09T11:00:00.000Z","OUT","N","FUL","0.20","49.2194","-89.2051","6668"
"62462","nb","ADT","2023-08-03T06:30:11.000Z","2023-08-09T09:37:00.000Z","OUT","U","FUL","3.00","47.52622","-66.64463","6668"
"2023-G12526","bc","PDT","2023-08-06T18:51:00.000Z","2023-08-09T05:01:00.000Z","OUT","N","FUL","0.01","53.699517","-123.000733","6668"
"2023PU4","pc","EDT","2023-08-04T16:20:29.000Z","2023-08-09T05:00:00.000Z","OUT","N","FUL","0.40","48.2708","-85.6533","6668"
"2023-G12071","bc","PDT","2023-07-22T03:14:00.000Z","2023-08-09T04:01:00.000Z","OUT","N","MOD","0.01","54.462949999999999","-121.5805","6668"
"2023-G12529","bc","PDT","2023-08-06T19:34:00.000Z","2023-08-09T02:30:00.000Z","OUT","H","FUL","0.20","54.110500000000002","-122.194633","6668"
"2023-G12397","bc","PDT","2023-08-01T22:06:00.000Z","2023-08-09T02:01:00.000Z","OUT","N","FUL","0.01","54.359583000000001","-123.241283","6668"
"2023-N52576","bc","PDT","2023-08-07T04:28:00.000Z","2023-08-09T00:01:00.000Z","OUT","N","FUL","0.06","49.309199999999997","-117.122333","6668"
"2023-K21148","bc","PDT","2023-07-06T00:15:00.000Z","2023-08-08T23:30:00.000Z","OUT","H","FUL","16.30","51.1999","-119.5736","6668"
"2023-K52042","bc","PDT","2023-07-22T00:41:00.000Z","2023-08-08T23:30:00.000Z","OUT","N","FUL","0.01","49.791733000000001","-119.72918300000001","6668"
"SUD_FIRE_037","on","GMT","2023-08-06T23:29:00.000Z","2023-08-08T23:09:00.000Z","OUT","N","FUL","0.20","47.0016","-81.3619","6668"
"2023-K52057","bc","PDT","2023-07-22T02:21:00.000Z","2023-08-08T23:00:00.000Z","OUT","N","FUL","0.10","49.744149999999998","-119.845967","6668"
"2023-V82550","bc","PDT","2023-08-06T23:50:00.000Z","2023-08-08T22:30:00.000Z","OUT","N","FUL","0.01","49.701917000000002","-125.28146700000001","6668"
"2023-K41516","bc","PDT","2023-07-11T01:32:00.000Z","2023-08-08T22:30:00.000Z","OUT","N","FUL","0.01","51.126882999999999","-119.32678300000001","6668"
"2023-G12507","bc","PDT","2023-08-06T01:31:00.000Z","2023-08-08T22:30:00.000Z","OUT","N","FUL","0.30","53.628667","-123.250167","6668"
"2023-G61186","bc","PDT","2023-07-07T18:54:00.000Z","2023-08-08T22:30:00.000Z","OUT","N","MON","12.00","56.076917000000002","-123.156933","6668"
"2023-K52069","bc","PDT","2023-07-22T03:10:00.000Z","2023-08-08T22:30:00.000Z","OUT","N","FUL","0.01","49.577733000000002","-119.6827","6668"
"2023-K41815","bc","PDT","2023-07-17T22:42:00.000Z","2023-08-08T22:01:00.000Z","OUT","N","FUL","0.10","50.470100000000002","-119.474017","6668"
"2023-K41566","bc","PDT","2023-07-11T22:54:00.000Z","2023-08-08T22:01:00.000Z","OUT","N","FUL","0.50","51.322882999999997","-119.0882","6668"
"CHA_FIRE_017","on","GMT","2023-08-07T22:21:00.000Z","2023-08-08T22:00:00.000Z","OUT","N","FUL","0.20","48.1035","-82.6743","6668"
"SUD_FIRE_034","on","GMT","2023-08-06T21:46:00.000Z","2023-08-08T21:50:00.000Z","OUT","N","FUL","0.10","46.1188","-81.1637","6668"
"2023-K42306","bc","PDT","2023-07-29T01:35:00.000Z","2023-08-08T21:30:00.000Z","OUT","N","FUL","0.01","50.624299999999998","-118.894717","6668"
"2023-G12541","bc","PDT","2023-08-06T22:27:00.000Z","2023-08-08T21:01:00.000Z","OUT","N","FUL","1.20","54.159550000000003","-122.882817","6668"
"2023-K22458","bc","PDT","2023-08-04T15:14:00.000Z","2023-08-08T21:00:00.000Z","OUT","H","FUL","0.01","50.486866999999997","-120.548383","6668"
"23WY-JUNCTION","sk","CST","2023-08-04T14:58:39.000Z","2023-08-08T20:18:38.000Z","OUT","N","FUL","3.40","54.766176","-105.670501","6668"
"2023-K22468","bc","PDT","2023-08-04T23:40:00.000Z","2023-08-08T20:01:00.000Z","OUT","H","FUL","0.01","50.652766","-120.026416","6668"
"SUD_FIRE_040","on","GMT","2023-08-07T19:52:00.000Z","2023-08-08T20:00:00.000Z","OUT","N","FUL","0.10","46.4356","-82.1545","6668"
"CWF-063-2023","ab","MST","2023-08-08T23:40:00.000Z","2023-08-08T20:00:00.000Z","OUT","N","FUL","0.01","51.0557","-114.96495","6668"
"413","qc","EST","2023-06-02T10:00:00.000Z","2023-08-08T19:42:07.000Z","OUT","N","FUL","0.40","49.2817","-68.7364","6668"
"2023-K21056","bc","PDT","2023-07-02T01:40:00.000Z","2023-08-08T19:30:00.000Z","OUT","H","FUL","0.15","50.808132999999998","-119.75","6668"
"2023-V62098","bc","PDT","2023-07-22T16:44:00.000Z","2023-08-08T18:30:00.000Z","OUT","H","FUL","0.01","49.080582999999997","-124.071383","6668"
"2023-C42496","bc","PDT","2023-08-05T23:30:00.000Z","2023-08-08T18:01:00.000Z","OUT","N","FUL","0.15","51.847966999999997","-121.817633","6668"
"2023-R22113","bc","PDT","2023-07-22T19:49:00.000Z","2023-08-08T18:01:00.000Z","OUT","N","FUL","0.20","54.476517000000001","-126.84524999999999","6668"
"2023-K62586","bc","PDT","2023-08-07T15:36:00.000Z","2023-08-08T17:30:00.000Z","OUT","N","FUL","0.01","49.405749999999998","-120.210767","6668"
"WE055","mb","CDT","2023-08-01T05:00:00.000Z","2023-08-08T17:23:00.000Z","OUT","N","FUL","1.30","54.19361","-101.67167","6668"
"2023CA003","yt","PDT","2023-07-20T23:51:00.000Z","2023-08-08T16:56:00.000Z","OUT","N","FUL","0.40","62.394","-136.5261","6668"
"2023WL004","yt","PDT","2023-06-24T04:36:00.000Z","2023-08-08T16:56:00.000Z","OUT","N","FUL","0.01","60.12192","-129.02428","6668"
"2023XY023","yt","PDT","2023-08-06T01:50:00.000Z","2023-08-08T16:55:00.000Z","OUT","N","FUL","1.00","60.551","-134.95133","6668"
"2023WL005","yt","PDT","2023-06-24T04:46:00.000Z","2023-08-08T16:55:00.000Z","OUT","N","FUL","0.34","60.3051","-128.99233","6668"
"2023RR006","yt","PDT","2023-07-18T21:09:00.000Z","2023-08-08T16:54:00.000Z","OUT","N","FUL","0.30","62.04065","-132.34693","6668"
"2023-V82567","bc","PDT","2023-08-07T02:50:00.000Z","2023-08-08T16:30:00.000Z","OUT","N","FUL","0.01","49.652883000000003","-125.57166700000001","6668"
"23","qc","EST","2023-05-05T17:00:00.000Z","2023-08-08T16:29:59.000Z","OUT","H","FUL","0.60","48.2","-77.6919","6668"
"SAU_FIRE_013","on","GMT","2023-08-06T22:49:00.000Z","2023-08-08T16:00:00.000Z","OUT","N","FUL","0.50","46.5112","-82.4661","6668"
"40","qc","EST","2023-05-07T21:00:00.000Z","2023-08-08T15:41:32.000Z","OUT","H","FUL","0.40","45.5603","-72.2781","6668"
"38","qc","EST","2023-05-06T20:20:00.000Z","2023-08-08T15:39:30.000Z","OUT","H","FUL","0.10","48.4311","-71.4878","6668"
"26","qc","EST","2023-05-06T19:45:00.000Z","2023-08-08T15:36:56.000Z","OUT","H","FUL","5.00","48.7672","-71.9031","6668"
"24","qc","EST","2023-05-05T22:02:00.000Z","2023-08-08T15:35:17.000Z","OUT","H","FUL","30.80","48.9222","-72.0533","6668"
"16","qc","EST","2023-04-22T17:30:00.000Z","2023-08-08T15:33:08.000Z","OUT","H","FUL","0.10","45.3211","-72.3283","6668"
"10","qc","EST","2023-04-12T20:00:00.000Z","2023-08-08T15:31:06.000Z","OUT","H","FUL","0.00","45.6022","-72.7219","6668"
"HWF-075-2023","ab","MST","2023-06-24T01:05:00.000Z","2023-08-08T15:00:00.000Z","OUT","N","FUL","13.00","58.67455","-114.320817","6668"
"EA072","mb","CDT","2023-07-04T05:00:00.000Z","2023-08-08T14:46:00.000Z","OUT","N","MON","20.00","52.65528","-96.70722","6668"
"EA080","mb","CDT","2023-08-04T05:00:00.000Z","2023-08-08T14:46:00.000Z","OUT","N","FUL","0.10","50.31111","-95.29917","6668"
"EA081","mb","CDT","2023-08-05T05:00:00.000Z","2023-08-08T14:46:00.000Z","OUT","N","FUL","1.00","49.90833","-95.48889","6668"
"EA082","mb","CDT","2023-08-06T05:00:00.000Z","2023-08-08T14:46:00.000Z","OUT","N","FUL","0.10","50.32639","-95.73694","6668"
"SUD_FIRE_033","on","GMT","2023-08-06T18:57:00.000Z","2023-08-08T14:00:00.000Z","OUT","N","FUL","0.10","46.0342","-81.1221","6668"
"THU_FIRE_043","on","GMT","2023-08-06T00:41:00.000Z","2023-08-08T12:30:00.000Z","OUT","N","FUL","0.50","48.866","-90.913","6668"
"CWF-062-2023","ab","MST","2023-08-08T17:10:00.000Z","2023-08-08T11:30:00.000Z","OUT","H","FUL","0.10","51.164","-114.785883","6668"
"62482","nb","ADT","2023-08-03T16:15:45.000Z","2023-08-08T09:41:00.000Z","OUT","U","FUL","0.10","47.06945","-66.2703","6668"
"2023KO11","pc","MDT","2023-08-08T19:53:50.000Z","2023-08-08T07:00:00.000Z","OUT","N","FUL","0.20","50.8157","-115.9979","6668"
"2023PU3","pc","EDT","2023-08-04T16:17:07.000Z","2023-08-08T05:00:00.000Z","OUT","N","FUL","0.90","48.3253","-86.1609","6668"
"2023-R42570","bc","PDT","2023-08-07T03:03:00.000Z","2023-08-08T02:30:00.000Z","OUT","N","FUL","0.20","55.068716999999999","-128.02175","6668"
"FOR_FIRE_032","on","GMT","2023-08-07T21:18:00.000Z","2023-08-08T01:25:00.000Z","OUT","N","FUL","0.10","49.123","-93.2268","6668"
"2023-C52592","bc","PDT","2023-08-07T18:08:00.000Z","2023-08-08T01:00:00.000Z","OUT","N","FUL","0.01","52.410266999999997","-124.70733300000001","6668"
"WAW_FIRE_019","on","GMT","2023-08-05T21:11:00.000Z","2023-08-08T00:19:00.000Z","OUT","N","FUL","0.50","48.77","-85.3185","6668"
"2023-G12464","bc","PDT","2023-08-04T20:13:00.000Z","2023-08-08T00:00:00.000Z","OUT","N","FUL","0.50","54.413249999999998","-122.22671699999999","6668"
"SUD_FIRE_032","on","GMT","2023-08-05T22:46:00.000Z","2023-08-07T23:30:00.000Z","OUT","N","FUL","0.30","45.999","-80.9685","6668"
"2023TE003","yt","PDT","2023-08-07T22:07:00.000Z","2023-08-07T23:23:00.000Z","OC","N","FUL","50.00","61.16667","-132.93333","6668"
"RED_FIRE_064","on","GMT","2023-08-02T20:56:00.000Z","2023-08-07T23:00:00.000Z","OUT","N","FUL","6.50","51.7079","-92.8863","6668"
"NIP_FIRE_076","on","GMT","2023-08-03T21:50:00.000Z","2023-08-07T22:00:00.000Z","OUT","N","FUL","0.50","49.0108","-87.7883","6668"
"2023-R12565","bc","PDT","2023-08-07T02:27:00.000Z","2023-08-07T22:00:00.000Z","OUT","N","FUL","0.02","54.176000000000002","-125.495717","6668"
"2023-N42486","bc","PDT","2023-08-05T19:49:00.000Z","2023-08-07T21:30:00.000Z","OUT","N","FUL","0.05","51.582082999999997","-118.60636700000001","6668"
"298","qc","EST","2023-06-01T22:30:00.000Z","2023-08-07T21:28:30.000Z","OUT","N","FUL","0.60","49.3303","-67.8892","6668"
"286","qc","EST","2023-06-01T19:00:00.000Z","2023-08-07T21:10:07.000Z","OUT","N","FUL","5.30","49.3461","-67.9683","6668"
"SLK_FIRE_088","on","GMT","2023-08-07T17:50:00.000Z","2023-08-07T21:00:00.000Z","OUT","N","FUL","0.10","50.1628","-91.6901","6668"
"470","qc","EST","2023-06-11T19:29:00.000Z","2023-08-07T20:42:33.000Z","OUT","N","MOD","29918.30","51.1608","-66.1956","6668"
"273","qc","EST","2023-06-01T21:44:00.000Z","2023-08-07T20:20:52.000Z","OUT","N","FUL","0.00","48.5614","-69.3089","6668"
"400","qc","EST","2023-06-02T17:00:00.000Z","2023-08-07T19:58:23.000Z","OUT","H","FUL","0.30","48.7378","-67.7486","6668"
"SUD_FIRE_035","on","GMT","2023-08-06T23:05:00.000Z","2023-08-07T19:50:00.000Z","OUT","N","FUL","0.10","46.4932","-82.444","6668"
"2023-R52282","bc","PDT","2023-07-26T07:22:00.000Z","2023-08-07T19:30:00.000Z","OUT","N","FUL","0.01","56.137282999999996","-129.29653300000001","6668"
"NOR_FIRE_013","on","GMT","2023-08-05T18:49:00.000Z","2023-08-07T19:00:00.000Z","OUT","N","FUL","0.60","46.0985","-80.107","6668"
"2023-G62516","bc","PDT","2023-08-06T04:17:00.000Z","2023-08-07T19:00:00.000Z","OUT","N","FUL","0.40","55.056866999999997","-123.039","6668"
"430","qc","EST","2023-06-01T21:00:00.000Z","2023-08-07T18:40:43.000Z","OUT","N","FUL","41.30","49.3758","-69.7906","6668"
"LWF-176-2023","ab","MST","2023-08-08T00:35:00.000Z","2023-08-07T18:37:00.000Z","OUT","H","FUL","0.05","54.763267","-114.084833","6668"
"56","qc","EST","2023-05-05T18:00:00.000Z","2023-08-07T18:20:05.000Z","OUT","H","FUL","0.10","47.5028","-72.7736","6668"
"310","qc","EST","2023-06-01T21:00:00.000Z","2023-08-07T18:11:45.000Z","OUT","N","FUL","0.80","48.97","-69.1436","6668"
"2023-N22540","bc","PDT","2023-08-06T22:10:00.000Z","2023-08-07T17:30:00.000Z","OUT","N","FUL","0.10","50.114283","-116.10298299999999","6668"
"146","qc","EST","2023-05-19T23:00:00.000Z","2023-08-07T16:45:21.000Z","OUT","H","FUL","0.10","45.9664","-71.6656","6668"
"CWF-061-2023","ab","MST","2023-08-07T22:40:00.000Z","2023-08-07T16:45:00.000Z","OUT","H","FUL","0.01","50.812083","-114.640577","6668"
"2023-R42521","bc","PDT","2023-08-06T15:39:00.000Z","2023-08-07T16:30:00.000Z","OUT","N","FUL","0.10","55.646616999999999","-127.08711700000001","6668"
"GWF-056-2023","ab","MST","2023-08-07T22:15:00.000Z","2023-08-07T16:30:00.000Z","OUT","H","FUL","0.01","55.04805","-118.197083","6668"
"CWF-059-2023","ab","MST","2023-08-07T22:15:00.000Z","2023-08-07T16:30:00.000Z","OUT","H","FUL","0.01","50.971388","-115.332778","6668"
"109","qc","EST","2023-05-13T23:00:00.000Z","2023-08-07T16:25:39.000Z","OUT","H","FUL","0.10","46.8964","-72.3642","6668"
"85","qc","EST","2023-05-13T19:00:00.000Z","2023-08-07T16:09:00.000Z","OUT","H","FUL","0.00","46.6667","-73.9856","6668"
"79","qc","EST","2023-05-12T23:30:00.000Z","2023-08-07T16:07:36.000Z","OUT","H","FUL","0.00","47.2128","-72.8931","6668"
"CWF-060-2023","ab","MST","2023-08-07T21:40:00.000Z","2023-08-07T16:00:00.000Z","OUT","H","FUL","0.01","50.85375","-114.843372","6668"
"KEN_FIRE_039","on","GMT","2023-08-06T22:35:00.000Z","2023-08-07T16:00:00.000Z","OUT","N","FUL","0.10","50.1866","-94.7055","6668"
"SLK_FIRE_084","on","GMT","2023-08-05T19:06:00.000Z","2023-08-07T16:00:00.000Z","OUT","N","FUL","0.30","50.9565","-91.1838","6668"
"WAW_FIRE_015","on","GMT","2023-08-04T22:53:00.000Z","2023-08-07T15:45:00.000Z","OUT","N","FUL","0.30","48.5889","-85.7178","6668"
"58","qc","EST","2023-05-10T15:30:00.000Z","2023-08-07T15:33:42.000Z","OUT","H","FUL","0.20","46.3033","-73.8125","6668"
"207","qc","EST","2023-05-29T17:00:00.000Z","2023-08-07T15:26:06.000Z","OUT","H","FUL","0.10","46.9439","-71.38","6668"
"121","qc","EST","2023-05-14T20:00:00.000Z","2023-08-07T15:24:09.000Z","OUT","H","FUL","0.00","45.2997","-71.9219","6668"
"101","qc","EST","2023-05-14T18:50:00.000Z","2023-08-07T15:20:17.000Z","OUT","H","FUL","0.00","46.4664","-72.9269","6668"
"48","qc","EST","2023-05-08T18:30:00.000Z","2023-08-07T15:17:53.000Z","OUT","H","FUL","0.20","47.0333","-72.2039","6668"
"23SF-NICOLLE","sk","CST","2023-08-05T16:41:57.000Z","2023-08-07T15:10:46.000Z","OUT","N","MOD","5.00","50.568978","-105.293623","6668"
"NO113","mb","CDT","2023-08-04T05:00:00.000Z","2023-08-07T15:04:00.000Z","OUT","H","FUL","0.10","55.33167","-97.72167","6668"
"NO105","mb","CDT","2023-07-30T05:00:00.000Z","2023-08-07T15:04:00.000Z","OUT","N","FUL","5.00","56.15250","-95.91722","6668"
"NO092","mb","CDT","2023-07-22T05:00:00.000Z","2023-08-07T15:04:00.000Z","OUT","N","FUL","2.00","55.59444","-98.94028","6668"
"NIP_FIRE_077","on","GMT","2023-08-03T03:59:00.000Z","2023-08-07T15:00:00.000Z","OUT","N","FUL","1.00","49.0286","-88.0417","6668"
"CWF-058-2023","ab","MST","2023-08-07T20:07:00.000Z","2023-08-07T14:16:00.000Z","OUT","H","FUL","0.01","51.550262","-115.204093","6668"
"WAW_FIRE_025","on","GMT","2023-08-07T00:41:00.000Z","2023-08-07T14:15:00.000Z","OUT","H","FUL","0.10","48.5079","-85.12","6668"
"WAW_FIRE_012","on","GMT","2023-08-04T21:11:00.000Z","2023-08-07T14:00:00.000Z","OUT","N","FUL","0.10","48.8272","-85.7437","6668"
"RWF-071-2023","ab","MST","2023-08-07T17:33:00.000Z","2023-08-07T13:00:00.000Z","OUT","N","FUL","0.01","52.043217","-116.400533","6668"
"2023KO9","pc","MDT","2023-08-07T03:53:30.000Z","2023-08-07T07:00:00.000Z","OUT","N","FUL","0.20","50.6594","-115.893","6668"
"2023KO10","pc","MDT","2023-08-07T17:15:46.000Z","2023-08-07T07:00:00.000Z","OUT","N","FUL","0.04","50.8134","-115.9721","6668"
"2023-G52511","bc","PDT","2023-08-06T03:16:00.000Z","2023-08-07T06:30:00.000Z","OUT","N","FUL","0.01","54.382717","-123.516667","6668"
"2023PA2","pc","CDT","2023-08-07T16:38:57.000Z","2023-08-07T06:00:00.000Z","OC","N","MON","20.00","54.1754","-106.1845","6668"
"2023PU2","pc","EDT","2023-08-03T15:33:51.000Z","2023-08-07T05:00:00.000Z","OUT","N","MON","0.20","48.212","-85.757","6668"
"SLK_FIRE_085","on","GMT","2023-08-05T18:59:00.000Z","2023-08-07T00:30:00.000Z","OUT","N","FUL","0.10","50.9476","-91.1898","6668"
"RED_FIRE_005","on","GMT","2023-05-25T16:20:00.000Z","2023-08-07T00:05:00.000Z","OUT","N","MOD","11748.00","53.4689","-93.2176","6668"
"2023-R32054","bc","PDT","2023-07-22T02:04:00.000Z","2023-08-07T00:00:00.000Z","OUT","N","FUL","0.01","54.90455","-127.362883","6668"
"RED_FIRE_065","on","GMT","2023-08-03T00:09:00.000Z","2023-08-07T00:00:00.000Z","OUT","N","FUL","2.00","51.1757","-92.3626","6668"
"RED_FIRE_062","on","GMT","2023-08-02T19:38:00.000Z","2023-08-06T23:30:00.000Z","OUT","N","FUL","2.70","51.2684","-93.0452","6668"
"WAW_FIRE_024","on","GMT","2023-08-06T14:44:00.000Z","2023-08-06T23:00:00.000Z","OUT","N","FUL","0.10","48.6654","-85.5798","6668"
"WAW_FIRE_023","on","GMT","2023-08-06T00:39:00.000Z","2023-08-06T23:00:00.000Z","OUT","N","FUL","0.10","48.4197","-85.8842","6668"
"2023-G70472","bc","PDT","2023-05-21T22:07:00.000Z","2023-08-06T23:00:00.000Z","OUT","N","FUL","4.00","54.889949999999999","-120.97966700000001","6668"
"2023-G12489","bc","PDT","2023-08-05T21:56:00.000Z","2023-08-06T23:00:00.000Z","OUT","N","FUL","0.01","53.541583000000003","-123.373283","6668"
"2023-C42542","bc","PDT","2023-08-06T22:42:00.000Z","2023-08-06T23:00:00.000Z","OC","H","FUL","0.01","51.939816999999998","-120.463033","6668"
"WAW_FIRE_022","on","GMT","2023-08-06T00:09:00.000Z","2023-08-06T23:00:00.000Z","OUT","H","FUL","0.10","48.5913","-85.4442","6668"
"2023-N72510","bc","PDT","2023-08-06T02:09:00.000Z","2023-08-06T22:00:00.000Z","OUT","N","FUL","0.01","49.750667","-116.730717","6668"
"RED_FIRE_063","on","GMT","2023-08-02T20:19:00.000Z","2023-08-06T21:30:00.000Z","OUT","N","FUL","3.00","52.6469","-94.0665","6668"
"NIP_FIRE_081","on","GMT","2023-08-04T18:30:00.000Z","2023-08-06T20:43:00.000Z","OUT","N","FUL","0.10","48.9883","-87.5332","6668"
"2023-G92528","bc","PDT","2023-08-06T19:49:00.000Z","2023-08-06T20:30:00.000Z","OUT","N","FUL","0.01","58.832583","-122.9798","6668"
"2023-N72503","bc","PDT","2023-08-06T00:57:00.000Z","2023-08-06T20:00:00.000Z","OUT","N","FUL","0.02","49.246617000000001","-116.58655","6668"
"NIP_FIRE_088","on","GMT","2023-08-05T19:05:00.000Z","2023-08-06T20:00:00.000Z","OUT","N","FUL","0.10","49.1697","-87.5233","6668"
"391","qc","EST","2023-06-01T20:20:00.000Z","2023-08-06T19:44:36.000Z","OUT","N","FUL","0.70","48.9942","-69.5203","6668"
"416","qc","EST","2023-06-01T21:00:00.000Z","2023-08-06T19:41:03.000Z","OUT","N","FUL","1.00","48.7406","-69.9836","6668"
"2023-N52354","bc","PDT","2023-07-31T04:10:00.000Z","2023-08-06T19:01:00.000Z","OUT","N","FUL","0.04","50.216833000000001","-117.554317","6668"
"2023-G92505","bc","PDT","2023-08-06T00:15:00.000Z","2023-08-06T19:01:00.000Z","OUT","N","FUL","0.01","58.844332999999999","-123.0637","6668"
"NIP_FIRE_091","on","GMT","2023-08-05T19:33:00.000Z","2023-08-06T19:00:00.000Z","OUT","N","FUL","0.20","49.1657","-87.87","6668"
"NIP_FIRE_092","on","GMT","2023-08-06T00:05:00.000Z","2023-08-06T19:00:00.000Z","OUT","N","FUL","0.20","50.9527","-88.5922","6668"
"WAW_FIRE_020","on","GMT","2023-08-05T22:16:00.000Z","2023-08-06T19:00:00.000Z","OUT","N","FUL","0.10","48.4851","-83.7439","6668"
"2023-G12497","bc","PDT","2023-08-05T23:31:00.000Z","2023-08-06T18:30:00.000Z","OUT","N","FUL","0.01","53.611382999999996","-123.15455","6668"
"2023-N52358","bc","PDT","2023-07-31T16:11:00.000Z","2023-08-06T18:30:00.000Z","OUT","N","FUL","0.04","50.329633000000001","-117.6268","6668"
"23SR-MANSON","sk","CST","2023-07-26T11:53:13.000Z","2023-08-06T17:29:31.000Z","OUT","N","MOD","500.10","58.615433","-103.240033","6668"
"23SR-BENTLEY","sk","CST","2023-07-22T17:19:44.000Z","2023-08-06T17:22:30.000Z","OUT","N","MOD","1076.80","58.930803","-103.060627","6668"
"HWF-142-2023","ab","MST","2023-07-23T22:27:00.000Z","2023-08-06T17:15:00.000Z","OUT","N","FUL","14.20","57.849372","-116.059056","6668"
"23SR-EISEN","sk","CST","2023-07-25T17:30:40.000Z","2023-08-06T17:04:04.000Z","OUT","N","MOD","3106.50","59.090283","-104.97345","6668"
"23SR-SOMER","sk","CST","2023-07-17T17:53:48.000Z","2023-08-06T17:00:30.000Z","OUT","N","MOD","9675.60","59.561133","-105.078283","6668"
"SUD_FIRE_030","on","GMT","2023-08-05T18:37:00.000Z","2023-08-06T17:00:00.000Z","OUT","N","FUL","0.20","46.2837","-80.593","6668"
"23SR-PREMIER","sk","CST","2023-07-28T18:51:45.000Z","2023-08-06T16:55:29.000Z","OUT","N","MOD","493.00","59.833133","-106.16583","6668"
"23SR-HELMER","sk","CST","2023-07-26T16:24:17.000Z","2023-08-06T16:52:12.000Z","OUT","N","MOD","4720.80","59.007364","-107.430436","6668"
"CWF-057-2023","ab","MST","2023-08-06T22:35:00.000Z","2023-08-06T16:43:00.000Z","OUT","H","FUL","0.01","51.278933","-115.071517","6668"
"WAW_FIRE_017","on","GMT","2023-08-05T18:08:00.000Z","2023-08-06T16:30:00.000Z","OUT","N","FUL","0.20","48.5113","-85.3419","6668"
"23SR-SMITH","sk","CST","2023-07-27T14:11:26.000Z","2023-08-06T16:17:40.000Z","OUT","N","MOD","6.00","58.492117","-107.358067","6668"
"CWF-056-2023","ab","MST","2023-08-06T22:04:00.000Z","2023-08-06T16:12:00.000Z","OUT","H","FUL","0.01","51.269183","-115.020083","6668"
"NIP_FIRE_089","on","GMT","2023-08-05T19:10:00.000Z","2023-08-06T16:00:00.000Z","OUT","N","FUL","0.10","49.1762","-87.5416","6668"
"EWF-078-2023","ab","MST","2023-08-06T20:30:00.000Z","2023-08-06T16:00:00.000Z","OUT","H","FUL","0.01","53.306672","-117.807465","6668"
"23SR-DORRELL","sk","CST","2023-07-13T08:19:39.000Z","2023-08-06T15:54:41.000Z","OUT","N","MOD","11456.00","59.983783","-106.8046","6668"
"23SR-DEBUS","sk","CST","2023-07-23T14:26:18.000Z","2023-08-06T15:50:04.000Z","OUT","N","MOD","3781.90","59.034617","-109.756617","6668"
"23SR-ZANGE","sk","CST","2023-07-23T09:07:36.000Z","2023-08-06T15:48:29.000Z","OUT","N","MOD","200.00","58.005983","-102.046133","6668"
"WAW_FIRE_018","on","GMT","2023-08-05T19:25:00.000Z","2023-08-06T15:40:00.000Z","OUT","N","FUL","0.10","48.5579","-85.3933","6668"
"CWF-054-2023","ab","MST","2023-08-06T21:03:00.000Z","2023-08-06T15:25:00.000Z","OUT","H","FUL","0.01","50.811083","-114.626083","6668"
"DRY_FIRE_033","on","GMT","2023-08-04T18:51:00.000Z","2023-08-06T15:15:00.000Z","OUT","N","FUL","0.10","50.1249","-90.6516","6668"
"CWF-055-2023","ab","MST","2023-08-06T21:07:00.000Z","2023-08-06T15:13:00.000Z","OUT","H","FUL","0.01","51.40475","-115.052333","6668"
"EA077","mb","CDT","2023-07-29T05:00:00.000Z","2023-08-06T15:00:00.000Z","OUT","N","FUL","5.00","52.23806","-99.83444","6668"
"2023-G52469","bc","PDT","2023-08-05T00:04:00.000Z","2023-08-06T15:00:00.000Z","OUT","N","FUL","0.50","54.404049999999998","-123.453833","6668"
"NO035","mb","CDT","2023-06-16T05:00:00.000Z","2023-08-06T14:58:00.000Z","OUT","N","FUL","67.80","55.87194","-101.20111","6668"
"RED_FIRE_067","on","GMT","2023-08-05T19:12:00.000Z","2023-08-06T14:30:00.000Z","OUT","H","FUL","0.10","52.6988","-94.086","6668"
"NO038","mb","CDT","2023-06-18T05:00:00.000Z","2023-08-06T14:22:00.000Z","OUT","N","MON","14019.30","57.05750","-100.51083","6668"
"NO111","mb","CDT","2023-08-02T05:00:00.000Z","2023-08-06T14:05:00.000Z","OUT","N","FUL","1.00","54.83917","-98.50139","6668"
"WE058","mb","CDT","2023-08-01T05:00:00.000Z","2023-08-06T14:05:00.000Z","OUT","N","FUL","0.30","54.15861","-99.71667","6668"
"HWF-146-2023","ab","MST","2023-08-06T19:45:00.000Z","2023-08-06T14:00:00.000Z","OUT","H","FUL","0.01","58.5403","-116.492783","6668"
"CWF-053-2023","ab","MST","2023-08-06T19:06:00.000Z","2023-08-06T13:16:00.000Z","OUT","H","FUL","0.01","51.391767","-115.102433","6668"
"CWF-051-2023","ab","MST","2023-08-06T18:50:00.000Z","2023-08-06T13:10:00.000Z","OUT","H","FUL","0.01","51.615048","-115.147735","6668"
"WAW_FIRE_021","on","GMT","2023-08-05T23:00:00.000Z","2023-08-06T13:00:00.000Z","OUT","N","FUL","0.10","48.8612","-85.404","6668"
"CWF-052-2023","ab","MST","2023-08-06T18:45:00.000Z","2023-08-06T12:56:00.000Z","OUT","H","FUL","0.01","51.391467","-115.10555","6668"
"CWF-050-2023","ab","MST","2023-08-06T18:22:00.000Z","2023-08-06T12:45:00.000Z","OUT","H","FUL","0.01","50.853017","-114.615167","6668"
"NIP_FIRE_086","on","GMT","2023-08-05T00:07:00.000Z","2023-08-06T12:10:00.000Z","OUT","N","FUL","0.10","49.1682","-87.9115","6668"
"2023KO8","pc","MDT","2023-08-07T03:48:47.000Z","2023-08-06T07:00:00.000Z","OUT","N","FUL","0.09","50.8077","-115.9591","6668"
"2023KO7","pc","MDT","2023-08-06T23:15:18.000Z","2023-08-06T07:00:00.000Z","OUT","N","FUL","0.09","50.8424","-116.0068","6668"
"2023PU9","pc","EDT","2023-08-05T18:23:31.000Z","2023-08-06T05:00:00.000Z","OUT","N","FUL","0.10","48.4157","-85.8819","6668"
"2023PU8","pc","EDT","2023-08-05T18:15:50.000Z","2023-08-06T05:00:00.000Z","OUT","N","MON","0.10","48.1323","-85.8806","6668"
"2023PU7","pc","EDT","2023-08-05T17:50:26.000Z","2023-08-06T05:00:00.000Z","OUT","N","MON","0.10","48.1963","-85.8439","6668"
"2023PU6","pc","EDT","2023-08-05T17:28:48.000Z","2023-08-06T05:00:00.000Z","OUT","N","MON","0.10","48.1094","-85.9816","6668"
"2023-R22444","bc","PDT","2023-08-03T23:12:00.000Z","2023-08-06T05:00:00.000Z","OUT","N","FUL","0.01","54.166083","-127.152033","6668"
"2023PU5","pc","EDT","2023-08-05T17:21:03.000Z","2023-08-06T05:00:00.000Z","OUT","N","MOD","0.20","48.3699","-86.1061","6668"
"2023-R22484","bc","PDT","2023-08-05T18:24:00.000Z","2023-08-06T03:30:00.000Z","OUT","N","FUL","0.01","55.213500000000003","-126.545467","6668"
"2023-G42501","bc","PDT","2023-08-06T00:08:00.000Z","2023-08-06T02:30:00.000Z","OUT","H","MON","0.01","54.062658999999996","-124.91401","6668"
"2023-G92039","bc","PDT","2023-07-22T00:21:00.000Z","2023-08-06T01:00:00.000Z","OUT","N","FUL","72.00","58.838749999999997","-123.582117","6668"
"2023-C11243","bc","PDT","2023-07-08T03:20:00.000Z","2023-08-06T00:30:00.000Z","OUT","N","FUL","1297.60","53.041899999999998","-123.406733","6668"
"RED_FIRE_068","on","GMT","2023-08-05T21:21:00.000Z","2023-08-06T00:00:00.000Z","OUT","H","FUL","0.10","50.7278","-94.0606","6668"
"SLK_FIRE_087","on","GMT","2023-08-05T22:21:00.000Z","2023-08-05T23:45:00.000Z","OUT","N","FUL","0.10","50.5893","-90.4662","6668"
"NIP_FIRE_087","on","GMT","2023-08-05T00:10:00.000Z","2023-08-05T23:35:00.000Z","OUT","N","FUL","0.10","49.1683","-87.8937","6668"
"NIP_FIRE_082","on","GMT","2023-08-04T19:37:00.000Z","2023-08-05T22:55:00.000Z","OUT","N","FUL","0.10","49.1042","-87.8172","6668"
"2023-G12443","bc","PDT","2023-08-03T22:40:00.000Z","2023-08-05T22:30:00.000Z","OUT","N","FUL","0.01","54.117583000000003","-121.419517","6668"
"NIP_FIRE_075","on","GMT","2023-08-03T14:32:00.000Z","2023-08-05T22:00:00.000Z","OUT","N","FUL","0.70","49.2054","-87.9877","6668"
"FOR_FIRE_028","on","GMT","2023-08-02T21:49:00.000Z","2023-08-05T21:20:00.000Z","OUT","N","FUL","0.90","48.5699","-91.4119","6668"
"RED_FIRE_066","on","GMT","2023-08-05T19:15:00.000Z","2023-08-05T21:05:00.000Z","OUT","N","FUL","0.10","52.6271","-93.9994","6668"
"2023-G41503","bc","PDT","2023-07-10T22:26:00.000Z","2023-08-05T21:00:00.000Z","OUT","N","MON","0.01","53.585766999999997","-125.248867","6668"
"2023-G91359","bc","PDT","2023-07-09T03:10:00.000Z","2023-08-05T21:00:00.000Z","UC","N","MON","8.00","58.231999999999999","-122.343","6668"
"SWF-130-2023","ab","MST","2023-08-06T02:48:00.000Z","2023-08-05T20:55:00.000Z","OUT","H","FUL","0.01","55.265967","-114.5913","6668"
"SWF-129-2023","ab","MST","2023-08-06T02:35:00.000Z","2023-08-05T20:45:00.000Z","OUT","H","FUL","0.01","55.266833","-114.59705","6668"
"THU_FIRE_041","on","GMT","2023-08-03T21:07:00.000Z","2023-08-05T20:45:00.000Z","OUT","N","FUL","0.10","50.3223","-90.1122","6668"
"2023-G62192","bc","PDT","2023-07-23T15:38:00.000Z","2023-08-05T20:00:00.000Z","OUT","N","FUL","0.01","55.363633","-122.602667","6668"
"NIP_FIRE_085","on","GMT","2023-08-05T00:04:00.000Z","2023-08-05T20:00:00.000Z","OUT","N","MON","0.10","49.1772","-87.9117","6668"
"NOR_FIRE_014","on","GMT","2023-08-05T18:59:00.000Z","2023-08-05T19:47:00.000Z","OUT","N","FUL","0.10","45.9371","-80.0649","6668"
"2023-G12387","bc","PDT","2023-08-01T16:54:00.000Z","2023-08-05T19:30:00.000Z","OUT","N","FUL","0.01","54.815283000000001","-122.893383","6668"
"2023-G12395","bc","PDT","2023-08-01T21:07:00.000Z","2023-08-05T19:30:00.000Z","OUT","N","FUL","0.01","54.926049999999996","-122.227383","6668"
"09-018-2023","ns","ADT","2023-08-04T19:30:00.000Z","2023-08-05T19:00:00.000Z","OUT","N","FUL","0.20","44.76155090","-63.49225616","6668"
"2023-G92456","bc","PDT","2023-08-04T16:09:00.000Z","2023-08-05T18:30:00.000Z","OUT","N","FUL","0.10","58.900533000000003","-122.09555","6668"
"2023-G12425","bc","PDT","2023-08-02T21:55:00.000Z","2023-08-05T18:30:00.000Z","OUT","N","FUL","0.01","54.003382999999999","-123.446883","6668"
"2023-N50763","bc","PDT","2023-06-13T19:05:00.000Z","2023-08-05T18:30:00.000Z","OUT","N","FUL","0.01","50.006700000000002","-117.440517","6668"
"2023-N52392","bc","PDT","2023-08-01T20:28:00.000Z","2023-08-05T18:30:00.000Z","OUT","N","FUL","0.07","50.001916999999999","-117.94745","6668"
"2023-N50766","bc","PDT","2023-06-13T23:59:00.000Z","2023-08-05T18:00:00.000Z","OUT","N","FUL","0.01","50.963149999999999","-117.5692","6668"
"2023-G51655","bc","PDT","2023-07-13T19:49:00.000Z","2023-08-05T18:00:00.000Z","OUT","N","MON","0.30","56.365667000000002","-127.850883","6668"
"NIP_FIRE_084","on","GMT","2023-08-04T23:23:00.000Z","2023-08-05T17:45:00.000Z","OUT","N","FUL","0.10","49.2467","-87.5263","6668"
"MWF-050-2023","ab","MST","2023-07-06T20:00:00.000Z","2023-08-05T16:30:00.000Z","OUT","N","FUL","59.90","57.117688","-112.978332","6668"
"23LA-COWIE","sk","CST","2023-06-24T18:09:10.000Z","2023-08-05T16:28:40.000Z","OUT","N","MOD","9000.00","57.188567","-102.703967","6668"
"23LA-GOW","sk","CST","2023-06-07T15:01:05.000Z","2023-08-05T16:26:19.000Z","OUT","N","MOD","271.60","56.45795","-104.382583","6668"
"MWF-034-2023","ab","MST","2023-06-24T21:20:00.000Z","2023-08-05T16:20:00.000Z","OUT","N","FUL","38.00","57.723968","-112.2059","6668"
"23LX-PAWR04","sk","CST","2023-07-15T18:11:19.000Z","2023-08-05T16:04:28.000Z","OUT","N","MOD","10.00","55.312417","-109.669767","6668"
"63","qc","EST","2023-05-10T17:00:00.000Z","2023-08-05T15:44:30.000Z","OUT","H","FUL","0.00","48.8406","-68.8703","6668"
"599","qc","EST","2023-07-04T21:55:00.000Z","2023-08-05T15:37:19.000Z","OUT","N","FUL","165.40","50.5236","-67.8375","6668"
"23BN-VOLD","sk","CST","2023-06-02T16:41:36.000Z","2023-08-05T15:31:03.000Z","OUT","N","MOD","4125.00","55.837911","-109.774207","6668"
"23BN-GOLD","sk","CST","2023-07-23T10:41:31.000Z","2023-08-05T15:15:55.000Z","OUT","N","MOD","84.00","56.610333","-109.708167","6668"
"PWF-115-2023","ab","MST","2023-07-22T17:42:00.000Z","2023-08-05T15:15:00.000Z","OUT","N","FUL","2.30","56.393622","-116.70461","6668"
"RED_FIRE_032","on","GMT","2023-06-11T21:47:00.000Z","2023-08-05T15:00:00.000Z","OUT","N","MOD","535.60","52.1375","-94.6138","6668"
"CWF-049-2023","ab","MST","2023-08-05T20:45:00.000Z","2023-08-05T14:55:00.000Z","OUT","H","FUL","0.01","51.271667","-114.988056","6668"
"NO110","mb","CDT","2023-08-02T05:00:00.000Z","2023-08-05T14:39:00.000Z","OUT","H","FUL","0.10","56.85611","-101.03778","6668"
"WE057","mb","CDT","2023-08-01T05:00:00.000Z","2023-08-05T14:34:00.000Z","OUT","N","FUL","0.30","54.20444","-99.93472","6668"
"WE056","mb","CDT","2023-08-01T05:00:00.000Z","2023-08-05T14:34:00.000Z","OUT","N","FUL","0.20","54.23917","-100.32528","6668"
"THU_FIRE_042","on","GMT","2023-08-04T23:18:00.000Z","2023-08-05T14:15:00.000Z","OUT","N","FUL","0.10","48.5229","-88.8425","6668"
"PWF-104-2023","ab","MST","2023-07-17T02:20:00.000Z","2023-08-05T13:00:00.000Z","OUT","N","FUL","2.40","57.236182","-116.509775","6668"
"WAW_FIRE_014","on","GMT","2023-08-04T21:59:00.000Z","2023-08-05T12:30:00.000Z","OUT","N","FUL","0.10","49.0038","-84.9729","6668"
"WE023","mb","CDT","2023-06-21T05:00:00.000Z","2023-08-05T10:55:00.000Z","OUT","N","MOD","1100.00","55.14417","-99.36111","6668"
"NIP_FIRE_078","on","GMT","2023-08-04T14:57:00.000Z","2023-08-05T00:20:00.000Z","OUT","N","FUL","0.10","49.0246","-87.8651","6668"
"WAW_FIRE_011","on","GMT","2023-08-02T20:45:00.000Z","2023-08-04T23:55:00.000Z","OUT","N","FUL","0.20","48.468","-85.8561","6668"
"FOR_FIRE_031","on","GMT","2023-08-03T21:56:00.000Z","2023-08-04T23:20:00.000Z","OUT","N","FUL","0.20","48.8072","-91.7721","6668"
"NIP_FIRE_080","on","GMT","2023-08-04T15:12:00.000Z","2023-08-04T23:00:00.000Z","OUT","N","FUL","0.10","49.179","-87.4493","6668"
"2023-N72340","bc","PDT","2023-07-31T00:18:00.000Z","2023-08-04T22:00:00.000Z","OUT","N","FUL","0.08","50.592750000000002","-117.381967","6668"
"NIP_FIRE_079","on","GMT","2023-08-04T15:02:00.000Z","2023-08-04T22:00:00.000Z","OUT","N","FUL","0.10","49.0749","-87.6017","6668"
"2023-N22258","bc","PDT","2023-07-25T17:13:00.000Z","2023-08-04T22:00:00.000Z","OUT","N","FUL","0.11","50.203833000000003","-115.9525","6668"
"2023-N22114","bc","PDT","2023-07-22T20:00:00.000Z","2023-08-04T21:30:00.000Z","OUT","N","FUL","4.20","50.954250000000002","-116.946817","6668"
"2023-C11045","bc","PDT","2023-07-01T23:25:00.000Z","2023-08-04T20:01:00.000Z","OUT","N","FUL","0.01","53.204366999999998","-123.051717","6668"
"2023-N22096","bc","PDT","2023-07-22T04:22:00.000Z","2023-08-04T19:30:00.000Z","OUT","N","FUL","0.01","50.966667000000001","-116.91015","6668"
"MWF-058-2023","ab","MST","2023-08-04T22:44:00.000Z","2023-08-04T19:00:00.000Z","OUT","N","FUL","0.80","56.833667","-112.327333","6668"
"2023-K21627","bc","PDT","2023-07-13T02:52:00.000Z","2023-08-04T18:30:00.000Z","OUT","N","FUL","0.22","51.006833","-119.832283","6668"
"2023-G11952","bc","PDT","2023-07-21T00:59:00.000Z","2023-08-04T18:30:00.000Z","OUT","N","FUL","0.12","53.667999999999999","-122.63333299999999","6668"
"2023-C22374","bc","PDT","2023-07-31T22:54:00.000Z","2023-08-04T18:30:00.000Z","OUT","N","FUL","1.50","51.882750000000001","-122.088117","6668"
"2023-V11257","bc","PDT","2023-07-08T05:05:00.000Z","2023-08-04T18:00:00.000Z","OUT","N","FUL","0.01","49.216200000000001","-121.337833","6668"
"PWF-129-2023","ab","MST","2023-08-04T22:42:00.000Z","2023-08-04T18:00:00.000Z","OUT","N","FUL","0.01","57.039167","-117.923833","6668"
"2023-N52245","bc","PDT","2023-07-24T23:41:00.000Z","2023-08-04T18:00:00.000Z","OUT","H","FUL","0.30","48.999366999999999","-117.178933","6668"
"2023-K21839","bc","PDT","2023-07-18T02:14:00.000Z","2023-08-04T18:00:00.000Z","OUT","N","FUL","0.01","50.882016999999998","-119.757167","6668"
"SWF-060-2023","ab","MST","2023-05-04T22:09:00.000Z","2023-08-04T17:30:01.000Z","UC","N","FUL","43981.00","55.956383","-115.056367","6668"
"2023-K21215","bc","PDT","2023-07-08T01:06:00.000Z","2023-08-04T17:30:00.000Z","OUT","N","FUL","0.01","51.222316999999997","-120.06870000000001","6668"
"2023-K22422","bc","PDT","2023-08-02T20:39:00.000Z","2023-08-04T17:01:00.000Z","OUT","N","FUL","0.01","50.697583000000002","-120.737617","6668"
"2023-R22051","bc","PDT","2023-07-22T01:54:00.000Z","2023-08-04T17:00:00.000Z","OUT","N","FUL","0.01","54.469467000000002","-126.8728","6668"
"PWF-063-2023","ab","MST","2023-06-23T03:17:00.000Z","2023-08-04T15:55:00.000Z","OUT","N","FUL","0.01","57.2651","-118.108633","6668"
"HWF-092-2023","ab","MST","2023-07-01T00:57:00.000Z","2023-08-04T15:13:55.000Z","OUT","N","FUL","1.30","57.503644","-116.247199","6668"
"PWF-122-2023","ab","MST","2023-07-23T21:44:00.000Z","2023-08-04T15:00:00.000Z","OUT","N","FUL","1.43","57.208018","-116.899912","6668"
"PWF-035-2023","ab","MST","2023-05-05T20:30:00.000Z","2023-08-04T14:57:00.000Z","OUT","H","FUL","5.41","56.538057","-118.874473","6668"
"PWF-081-2023","ab","MST","2023-06-30T19:34:00.000Z","2023-08-04T14:35:00.000Z","OUT","N","FUL","0.36","56.614717","-119.628667","6668"
"PWF-123-2023","ab","MST","2023-07-23T22:03:00.000Z","2023-08-04T14:30:00.000Z","OUT","N","FUL","0.64","56.821283","-116.6461","6668"
"WE059","mb","CDT","2023-08-02T05:00:00.000Z","2023-08-04T14:01:00.000Z","OUT","N","FUL","0.10","54.17833","-101.40750","6668"
"MWF-054-2023","ab","MST","2023-07-24T21:42:00.000Z","2023-08-04T11:20:00.000Z","OUT","N","FUL","0.83","57.678333","-112.019867","6668"
"PWF-049-2023","ab","MST","2023-05-29T20:20:00.000Z","2023-08-04T11:10:00.000Z","OUT","H","FUL","3.16","57.082523","-118.130137","6668"
"LSZ-001-2023","ab","MST","2023-08-04T08:35:00.000Z","2023-08-04T08:35:00.000Z","UC","H","FUL","4900.00","55.27205","-110.025667","6668"
"2023BA13","pc","MDT","2023-08-04T22:36:57.000Z","2023-08-04T07:00:00.000Z","OUT","H","FUL","0.09","51.3893","-116.1324","6668"
"FOR_FIRE_029","on","GMT","2023-08-02T22:26:00.000Z","2023-08-04T01:20:00.000Z","OUT","N","FUL","0.40","48.9991","-91.6307","6668"
"2023-C11290","bc","PDT","2023-07-08T20:17:00.000Z","2023-08-04T00:01:00.000Z","UC","N","FUL","2784.70","52.813833000000002","-122.9345","6668"
"THU_FIRE_039","on","GMT","2023-08-02T22:27:00.000Z","2023-08-04T00:00:00.000Z","OUT","N","FUL","0.50","48.478","-90.2447","6668"
"SUD_FIRE_027","on","GMT","2023-07-30T14:34:00.000Z","2023-08-03T23:00:00.000Z","OUT","N","FUL","2.50","46.4871","-82.3018","6668"
"CHA_FIRE_016","on","GMT","2023-08-03T15:46:00.000Z","2023-08-03T22:00:00.000Z","OUT","N","FUL","0.10","48.3201","-83.4382","6668"
"2023-K52001","bc","PDT","2023-07-21T17:10:00.000Z","2023-08-03T22:00:00.000Z","OUT","N","FUL","0.40","49.822000000000003","-120.17274999999999","6668"
"SAU_FIRE_011","on","GMT","2023-08-03T18:13:00.000Z","2023-08-03T22:00:00.000Z","OUT","N","FUL","0.10","46.2009","-82.5058","6668"
"NOR_FIRE_012","on","GMT","2023-08-03T19:20:00.000Z","2023-08-03T21:10:00.000Z","OUT","N","FUL","0.10","46.932","-79.6335","6668"
"50","qc","EST","2023-05-08T20:00:00.000Z","2023-08-03T21:04:40.000Z","OUT","H","FUL","0.60","47.4403","-79.5022","6668"
"2023-R11968","bc","PDT","2023-07-21T02:33:00.000Z","2023-08-03T20:30:00.000Z","OUT","N","FUL","0.45","54.27611667","-125.90263333","6668"
"2023-K22033","bc","PDT","2023-07-21T23:22:00.000Z","2023-08-03T20:00:00.000Z","OUT","N","FUL","0.01","50.531149999999997","-120.20481700000001","6668"
"2023-G62082","bc","PDT","2023-07-22T03:13:00.000Z","2023-08-03T19:30:00.000Z","OUT","N","FUL","1.25","55.173999999999999","-123.203433","6668"
"RED_FIRE_061","on","GMT","2023-08-01T22:11:00.000Z","2023-08-03T19:25:00.000Z","OUT","N","FUL","1.00","51.0405","-92.3103","6668"
"2023-R52334","bc","PDT","2023-07-30T22:35:00.000Z","2023-08-03T19:00:00.000Z","OUT","N","FUL","0.15","55.862717000000004","-129.092467","6668"
"2023-C52111","bc","PDT","2023-07-22T18:56:00.000Z","2023-08-03T19:00:00.000Z","OUT","N","FUL","2.50","52.3185","-123.039783","6668"
"2023-C51944","bc","PDT","2023-07-20T22:59:00.000Z","2023-08-03T19:00:00.000Z","OUT","N","FUL","1.84","52.027500000000003","-124.00825","6668"
"2023-K22095","bc","PDT","2023-07-22T16:27:00.000Z","2023-08-03T19:00:00.000Z","OUT","N","FUL","0.01","50.927883000000001","-120.12075","6668"
"2023-N22373","bc","PDT","2023-07-31T21:22:00.000Z","2023-08-03T18:30:00.000Z","OUT","N","FUL","0.01","50.924666999999999","-116.48999999999999","6668"
"HEA_FIRE_011","on","GMT","2023-08-01T22:48:00.000Z","2023-08-03T18:20:00.000Z","OUT","N","FUL","0.20","49.2996","-82.4407","6668"
"HWF-102-2023","ab","MST","2023-07-03T16:31:00.000Z","2023-08-03T18:00:00.000Z","UC","N","FUL","1166.50","58.7211","-115.859167","6668"
"PWF-052-2023","ab","MST","2023-06-05T21:15:00.000Z","2023-08-03T17:45:00.000Z","OUT","N","FUL","0.35","57.115567","-119.538","6668"
"2023-K41824","bc","PDT","2023-07-18T00:28:00.000Z","2023-08-03T17:30:00.000Z","OUT","N","FUL","0.01","50.863967000000002","-118.88208299999999","6668"
"2023-C51597","bc","PDT","2023-07-12T20:36:00.000Z","2023-08-03T17:00:00.000Z","OUT","H","MOD","0.30","52.384633000000001","-125.03486700000001","6668"
"2023-V82420","bc","PDT","2023-08-02T18:48:00.000Z","2023-08-03T17:00:00.000Z","OUT","N","FUL","0.01","50.256549999999997","-125.89494999999999","6668"
"PWF-050-2023","ab","MST","2023-06-04T21:35:00.000Z","2023-08-03T16:15:00.000Z","OUT","N","FUL","0.35","57.523017","-119.0296","6668"
"SLK_FIRE_083","on","GMT","2023-07-31T16:28:00.000Z","2023-08-03T16:00:00.000Z","OUT","N","FUL","0.40","50.7817","-90.7884","6668"
"2023-G12229","bc","PDT","2023-07-24T10:04:00.000Z","2023-08-03T16:00:00.000Z","OUT","N","FUL","0.01","53.972667000000001","-122.077833","6668"
"NO099","mb","CDT","2023-07-25T05:00:00.000Z","2023-08-03T15:26:00.000Z","OUT","N","FUL","19.50","54.39528","-97.49417","6668"
"NO080","mb","CDT","2023-07-05T05:00:00.000Z","2023-08-03T15:17:00.000Z","OUT","N","MON","9.40","53.58889","-97.33278","6668"
"23LX-BELTON","sk","CST","2023-08-01T14:11:04.000Z","2023-08-03T14:59:00.000Z","OUT","N","FUL","0.40","55.520483","-107.459367","6668"
"23LX-MUG","sk","CST","2023-07-29T11:10:20.000Z","2023-08-03T14:55:20.000Z","OUT","N","FUL","1.40","55.5425","-107.427683","6668"
"23BN-TOWN","sk","CST","2023-07-29T16:08:50.000Z","2023-08-03T14:25:32.000Z","OUT","N","MOD","1.50","55.87315","-108.517183","6668"
"23LA-MAY","sk","CST","2023-07-01T16:16:05.000Z","2023-08-03T11:19:23.000Z","OUT","N","MOD","60.20","56.35715","-103.7513","6668"
"MWF-053-2023","ab","MST","2023-07-23T19:45:00.000Z","2023-08-03T11:00:00.000Z","OUT","N","FUL","0.02","59.304067","-111.208533","6668"
"PWF-114-2023","ab","MST","2023-07-22T16:35:00.000Z","2023-08-03T10:00:00.000Z","OUT","N","FUL","0.71","57.696848","-117.7705","6668"
"23LX-DORE","sk","CST","2023-07-24T14:35:55.000Z","2023-08-03T08:09:56.000Z","OUT","N","FUL","1.00","54.910333","-107.677833","6668"
"2023-C52424","bc","PDT","2023-08-02T21:47:00.000Z","2023-08-03T06:00:00.000Z","OUT","N","FUL","0.01","52.408749999999998","-125.03186700000001","6668"
"2023PU1","pc","EDT","2023-08-03T02:56:44.000Z","2023-08-03T05:00:00.000Z","OUT","N","FUL","0.20","48.467","-85.856","6668"
"2023-G12416","bc","PDT","2023-08-02T16:23:00.000Z","2023-08-03T02:30:00.000Z","OUT","N","FUL","0.01","53.963650000000001","-122.19283299999999","6668"
"SAU_FIRE_010","on","GMT","2023-08-01T20:07:00.000Z","2023-08-03T01:30:00.000Z","OUT","N","FUL","0.20","47.0646","-84.0545","6668"
"2023-N41931","bc","PDT","2023-07-20T20:21:00.000Z","2023-08-03T01:30:00.000Z","OUT","N","FUL","0.03","51.095216000000001","-117.850633","6668"
"2023-N42332","bc","PDT","2023-07-30T21:33:00.000Z","2023-08-03T01:00:00.000Z","OUT","N","FUL","0.13","50.929000000000002","-117.877167","6668"
"2023-G51823","bc","PDT","2023-07-18T00:37:00.000Z","2023-08-03T00:30:00.000Z","OUT","N","FUL","0.10","54.361632999999998","-124.71129999999999","6668"
"2023XY022","yt","PDT","2023-08-02T22:12:00.000Z","2023-08-02T23:33:00.000Z","OUT","U","FUL","0.00","60.73813","-135.05655","6668"
"2023-K22026","bc","PDT","2023-07-21T22:55:00.000Z","2023-08-02T23:30:00.000Z","OUT","N","FUL","4.45","50.354300000000002","-120.23865000000001","6668"
"2023-K21987","bc","PDT","2023-07-21T05:42:00.000Z","2023-08-02T23:00:00.000Z","OUT","N","FUL","0.01","50.904533000000001","-120.14708299999999","6668"
"2023-K21432","bc","PDT","2023-07-10T00:42:00.000Z","2023-08-02T22:30:00.000Z","OUT","H","FUL","0.10","51.222000000000001","-120.04325","6668"
"2023-G32360","bc","PDT","2023-07-31T15:15:00.000Z","2023-08-02T22:00:00.000Z","OUT","N","FUL","0.01","53.253033000000002","-120.233333","6668"
"2023-G11531","bc","PDT","2023-07-11T04:51:00.000Z","2023-08-02T21:30:00.000Z","OUT","N","FUL","0.30","53.692999999999998","-122.20433300000001","6668"
"203","qc","EST","2023-05-30T19:00:00.000Z","2023-08-02T21:04:26.000Z","OUT","H","FUL","0.10","45.0353","-72.4542","6668"
"2023-N52341","bc","PDT","2023-07-31T00:21:00.000Z","2023-08-02T21:00:00.000Z","OUT","N","FUL","0.19","50.642800000000001","-117.47791700000001","6668"
"2023-C31654","bc","PDT","2023-07-13T19:33:00.000Z","2023-08-02T20:00:00.000Z","OUT","N","FUL","0.01","52.436300000000003","-121.777467","6668"
"2023-K21190","bc","PDT","2023-07-07T21:22:00.000Z","2023-08-02T19:30:00.000Z","OUT","N","FUL","0.40","51.587833330000002","-120.00058333","6668"
"NIP_FIRE_073","on","GMT","2023-08-01T18:30:00.000Z","2023-08-02T19:00:00.000Z","OUT","N","FUL","0.10","51.6677","-86.0013","6668"
"2023-K21624","bc","PDT","2023-07-13T02:24:00.000Z","2023-08-02T19:00:00.000Z","OUT","N","FUL","0.01","51.042082999999998","-119.59545","6668"
"2023-K21639","bc","PDT","2023-07-13T03:03:00.000Z","2023-08-02T19:00:00.000Z","OUT","N","MON","0.01","51.086483000000001","-119.77538300000001","6668"
"2023-K70951","bc","PDT","2023-06-28T01:27:00.000Z","2023-08-02T18:30:00.000Z","OUT","N","FUL","0.20","50.330249999999999","-121.669967","6668"
"2023-C21589","bc","PDT","2023-07-12T17:05:00.000Z","2023-08-02T18:30:00.000Z","OUT","N","FUL","0.10","52.118383000000001","-122.21805000000001","6668"
"SLK_FIRE_082","on","GMT","2023-07-30T00:02:00.000Z","2023-08-02T18:00:00.000Z","OUT","N","FUL","2.00","51.7486","-92.1083","6668"
"2023-R22364","bc","PDT","2023-07-31T18:18:00.000Z","2023-08-02T18:00:00.000Z","OUT","N","FUL","0.01","55.312967","-126.53138300000001","6668"
"2023-R12029","bc","PDT","2023-07-21T23:05:00.000Z","2023-08-02T18:00:00.000Z","OUT","N","FUL","0.50","54.265166999999998","-125.996833","6668"
"2023-C21553","bc","PDT","2023-07-11T21:10:00.000Z","2023-08-02T18:00:00.000Z","OUT","N","FUL","0.01","52.109166999999999","-122.2603","6668"
"PWF-112-2023","ab","MST","2023-07-21T19:25:00.000Z","2023-08-02T18:00:00.000Z","OUT","N","FUL","0.74","58.00024","-118.770648","6668"
"2023-N72359","bc","PDT","2023-07-31T16:46:00.000Z","2023-08-02T17:30:00.000Z","OUT","N","FUL","0.02","50.543849999999999","-117.428567","6668"
"HEA_FIRE_012","on","GMT","2023-08-02T00:19:00.000Z","2023-08-02T17:13:00.000Z","OUT","N","FUL","0.10","49.5115","-82.9355","6668"
"PWF-118-2023","ab","MST","2023-07-23T15:23:00.000Z","2023-08-02T17:00:00.000Z","OUT","N","FUL","0.25","57.003917","-117.070933","6668"
"PWF-108-2023","ab","MST","2023-07-18T20:21:00.000Z","2023-08-02T16:45:00.000Z","OUT","N","FUL","0.80","56.4483","-118.494567","6668"
"PWF-119-2023","ab","MST","2023-07-23T20:43:00.000Z","2023-08-02T16:00:00.000Z","OUT","N","FUL","1.15","56.834428","-117.001263","6668"
"PWF-128-2023","ab","MST","2023-08-02T19:45:00.000Z","2023-08-02T14:35:00.000Z","OUT","H","FUL","0.01","56.177685","-116.799293","6668"
"LWF-047-2023","ab","MST","2023-04-26T18:10:00.000Z","2023-08-02T14:20:15.000Z","OUT","H","FUL","0.10","54.67005","-111.908217","6668"
"523","qc","EST","2023-06-25T22:00:00.000Z","2023-08-02T13:54:34.000Z","OUT","N","FUL","1.80","49.8381","-68.2511","6668"
"CWF-048-2023","ab","MST","2023-08-02T19:35:00.000Z","2023-08-02T13:45:00.000Z","OUT","H","FUL","0.01","51.573483","-114.987167","6668"
"MWF-035-2023","ab","MST","2023-06-24T21:26:00.000Z","2023-08-02T12:45:00.000Z","OUT","N","FUL","4.60","57.746767","-112.137283","6668"
"HWF-123-2023","ab","MST","2023-07-08T20:50:00.000Z","2023-08-02T12:00:00.000Z","OUT","H","FUL","20.10","58.04945","-115.6104","6668"
"MWF-057-2023","ab","MST","2023-07-31T22:05:00.000Z","2023-08-02T11:30:00.000Z","OUT","N","FUL","0.01","56.750833","-110.620333","6668"
"PWF-127-2023","ab","MST","2023-07-31T00:31:00.000Z","2023-08-02T11:25:37.000Z","OUT","N","FUL","0.01","56.531833","-119.3745","6668"
"PWF-008-2023","ab","MST","2023-04-17T01:50:00.000Z","2023-08-02T10:00:00.000Z","OUT","H","FUL","26.22","56.474883","-117.294717","6668"
"COC_FIRE_047","on","GMT","2023-08-01T21:08:00.000Z","2023-08-02T01:10:00.000Z","OUT","H","FUL","0.10","49.2135","-81.0239","6668"
"FOR_FIRE_027","on","GMT","2023-08-01T23:44:00.000Z","2023-08-02T00:30:00.000Z","OUT","N","FUL","0.10","48.7295","-93.8517","6668"
"2023CA006","yt","PDT","2023-07-26T23:16:00.000Z","2023-08-01T23:32:00.000Z","OUT","N","FUL","1.00","62.6414","-137.2183","6668"
"2023-K72230","bc","PDT","2023-07-24T10:17:00.000Z","2023-08-01T23:30:00.000Z","OUT","H","FUL","0.30","50.697417000000002","-121.928117","6668"
"2023-R51201","bc","PDT","2023-07-07T23:05:00.000Z","2023-08-01T23:30:00.000Z","OUT","N","FUL","0.01","56.184249999999999","-129.30500000000001","6668"
"2023-G11875","bc","PDT","2023-07-19T01:33:00.000Z","2023-08-01T23:30:00.000Z","OUT","N","FUL","0.03","54.124932999999999","-123.30329999999999","6668"
"2023-K21795","bc","PDT","2023-07-17T12:23:00.000Z","2023-08-01T23:30:00.000Z","OUT","N","FUL","1.46","51.449883329999999","-119.42671667","6668"
"2023-K21838","bc","PDT","2023-07-18T02:07:00.000Z","2023-08-01T23:30:00.000Z","OUT","N","FUL","0.01","50.893282999999997","-119.679917","6668"
"2023-VA2012","bc","PDT","2023-07-21T19:15:00.000Z","2023-08-01T22:00:00.000Z","OUT","N","FUL","0.01","52.394666999999998","-126.822417","6668"
"2023-K21793","bc","PDT","2023-07-17T12:22:00.000Z","2023-08-01T22:00:00.000Z","OUT","N","FUL","3.20","51.293999999999997","-119.50448299999999","6668"
"NIP_FIRE_070","on","GMT","2023-07-30T20:18:00.000Z","2023-08-01T22:00:00.000Z","OUT","N","FUL","0.30","49.3694","-87.9497","6668"
"2023-K72310","bc","PDT","2023-07-29T03:33:00.000Z","2023-08-01T21:30:00.000Z","OUT","N","FUL","0.60","50.790633","-122.00963299999999","6668"
"2023-K21989","bc","PDT","2023-07-21T06:06:00.000Z","2023-08-01T21:30:00.000Z","OUT","N","FUL","0.17","51.566583000000001","-119.760167","6668"
"SWF-128-2023","ab","MST","2023-08-02T00:34:00.000Z","2023-08-01T20:36:00.000Z","OUT","N","FUL","0.01","57.107733","-115.022333","6668"
"34","qc","EST","2023-05-07T17:10:00.000Z","2023-08-01T20:17:52.000Z","OUT","H","FUL","0.00","45.6694","-75.5692","6668"
"196","qc","EST","2023-05-30T17:00:00.000Z","2023-08-01T20:10:13.000Z","OUT","H","FUL","4.60","48.295","-72.0117","6668"
"2023-V72316","bc","PDT","2023-07-29T22:15:00.000Z","2023-08-01T20:01:00.000Z","OUT","H","FUL","0.20","49.369450000000001","-124.612916","6668"
"2023-N42257","bc","PDT","2023-07-25T16:35:00.000Z","2023-08-01T20:01:00.000Z","OUT","N","FUL","0.01","51.103282999999998","-116.469633","6668"
"208","qc","EST","2023-05-31T04:00:00.000Z","2023-08-01T19:34:35.000Z","OUT","H","MOD","0.30","50.1311","-61.8094","6668"
"184","qc","EST","2023-05-28T21:30:00.000Z","2023-08-01T19:32:54.000Z","OUT","H","FUL","0.00","46.8267","-71.7939","6668"
"2023-C42262","bc","PDT","2023-07-25T18:38:00.000Z","2023-08-01T19:30:00.000Z","OUT","N","FUL","0.01","51.756166999999998","-120.87994999999999","6668"
"2023-G91946","bc","PDT","2023-07-20T23:35:00.000Z","2023-08-01T19:30:00.000Z","OUT","N","FUL","0.50","58.997732999999997","-122.088883","6668"
"2023-C42346","bc","PDT","2023-07-31T00:36:00.000Z","2023-08-01T19:30:00.000Z","OUT","N","FUL","0.10","51.441167","-122.042333","6668"
"2023-C10382","bc","PDT","2023-05-19T05:34:00.000Z","2023-08-01T19:30:00.000Z","OUT","N","FUL","74.00","53.075766999999999","-121.847483","6668"
"2023-K22067","bc","PDT","2023-07-22T03:05:00.000Z","2023-08-01T19:30:00.000Z","OUT","N","FUL","0.84","51.654083","-119.75595","6668"
"179","qc","EST","2023-05-28T22:00:00.000Z","2023-08-01T19:19:19.000Z","OUT","H","FUL","4.50","47.2425","-72.8322","6668"
"175","qc","EST","2023-05-28T18:00:00.000Z","2023-08-01T19:03:14.000Z","OUT","H","FUL","0.00","46.1758","-73.5353","6668"
"CWF-047-2023","ab","MST","2023-08-02T00:35:00.000Z","2023-08-01T19:00:00.000Z","OUT","H","FUL","0.01","51.16945","-114.858883","6668"
"2023-C41898","bc","PDT","2023-07-19T22:43:00.000Z","2023-08-01T19:00:00.000Z","OUT","H","FUL","0.23","51.817100000000003","-121.252666","6668"
"20","qc","EST","2023-04-28T23:00:00.000Z","2023-08-01T18:53:50.000Z","OUT","H","FUL","0.00","48.9178","-72.0506","6668"
"159","qc","EST","2023-05-26T22:00:00.000Z","2023-08-01T18:30:47.000Z","OUT","H","FUL","0.00","46.8847","-72.3811","6668"
"141","qc","EST","2023-05-19T18:00:00.000Z","2023-08-01T18:22:31.000Z","OUT","H","FUL","0.50","46.5083","-72.6703","6668"
"130","qc","EST","2023-05-17T20:00:00.000Z","2023-08-01T18:21:00.000Z","OUT","H","FUL","0.10","46.9636","-71.2131","6668"
"2023-G12223","bc","PDT","2023-07-24T02:23:00.000Z","2023-08-01T17:30:00.000Z","OUT","N","FUL","0.01","53.913333000000002","-121.595833","6668"
"2023-C41837","bc","PDT","2023-07-18T01:57:00.000Z","2023-08-01T17:00:00.000Z","OUT","N","FUL","0.01","51.763967000000001","-120.92795","6668"
"2023-K52298","bc","PDT","2023-07-28T20:00:00.000Z","2023-08-01T16:30:00.000Z","OUT","H","FUL","0.01","49.255983000000001","-119.528717","6668"
"70","qc","EST","2023-05-11T17:05:00.000Z","2023-08-01T15:39:38.000Z","OUT","H","FUL","0.00","46.75","-71.7264","6668"
"187","qc","EST","2023-05-29T17:00:00.000Z","2023-08-01T15:25:27.000Z","OUT","H","FUL","0.20","47.5881","-69.5947","6668"
"111","qc","EST","2023-05-14T20:00:00.000Z","2023-08-01T15:12:28.000Z","OUT","H","FUL","0.10","47.6331","-69.6186","6668"
"NIP_FIRE_071","on","GMT","2023-07-31T15:51:00.000Z","2023-08-01T15:11:00.000Z","OUT","N","FUL","0.10","49.5937","-87.0352","6668"
"LWF-175-2023","ab","MST","2023-08-01T20:07:00.000Z","2023-08-01T15:00:00.000Z","OUT","H","FUL","0.01","54.517817","-110.412783","6668"
"TIM_FIRE_010","on","GMT","2023-07-31T18:52:00.000Z","2023-08-01T15:00:00.000Z","OUT","N","FUL","0.10","47.9763","-82.1082","6668"
"62442","nb","ADT","2023-08-01T14:54:08.000Z","2023-08-01T14:54:00.000Z","OUT","U","FUL","0.10","45.37702","-66.1356","6668"
"BAN_FIRE_003","on","GMT","2023-07-30T21:17:00.000Z","2023-08-01T13:00:00.000Z","OUT","H","FUL","0.40","45.0284","-77.3118","6668"
"23SF-DITCH17","sk","CST","2023-07-29T12:18:46.000Z","2023-08-01T12:23:27.000Z","OUT","H","MOD","0.50","51.698617","-107.494364","6668"
"CWF-045-2023","ab","MST","2023-07-31T21:55:00.000Z","2023-08-01T11:00:00.000Z","OUT","N","FUL","0.20","50.843783","-114.573183","6668"
"2023-G12381","bc","PDT","2023-08-01T03:05:00.000Z","2023-08-01T04:30:00.000Z","OUT","H","MON","0.20","54.0747","-122.721383","6668"
"2023-G41149","bc","PDT","2023-07-06T00:20:00.000Z","2023-08-01T03:00:00.000Z","OUT","N","FUL","501.06","54.211950000000002","-124.284283","6668"
"2023-G61602","bc","PDT","2023-07-12T22:03:00.000Z","2023-08-01T00:00:00.000Z","OUT","N","FUL","6.40","55.552683000000002","-123.446217","6668"
"2023-C12196","bc","PDT","2023-07-23T20:48:00.000Z","2023-07-31T23:30:00.000Z","OUT","N","FUL","0.01","53.239249999999998","-123.471833","6668"
"2023-R51134","bc","PDT","2023-07-05T03:50:00.000Z","2023-07-31T23:30:00.000Z","OUT","H","FUL","0.30","54.517583000000002","-128.564167","6668"
"2023DA012","yt","PDT","2023-07-27T00:18:00.000Z","2023-07-31T23:22:00.000Z","OUT","N","FUL","1.70","63.70495","-137.74295","6668"
"2023-C11914","bc","PDT","2023-07-20T01:43:00.000Z","2023-07-31T23:00:00.000Z","OUT","N","FUL","1.57","52.903783330000003","-122.92885","6668"
"SUD_FIRE_026","on","GMT","2023-07-26T16:17:00.000Z","2023-07-31T23:00:00.000Z","OUT","N","FUL","8.00","46.0905","-81.0651","6668"
"2023-C12108","bc","PDT","2023-07-22T18:31:00.000Z","2023-07-31T23:00:00.000Z","OUT","N","FUL","0.50","52.796967000000002","-122.55591699999999","6668"
"2023-R11790","bc","PDT","2023-07-17T04:44:00.000Z","2023-07-31T23:00:00.000Z","OUT","N","FUL","0.01","53.904449999999997","-126.018717","6668"
"2023-C50020","bc","PDT","2023-04-09T05:25:00.000Z","2023-07-31T22:30:00.000Z","OUT","H","FUL","3.80","51.939599999999999","-123.09465","6668"
"2023-G42333","bc","PDT","2023-07-30T21:12:00.000Z","2023-07-31T22:30:00.000Z","OUT","H","FUL","0.01","54.027616999999999","-124.966033","6668"
"2023-G12347","bc","PDT","2023-07-31T00:20:00.000Z","2023-07-31T22:30:00.000Z","OUT","N","FUL","0.01","53.843882999999998","-121.48616699999999","6668"
"2023-C11489","bc","PDT","2023-07-10T02:49:00.000Z","2023-07-31T22:30:00.000Z","OUT","N","FUL","25.00","52.797150000000002","-122.077067","6668"
"25","qc","EST","2023-05-06T19:50:00.000Z","2023-07-31T21:41:20.000Z","OUT","H","FUL","2.40","48.8389","-72.145","6668"
"SAU_FIRE_009","on","GMT","2023-07-31T13:52:00.000Z","2023-07-31T21:30:00.000Z","OUT","N","FUL","0.10","46.2007","-82.6415","6668"
"2023-G91028","bc","PDT","2023-07-01T06:31:00.000Z","2023-07-31T20:30:00.000Z","OUT","N","FUL","0.01","59.117832999999997","-122.370333","6668"
"2023-G41517","bc","PDT","2023-07-11T02:11:00.000Z","2023-07-31T19:30:00.000Z","OUT","N","MON","0.01","53.689216999999999","-125.070683","6668"
"2023-G52014","bc","PDT","2023-07-21T21:11:00.000Z","2023-07-31T19:30:00.000Z","OUT","N","FUL","0.20","54.380333","-123.45645","6668"
"2023-V32296","bc","PDT","2023-07-28T03:18:00.000Z","2023-07-31T19:00:00.000Z","OUT","N","FUL","0.01","50.513550000000002","-123.12975","6668"
"CWF-046-2023","ab","MST","2023-07-31T23:45:00.000Z","2023-07-31T18:40:00.000Z","OUT","H","FUL","0.20","51.153833","-114.891517","6668"
"2023-K22277","bc","PDT","2023-07-26T05:38:00.000Z","2023-07-31T18:30:00.000Z","OUT","N","FUL","0.05","51.374783000000001","-119.4233","6668"
"23LA-KENDRA","sk","CST","2023-07-29T08:58:43.000Z","2023-07-31T18:18:36.000Z","OUT","N","FUL","0.30","55.275333","-105.870333","6668"
"23LA-TML","sk","CST","2023-07-30T12:02:33.000Z","2023-07-31T18:17:28.000Z","OUT","N","FUL","0.10","55.264533","-105.709217","6668"
"2023-G62348","bc","PDT","2023-07-31T00:53:00.000Z","2023-07-31T18:00:00.000Z","OUT","N","FUL","0.01","55.634500000000003","-124.77166699999999","6668"
"HWF-087-2023","ab","MST","2023-06-30T22:30:00.000Z","2023-07-31T18:00:00.000Z","BH","N","FUL","12508.00","58.158117","-114.182933","6668"
"HWF-083-2023","ab","MST","2023-06-30T20:35:00.000Z","2023-07-31T18:00:00.000Z","BH","N","FUL","13700.00","57.79945","-114.7748","6668"
"FOR_FIRE_026","on","GMT","2023-07-30T19:22:00.000Z","2023-07-31T17:40:00.000Z","OUT","N","FUL","0.10","48.9534","-91.7778","6668"
"KEN_FIRE_037","on","GMT","2023-07-27T20:30:00.000Z","2023-07-31T17:30:00.000Z","OUT","N","FUL","1.00","50.1948","-94.6371","6668"
"23SR-CHAMB","sk","CST","2023-07-22T12:56:20.000Z","2023-07-31T17:11:46.000Z","OUT","N","MOD","1588.60","59.652583","-105.28545","6668"
"GWF-038-2023","ab","MST","2023-06-06T19:46:00.000Z","2023-07-31T15:53:00.000Z","UC","U","FUL","7148.00","55.655002","-119.485325","6668"
"FOR_FIRE_021","on","GMT","2023-07-28T20:33:00.000Z","2023-07-31T15:50:00.000Z","OUT","N","FUL","0.30","48.2719","-91.3389","6668"
"SUD_FIRE_028","on","GMT","2023-07-30T19:19:00.000Z","2023-07-31T15:30:00.000Z","OUT","H","FUL","0.10","46.3576","-81.6063","6668"
"NIP_FIRE_069","on","GMT","2023-07-30T19:39:00.000Z","2023-07-31T15:15:00.000Z","OUT","N","FUL","0.10","49.0767","-87.3991","6668"
"62422","nb","ADT","2023-07-28T18:12:35.000Z","2023-07-31T15:06:00.000Z","OUT","U","FUL","2.00","46.52812","-67.03842","6668"
"SWF-126-2023","ab","MST","2023-07-30T01:35:00.000Z","2023-07-31T15:00:00.000Z","OUT","N","FUL","2.50","55.627475","-116.145772","6668"
"NO103","mb","CDT","2023-07-26T05:00:00.000Z","2023-07-31T14:47:00.000Z","OUT","N","FUL","0.50","53.77111","-94.65083","6668"
"FOR_FIRE_024","on","GMT","2023-07-29T20:19:00.000Z","2023-07-31T14:39:00.000Z","OUT","N","FUL","0.30","48.4708","-91.5482","6668"
"NO100","mb","CDT","2023-07-25T05:00:00.000Z","2023-07-31T14:15:00.000Z","OUT","N","MON","10.00","59.49778","-98.79667","6668"
"NO090","mb","CDT","2023-07-20T05:00:00.000Z","2023-07-31T14:15:00.000Z","OUT","N","MON","500.00","57.78167","-97.78944","6668"
"NO085","mb","CDT","2023-07-20T05:00:00.000Z","2023-07-31T14:14:00.000Z","OUT","N","MON","1100.00","57.81778","-96.98444","6668"
"WE047","mb","CDT","2023-07-20T05:00:00.000Z","2023-07-31T08:57:00.000Z","OUT","N","FUL","11.10","54.91556","-99.65056","6668"
"2023VU1","pc","PDT","2023-07-30T23:58:18.000Z","2023-07-31T08:00:00.000Z","OUT","U","MON","600.00","68.4036","-138.8071","6668"
"2023-N42259","bc","PDT","2023-07-25T18:29:00.000Z","2023-07-31T08:00:00.000Z","OUT","N","FUL","0.01","51.512250000000002","-118.45954999999999","6668"
"2023BA12","pc","MDT","2023-07-31T16:49:24.000Z","2023-07-31T07:00:00.000Z","OUT","H","FUL","0.00","51.1809","-115.5816","6668"
"2023-G82331","bc","PDT","2023-07-30T21:33:00.000Z","2023-07-31T02:30:00.000Z","OUT","N","FUL","0.01","56.332166999999998","-121.824167","6668"
"DRY_FIRE_032","on","GMT","2023-07-30T00:07:00.000Z","2023-07-31T00:15:00.000Z","OUT","N","FUL","0.20","49.443","-92.6203","6668"
"2023-G11783","bc","PDT","2023-07-17T01:19:00.000Z","2023-07-30T23:30:00.000Z","OUT","N","MON","0.01","54.9773","-122.16015","6668"
"2023-G92313","bc","PDT","2023-07-29T18:27:00.000Z","2023-07-30T22:30:00.000Z","OUT","N","FUL","0.20","58.596533000000001","-122.779883","6668"
"2023-N51939","bc","PDT","2023-07-20T03:08:00.000Z","2023-07-30T21:30:00.000Z","OUT","N","FUL","0.20","50.666333000000002","-117.345883","6668"
"2023-N12330","bc","PDT","2023-07-30T19:57:00.000Z","2023-07-30T21:30:00.000Z","OUT","H","FUL","0.01","49.418332999999997","-115.78895","6668"
"23LX-LOGGS","sk","CST","2023-07-28T18:58:25.000Z","2023-07-30T21:18:57.000Z","OUT","N","MOD","0.10","54.946164","-108.122541","6668"
"FOR_FIRE_025","on","GMT","2023-07-30T14:36:00.000Z","2023-07-30T20:56:00.000Z","OUT","N","FUL","0.10","48.8343","-92.8112","6668"
"2023-G12007","bc","PDT","2023-07-21T20:24:00.000Z","2023-07-30T20:00:00.000Z","OUT","N","FUL","13.20","54.232666999999999","-123.368117","6668"
"2023-G12145","bc","PDT","2023-07-23T01:36:00.000Z","2023-07-30T19:30:00.000Z","OUT","N","FUL","0.01","53.740299999999998","-120.91565","6668"
"2023-G12085","bc","PDT","2023-07-22T05:57:00.000Z","2023-07-30T19:30:00.000Z","OUT","N","FUL","0.50","54.566633000000003","-121.85121700000001","6668"
"FOR_FIRE_023","on","GMT","2023-07-29T20:17:00.000Z","2023-07-30T19:00:00.000Z","OUT","N","FUL","0.10","48.651","-91.6347","6668"
"2023-G12177","bc","PDT","2023-07-23T05:34:00.000Z","2023-07-30T18:30:00.000Z","OUT","N","MOD","0.01","53.56955","-121.895967","6668"
"2023MA028","yt","PDT","2023-07-29T04:23:00.000Z","2023-07-30T18:28:00.000Z","OUT","N","FUL","0.03","63.60153","-135.92228","6668"
"23WY-JACKO","sk","CST","2023-07-25T15:05:51.000Z","2023-07-30T18:01:09.000Z","OUT","N","FUL","0.30","54.595183","-105.253417","6668"
"2023-G12321","bc","PDT","2023-07-30T00:47:00.000Z","2023-07-30T18:00:00.000Z","OUT","N","FUL","0.01","53.705967000000001","-121.98405","6668"
"GWF-055-2023","ab","MST","2023-07-30T21:20:00.000Z","2023-07-30T17:16:00.000Z","OUT","N","FUL","0.10","54.298167","-118.806283","6668"
"FOR_FIRE_022","on","GMT","2023-07-28T23:02:00.000Z","2023-07-30T17:15:00.000Z","OUT","N","FUL","0.30","49.0111","-91.7411","6668"
"SLK_FIRE_081","on","GMT","2023-07-29T23:14:00.000Z","2023-07-30T16:38:00.000Z","OUT","N","FUL","0.10","51.7085","-91.6706","6668"
"CWF-044-2023","ab","MST","2023-07-30T22:06:00.000Z","2023-07-30T16:26:00.000Z","OUT","H","FUL","0.01","49.948632","-114.442637","6668"
"WE052","mb","CDT","2023-07-23T05:00:00.000Z","2023-07-30T16:10:00.000Z","OUT","N","FUL","1.00","53.69750","-99.71556","6668"
"NIP_FIRE_068","on","GMT","2023-07-29T19:56:00.000Z","2023-07-30T15:55:00.000Z","OUT","N","FUL","0.10","50.5414","-87.9405","6668"
"23DB-KPIR02","sk","CST","2023-05-18T15:13:07.000Z","2023-07-30T14:13:16.000Z","OUT","H","MOD","9002.50","54.85375","-103.389967","6668"
"NO060","mb","CDT","2023-07-01T05:00:00.000Z","2023-07-30T14:10:00.000Z","OUT","N","MON","15.00","57.51972","-98.71250","6668"
"SWF-127-2023","ab","MST","2023-07-30T20:08:00.000Z","2023-07-30T14:09:00.000Z","OUT","H","FUL","0.01","55.151017","-114.216667","6668"
"SLK_FIRE_057","on","GMT","2023-06-27T20:25:00.000Z","2023-07-30T14:08:00.000Z","OUT","N","MON","0.20","52.0188","-92.0447","6668"
"SLK_FIRE_051","on","GMT","2023-06-23T17:44:00.000Z","2023-07-30T14:07:00.000Z","OUT","N","MON","98.00","52.4803","-89.2566","6668"
"SLK_FIRE_068","on","GMT","2023-07-04T21:23:00.000Z","2023-07-30T14:07:00.000Z","OUT","N","MON","1.00","52.142","-92.498","6668"
"23DB-KPIR03","sk","CST","2023-07-26T06:34:06.000Z","2023-07-30T14:02:40.000Z","OUT","N","MOD","7.10","54.913402","-103.326413","6668"
"23LA-CROOK","sk","CST","2023-07-26T08:11:49.000Z","2023-07-30T13:57:20.000Z","OUT","N","MOD","1.00","55.153133","-104.942333","6668"
"EWF-074-2023","ab","MST","2023-07-21T00:10:00.000Z","2023-07-30T12:53:00.000Z","OUT","N","FUL","0.15","53.107667","-116.6098","6668"
"2023BA11","pc","MDT","2023-07-31T03:37:07.000Z","2023-07-30T07:00:00.000Z","OUT","N","FUL","0.01","51.5995","-116.3432","6668"
"2023-G11526","bc","PDT","2023-07-11T01:38:00.000Z","2023-07-30T06:30:00.000Z","OUT","N","FUL","0.01","53.439500000000002","-121.79725000000001","6668"
"2023-G11993","bc","PDT","2023-07-21T07:11:00.000Z","2023-07-30T06:30:00.000Z","OUT","N","FUL","0.01","54.153283000000002","-123.11855","6668"
"2023-K22303","bc","PDT","2023-07-28T23:41:00.000Z","2023-07-30T04:30:00.000Z","OUT","N","FUL","0.01","51.026000000000003","-120.302283","6668"
"2023-G11618","bc","PDT","2023-07-13T01:39:00.000Z","2023-07-30T02:00:00.000Z","OUT","N","FUL","39.70","53.373117000000001","-123.16374999999999","6668"
"2023-N52264","bc","PDT","2023-07-25T19:26:00.000Z","2023-07-30T00:30:00.000Z","OUT","N","FUL","0.02","50.651667000000003","-117.366367","6668"
"2023-R52281","bc","PDT","2023-07-26T19:45:00.000Z","2023-07-30T00:00:00.000Z","OUT","N","FUL","0.11","55.907457999999998","-129.33512500000001","6668"
"2023-G12178","bc","PDT","2023-07-23T05:35:00.000Z","2023-07-29T23:30:00.000Z","OUT","N","FUL","0.08","53.621333","-123.111667","6668"
"2023-G12168","bc","PDT","2023-07-23T04:38:00.000Z","2023-07-29T23:30:00.000Z","OUT","N","FUL","0.50","53.711283000000002","-120.988167","6668"
"2023-G12159","bc","PDT","2023-07-23T03:18:00.000Z","2023-07-29T23:00:00.000Z","OUT","N","FUL","0.01","54.315832999999998","-121.570016","6668"
"2023-G12181","bc","PDT","2023-07-23T05:45:00.000Z","2023-07-29T23:00:00.000Z","OUT","N","FUL","0.01","53.7898","-121.57771700000001","6668"
"2023-G60858","bc","PDT","2023-06-24T03:52:00.000Z","2023-07-29T23:00:00.000Z","BH","N","FUL","4638.00","57.632432999999999","-125.92715","6668"
"WAW_FIRE_010","on","GMT","2023-07-29T00:43:00.000Z","2023-07-29T22:00:00.000Z","OUT","H","FUL","0.20","48.2938","-84.1801","6668"
"2023-G12146","bc","PDT","2023-07-23T01:44:00.000Z","2023-07-29T22:00:00.000Z","OUT","N","FUL","0.50","53.814767000000003","-120.905033","6668"
"2023-G60770","bc","PDT","2023-06-14T00:12:00.000Z","2023-07-29T20:30:00.000Z","OUT","N","FUL","60.00","56.847999999999999","-124.978533","6668"
"2023-G12157","bc","PDT","2023-07-22T23:44:00.000Z","2023-07-29T20:30:00.000Z","OUT","N","FUL","5.35","53.362783","-123.200783","6668"
"2023-G12035","bc","PDT","2023-07-22T00:18:00.000Z","2023-07-29T19:30:00.000Z","OUT","N","FUL","0.01","54.383167","-121.7915","6668"
"2023-G32199","bc","PDT","2023-07-23T21:23:00.000Z","2023-07-29T19:00:00.000Z","OUT","N","FUL","0.01","53.633499999999998","-120.546783","6668"
"2023-G12148","bc","PDT","2023-07-23T01:53:00.000Z","2023-07-29T19:00:00.000Z","OUT","N","FUL","0.30","53.7057","-120.986583","6668"
"2023-G42112","bc","PDT","2023-07-22T18:37:00.000Z","2023-07-29T18:30:00.000Z","OUT","N","FUL","0.01","54.247366999999997","-124.24161700000001","6668"
"2023-G51836","bc","PDT","2023-07-18T01:32:00.000Z","2023-07-29T18:00:00.000Z","OUT","N","FUL","0.01","54.653832999999999","-124.739366","6668"
"2023-G81492","bc","PDT","2023-07-10T20:22:00.000Z","2023-07-29T18:00:00.000Z","OUT","N","FUL","11.00","57.108783000000003","-121.098983","6668"
"2023-G12176","bc","PDT","2023-07-23T05:29:00.000Z","2023-07-29T18:00:00.000Z","OUT","N","FUL","0.01","53.742783000000003","-121.47153299999999","6668"
"23HB-SPRUCE","sk","CST","2023-07-28T21:40:36.000Z","2023-07-29T17:19:46.000Z","OUT","H","MOD","0.10","51.662887","-101.624914","6668"
"DRY_FIRE_030","on","GMT","2023-07-28T21:30:00.000Z","2023-07-29T17:14:00.000Z","OUT","N","FUL","0.10","49.4383","-91.042","6668"
"23BN-PARK","sk","CST","2023-07-26T10:33:15.000Z","2023-07-29T16:01:47.000Z","OUT","N","MOD","0.10","56.605333","-109.761667","6668"
"THU_FIRE_038","on","GMT","2023-07-28T21:16:00.000Z","2023-07-29T15:44:00.000Z","OUT","N","FUL","0.20","50.3125","-89.2788","6668"
"HWF-138-2023","ab","MST","2023-07-23T18:57:00.000Z","2023-07-29T15:30:00.000Z","OUT","N","FUL","0.20","58.348333","-118.305117","6668"
"SWF-125-2023","ab","MST","2023-07-29T20:52:00.000Z","2023-07-29T15:15:00.000Z","OUT","H","FUL","0.06","55.802217","-115.200867","6668"
"NO098","mb","CDT","2023-07-25T05:00:00.000Z","2023-07-29T15:02:00.000Z","OUT","N","MON","5.00","58.01806","-99.83833","6668"
"2023-N62301","bc","PDT","2023-07-28T22:40:00.000Z","2023-07-29T15:00:00.000Z","OUT","H","FUL","0.09","49.239716999999999","-118.696383","6668"
"HWF-132-2023","ab","MST","2023-07-14T16:45:00.000Z","2023-07-29T14:55:00.000Z","OUT","N","FUL","3.50","58.100117","-114.992383","6668"
"NO087","mb","CDT","2023-07-21T05:00:00.000Z","2023-07-29T14:45:00.000Z","OUT","N","FUL","0.50","57.01889","-101.75750","6668"
"NO059","mb","CDT","2023-07-01T05:00:00.000Z","2023-07-29T14:33:00.000Z","OUT","N","MON","0.30","57.50000","-98.45444","6668"
"NO058","mb","CDT","2023-07-01T05:00:00.000Z","2023-07-29T14:32:00.000Z","OUT","N","MON","5.00","57.49583","-98.45944","6668"
"PWF-097-2023","ab","MST","2023-07-11T03:25:00.000Z","2023-07-29T12:05:09.000Z","OUT","N","FUL","0.01","56.541217","-119.2387","6668"
"2023-G12179","bc","PDT","2023-07-23T05:38:00.000Z","2023-07-29T03:00:00.000Z","OUT","N","FUL","0.01","53.805532999999997","-121.632617","6668"
"2023DA017","yt","PDT","2023-07-28T01:10:00.000Z","2023-07-29T02:07:00.000Z","OUT","N","FUL","0.10","63.8798","-139.37033","6668"
"2023-K22290","bc","PDT","2023-07-27T15:42:00.000Z","2023-07-29T01:00:00.000Z","OUT","N","FUL","0.01","50.583367000000003","-120.007383","6668"
"FOR_FIRE_020","on","GMT","2023-07-27T18:35:00.000Z","2023-07-29T01:00:00.000Z","OUT","N","FUL","0.20","49.1551","-91.6634","6668"
"2023-K22291","bc","PDT","2023-07-27T04:07:00.000Z","2023-07-29T00:30:00.000Z","OUT","N","FUL","0.10","51.225900000000003","-119.456317","6668"
"2023-K52063","bc","PDT","2023-07-22T02:43:00.000Z","2023-07-28T23:00:00.000Z","OUT","N","FUL","0.50","49.771050000000002","-119.83246699999999","6668"
"2023-V81868","bc","PDT","2023-07-18T23:09:00.000Z","2023-07-28T23:00:00.000Z","OUT","N","FUL","0.10","50.060882999999997","-125.826117","6668"
"DRY_FIRE_031","on","GMT","2023-07-28T21:00:00.000Z","2023-07-28T22:50:00.000Z","OUT","N","FUL","0.10","50.1207","-92.8638","6668"
"2023-G41970","bc","PDT","2023-07-21T03:13:00.000Z","2023-07-28T22:30:00.000Z","OUT","N","FUL","0.01","53.290733000000003","-125.07858299999999","6668"
"2023-VA1483","bc","PDT","2023-07-10T18:05:00.000Z","2023-07-28T22:30:00.000Z","OUT","N","FUL","0.10","52.589883","-125.734667","6668"
"2023-G41220","bc","PDT","2023-07-08T01:43:00.000Z","2023-07-28T22:30:00.000Z","OUT","N","FUL","0.25","53.245899999999999","-125.28749999999999","6668"
"2023-G41606","bc","PDT","2023-07-12T23:11:00.000Z","2023-07-28T22:30:00.000Z","OUT","N","FUL","5.00","53.446832999999998","-124.409667","6668"
"2023-N42267","bc","PDT","2023-07-25T21:38:00.000Z","2023-07-28T22:30:00.000Z","OUT","N","FUL","0.01","51.164749999999998","-118.183717","6668"
"2023-K62297","bc","PDT","2023-07-28T14:05:00.000Z","2023-07-28T22:30:00.000Z","OUT","H","FUL","0.01","50.090116999999999","-120.744283","6668"
"2023-G42273","bc","PDT","2023-07-26T04:23:00.000Z","2023-07-28T22:30:00.000Z","OUT","N","FUL","0.01","54.025782999999997","-124.65445","6668"
"2023-G12270","bc","PDT","2023-07-26T02:01:00.000Z","2023-07-28T22:30:00.000Z","OUT","N","FUL","0.01","54.007150000000003","-122.42910000000001","6668"
"2023-G11893","bc","PDT","2023-07-19T21:07:00.000Z","2023-07-28T22:30:00.000Z","OUT","N","FUL","0.10","53.841749999999998","-121.173283","6668"
"2023-C21896","bc","PDT","2023-07-19T22:16:00.000Z","2023-07-28T22:30:00.000Z","OUT","N","FUL","0.41","51.904767","-122.09693300000001","6668"
"2023-C51561","bc","PDT","2023-07-11T22:51:00.000Z","2023-07-28T22:30:00.000Z","OUT","N","FUL","4.80","52.411783","-124.842167","6668"
"2023-C51363","bc","PDT","2023-07-09T03:47:00.000Z","2023-07-28T22:30:00.000Z","OUT","N","FUL","0.50","52.600932999999998","-125.702517","6668"
"2023-C51303","bc","PDT","2023-07-08T23:06:00.000Z","2023-07-28T22:30:00.000Z","OUT","N","FUL","0.01","52.605800000000002","-125.456883","6668"
"2023-C30979","bc","PDT","2023-06-29T01:01:00.000Z","2023-07-28T22:30:00.000Z","OUT","N","FUL","0.01","52.1783","-121.620633","6668"
"2023-G52127","bc","PDT","2023-07-22T23:01:00.000Z","2023-07-28T20:00:00.000Z","OUT","N","FUL","0.20","54.401583000000002","-123.48650000000001","6668"
"HWF-137-2023","ab","MST","2023-07-23T17:54:00.000Z","2023-07-28T19:50:00.000Z","OUT","N","FUL","0.90","58.338333","-119.843333","6668"
"MWF-056-2023","ab","MST","2023-07-29T01:20:00.000Z","2023-07-28T19:40:00.000Z","OUT","H","FUL","0.01","57.125","-111.626667","6668"
"2023-V31141","bc","PDT","2023-07-05T21:15:00.000Z","2023-07-28T19:30:00.000Z","OUT","H","FUL","21.00","49.693800000000003","-122.91485","6668"
"RED_FIRE_060","on","GMT","2023-07-28T16:18:00.000Z","2023-07-28T19:20:00.000Z","OUT","N","FUL","0.10","51.0874","-93.1648","6668"
"PWF-074-2023","ab","MST","2023-06-28T21:46:00.000Z","2023-07-28T19:00:00.000Z","UC","H","FUL","101.20","56.45255","-116.179783","6668"
"2023-G52285","bc","PDT","2023-07-27T00:00:00.000Z","2023-07-28T19:00:00.000Z","OUT","N","FUL","0.01","54.332366669999999","-123.49986667","6668"
"2023-R91746","bc","PDT","2023-07-16T02:45:00.000Z","2023-07-28T18:30:00.000Z","OUT","N","FUL","0.20","58.047800000000002","-130.21963299999999","6668"
"HWF-139-2023","ab","MST","2023-07-23T19:28:00.000Z","2023-07-28T18:18:02.000Z","OUT","N","FUL","0.71","58.12","-119.693333","6668"
"2023XY021","yt","PDT","2023-07-26T03:41:00.000Z","2023-07-28T17:51:00.000Z","OUT","N","FUL","0.10","61.024","-135.26018","6668"
"2023-N42286","bc","PDT","2023-07-27T03:14:00.000Z","2023-07-28T17:30:00.000Z","OUT","N","FUL","0.01","51.211950000000002","-116.69706600000001","6668"
"MWF-052-2023","ab","MST","2023-07-23T19:36:00.000Z","2023-07-28T17:00:00.000Z","OUT","N","FUL","0.50","59.28745","-111.354467","6668"
"RWF-070-2023","ab","MST","2023-07-28T00:50:00.000Z","2023-07-28T15:13:00.000Z","OUT","H","FUL","0.01","52.067833","-114.9963","6668"
"WWF-053-2023","ab","MST","2023-07-28T20:01:00.000Z","2023-07-28T14:16:00.000Z","OUT","H","FUL","0.01","54.10323","-115.68544","6668"
"HEA_FIRE_009","on","GMT","2023-07-22T22:05:00.000Z","2023-07-28T12:30:00.000Z","OUT","N","FUL","2.80","50.0062","-82.3208","6668"
"PWF-064-2023","ab","MST","2023-06-24T18:21:00.000Z","2023-07-28T11:48:00.000Z","OUT","N","FUL","0.20","57.164833","-118.4295","6668"
"GWF-041-2023","ab","MST","2023-06-12T21:10:00.000Z","2023-07-28T11:30:00.000Z","OUT","N","FUL","22.73","55.909305","-119.334747","6668"
"2023-N22280","bc","PDT","2023-07-26T19:29:00.000Z","2023-07-28T07:04:00.000Z","OUT","N","FUL","0.02","50.483032999999999","-115.904","6668"
"2023-G42292","bc","PDT","2023-07-28T00:15:00.000Z","2023-07-28T05:00:00.000Z","OUT","N","FUL","0.01","53.979050000000001","-124.666","6668"
"2023-G12263","bc","PDT","2023-07-25T20:07:00.000Z","2023-07-28T04:30:00.000Z","OUT","N","FUL","0.20","53.815049999999999","-120.913417","6668"
"2023-G11297","bc","PDT","2023-07-08T22:36:00.000Z","2023-07-28T02:30:00.000Z","OUT","N","FUL","0.50","53.647599999999997","-123.325683","6668"
"RED_FIRE_052","on","GMT","2023-07-23T20:54:00.000Z","2023-07-28T00:20:00.000Z","OUT","N","FUL","2.80","51.0682","-94.6819","6668"
"2023-N42260","bc","PDT","2023-07-25T18:32:00.000Z","2023-07-28T00:00:00.000Z","OUT","N","FUL","0.01","51.506117000000003","-118.45845","6668"
"2023-K41847","bc","PDT","2023-07-18T03:10:00.000Z","2023-07-28T00:00:00.000Z","OUT","N","FUL","0.04","50.939982999999998","-118.700783","6668"
"2023-N51423","bc","PDT","2023-07-10T00:27:00.000Z","2023-07-28T00:00:00.000Z","OUT","N","FUL","0.60","50.343299999999999","-117.669967","6668"
"2023-N51426","bc","PDT","2023-07-10T00:35:00.000Z","2023-07-27T23:30:00.000Z","OUT","N","MOD","0.10","50.347917000000002","-117.6953","6668"
"KEN_FIRE_038","on","GMT","2023-07-27T21:50:00.000Z","2023-07-27T23:20:00.000Z","OUT","H","FUL","0.10","49.7139","-94.901","6668"
"2023-C41945","bc","PDT","2023-07-20T23:19:00.000Z","2023-07-27T23:00:00.000Z","OUT","N","FUL","0.54","51.325966999999999","-122.105283","6668"
"2023-G11866","bc","PDT","2023-07-18T22:27:00.000Z","2023-07-27T22:30:00.000Z","OUT","N","FUL","0.20","53.755082999999999","-123.302217","6668"
"2023-N11737","bc","PDT","2023-07-16T00:56:00.000Z","2023-07-27T22:30:00.000Z","OUT","N","FUL","0.50","49.222250000000003","-115.178783","6668"
"2023-K41841","bc","PDT","2023-07-18T02:02:00.000Z","2023-07-27T22:30:00.000Z","OUT","N","FUL","0.02","51.349083","-118.688033","6668"
"2023-G80881","bc","PDT","2023-06-24T23:27:00.000Z","2023-07-27T22:30:00.000Z","OUT","N","FUL","0.20","57.326332999999998","-120.3365","6668"
"2023-N11700","bc","PDT","2023-07-15T00:53:00.000Z","2023-07-27T22:00:00.000Z","OUT","H","FUL","0.01","49.154800000000002","-115.13413300000001","6668"
"585","qc","EST","2023-07-04T23:10:00.000Z","2023-07-27T21:49:34.000Z","OUT","N","FUL","4.90","50.5506","-68.38","6668"
"2023-N11698","bc","PDT","2023-07-15T00:33:00.000Z","2023-07-27T21:30:00.000Z","OUT","H","FUL","0.10","49.151367","-115.125867","6668"
"108","qc","EST","2023-05-15T03:00:00.000Z","2023-07-27T21:25:04.000Z","OUT","H","FUL","2.40","48.1472","-69.7042","6668"
"SLK_FIRE_080","on","GMT","2023-07-27T16:13:00.000Z","2023-07-27T21:15:00.000Z","OUT","N","FUL","0.10","51.4916","-90.0749","6668"
"FOR_FIRE_019","on","GMT","2023-07-26T19:45:00.000Z","2023-07-27T20:39:00.000Z","OUT","N","FUL","0.10","48.5698","-91.4119","6668"
"166","qc","EST","2023-05-28T14:30:00.000Z","2023-07-27T20:12:35.000Z","OUT","H","FUL","1.70","49.055","-68.7717","6668"
"2023-K22004","bc","PDT","2023-07-21T19:25:00.000Z","2023-07-27T19:30:00.000Z","OUT","N","FUL","0.01","50.527799999999999","-120.19544999999999","6668"
"2023-K22018","bc","PDT","2023-07-21T22:00:00.000Z","2023-07-27T19:30:00.000Z","OUT","N","FUL","0.01","50.877916999999997","-120.19","6668"
"NIP_FIRE_038","on","GMT","2023-07-06T19:00:00.000Z","2023-07-27T19:21:00.000Z","OUT","N","MON","8.00","52.2832","-87.1678","6668"
"17","qc","EST","2023-04-27T19:00:00.000Z","2023-07-27T19:02:44.000Z","OUT","H","MOD","0.50","50.2869","-64.0272","6668"
"2023-V31666","bc","PDT","2023-07-13T23:22:00.000Z","2023-07-27T19:01:00.000Z","OUT","N","FUL","0.25","50.575383000000002","-123.533283","6668"
"2023-V31669","bc","PDT","2023-07-13T23:36:00.000Z","2023-07-27T18:30:00.000Z","OUT","N","FUL","0.01","50.546750000000003","-123.537417","6668"
"2023-N42224","bc","PDT","2023-07-24T02:27:00.000Z","2023-07-27T18:30:00.000Z","OUT","N","FUL","0.20","51.631900000000002","-118.13039999999999","6668"
"2023-K21984","bc","PDT","2023-07-21T04:59:00.000Z","2023-07-27T18:00:00.000Z","OUT","N","FUL","0.01","50.896383","-120.153783","6668"
"2023-V31429","bc","PDT","2023-07-10T00:39:00.000Z","2023-07-27T17:30:00.000Z","OUT","N","FUL","0.50","50.609166999999999","-123.24166700000001","6668"
"HWF-144-2023","ab","MST","2023-07-24T16:40:00.000Z","2023-07-27T17:25:05.000Z","OUT","N","FUL","0.81","58.314967","-115.282367","6668"
"23LA-LUCY","sk","CST","2023-07-23T16:04:45.000Z","2023-07-27T17:00:58.000Z","OUT","N","MOD","0.10","55.26945","-104.172933","6668"
"NIP_FIRE_041","on","GMT","2023-07-06T20:37:00.000Z","2023-07-27T17:00:00.000Z","OUT","N","MON","0.10","51.0558","-88.0479","6668"
"23LA-SUTH","sk","CST","2023-07-22T11:30:45.000Z","2023-07-27T16:59:23.000Z","OUT","N","MOD","1.70","55.338837","-104.852423","6668"
"HWF-143-2023","ab","MST","2023-07-24T00:43:00.000Z","2023-07-27T16:58:00.000Z","OUT","N","FUL","0.30","58.136033","-118.988333","6668"
"NIP_FIRE_011","on","GMT","2023-06-07T18:10:00.000Z","2023-07-27T16:53:00.000Z","OUT","N","MON","0.10","53.0156","-87.5128","6668"
"23LA-LEE","sk","CST","2023-07-26T10:09:32.000Z","2023-07-27T16:36:15.000Z","OUT","N","MOD","0.10","55.419717","-104.526483","6668"
"RED_FIRE_057","on","GMT","2023-07-24T21:08:00.000Z","2023-07-27T16:00:00.000Z","OUT","N","FUL","0.70","50.9216","-94.3293","6668"
"HWF-140-2023","ab","MST","2023-07-23T20:31:00.000Z","2023-07-27T15:46:00.000Z","OUT","N","FUL","0.07","58.135333","-119.859333","6668"
"NIP_FIRE_063","on","GMT","2023-07-24T20:58:00.000Z","2023-07-27T15:30:00.000Z","OUT","N","FUL","1.00","49.2805","-86.8987","6668"
"HEA_FIRE_010","on","GMT","2023-07-27T06:50:00.000Z","2023-07-27T15:04:00.000Z","OUT","H","FUL","0.10","49.5394","-82.9306","6668"
"23DB-LIME","sk","CST","2023-07-01T07:43:35.000Z","2023-07-27T14:39:23.000Z","OUT","N","FUL","166.50","54.607306","-103.302403","6668"
"GWF-053-2023","ab","MST","2023-07-22T18:33:00.000Z","2023-07-27T14:10:00.000Z","OUT","N","FUL","0.01","54.475","-118.640667","6668"
"23HB-SUGGI","sk","CST","2023-07-19T14:29:32.000Z","2023-07-27T14:09:54.000Z","OUT","N","FUL","6.00","54.414967","-102.79255","6668"
"RED_FIRE_059","on","GMT","2023-07-25T22:11:00.000Z","2023-07-27T14:00:00.000Z","OUT","N","FUL","0.30","51.0367","-92.6911","6668"
"NOR_FIRE_011","on","GMT","2023-07-27T00:20:00.000Z","2023-07-27T13:45:00.000Z","OUT","N","FUL","0.10","46.8472","-79.8609","6668"
"23LA-BEATTY","sk","CST","2023-07-26T10:15:08.000Z","2023-07-27T13:36:34.000Z","OUT","N","MOD","1.00","55.434917","-104.510867","6668"
"EWF-076-2023","ab","MST","2023-07-24T23:19:00.000Z","2023-07-27T13:32:00.000Z","UC","N","FUL","71.60","52.997533","-116.422117","6668"
"CWF-043-2023","ab","MST","2023-07-27T18:00:00.000Z","2023-07-27T12:21:00.000Z","OUT","H","FUL","0.01","51.271478","-115.007701","6668"
"62402","nb","ADT","2023-07-26T17:51:14.000Z","2023-07-27T12:00:00.000Z","OUT","U","FUL","0.10","45.50423","-66.51325","6668"
"WE051","mb","CDT","2023-07-23T05:00:00.000Z","2023-07-27T11:59:00.000Z","OUT","N","FUL","0.10","54.67056","-100.70111","6668"
"WE044","mb","CDT","2023-07-18T05:00:00.000Z","2023-07-27T11:58:00.000Z","OUT","N","FUL","2.40","54.01917","-99.19333","6668"
"CWF-042-2023","ab","MST","2023-07-27T17:03:00.000Z","2023-07-27T11:46:00.000Z","OUT","H","FUL","0.01","51.27082","-115.009934","6668"
"23LA-TRINITY","sk","CST","2023-07-26T10:04:39.000Z","2023-07-27T11:41:32.000Z","OUT","N","FUL","0.10","55.425833","-104.550017","6668"
"CWF-041-2023","ab","MST","2023-07-26T20:22:00.000Z","2023-07-27T11:00:00.000Z","OUT","N","FUL","0.50","51.2336","-114.870617","6668"
"23LA-GMBIR03","sk","CST","2023-07-23T11:55:33.000Z","2023-07-27T10:55:27.000Z","OUT","N","MOD","0.50","55.595","-104.620333","6668"
"23BN-DIGBY","sk","CST","2023-07-10T13:19:44.000Z","2023-07-27T08:42:52.000Z","OUT","N","MOD","22.00","56.206483","-108.797667","6668"
"WE053","mb","CDT","2023-07-24T05:00:00.000Z","2023-07-27T08:05:00.000Z","OUT","N","FUL","0.10","53.65111","-100.12389","6668"
"2023-G12272","bc","PDT","2023-07-26T03:42:00.000Z","2023-07-27T05:30:00.000Z","OUT","N","FUL","0.01","53.838067000000002","-121.01649999999999","6668"
"2023-G11472","bc","PDT","2023-07-10T04:47:00.000Z","2023-07-27T03:30:00.000Z","OUT","N","FUL","0.01","53.595666999999999","-123.226333","6668"
"2023-G12268","bc","PDT","2023-07-25T16:18:00.000Z","2023-07-27T03:00:00.000Z","OUT","N","FUL","0.01","54.4968","-121.923633","6668"
"2023-G11454","bc","PDT","2023-07-10T02:37:00.000Z","2023-07-27T02:30:00.000Z","OUT","N","FUL","14.00","53.625467","-123.472917","6668"
"2023DA013","yt","PDT","2023-07-27T00:33:00.000Z","2023-07-27T00:42:00.000Z","OUT","N","FUL","0.04","65.1847","-140.51478","6668"
"2023-R11236","bc","PDT","2023-07-08T03:07:00.000Z","2023-07-27T00:30:00.000Z","OUT","N","FUL","0.01","54.146282999999997","-126.01436699999999","6668"
"2023-N11908","bc","PDT","2023-07-20T00:23:00.000Z","2023-07-27T00:30:00.000Z","OUT","N","FUL","2.10","49.065617000000003","-115.62096699999999","6668"
"2023-G12006","bc","PDT","2023-07-21T20:00:00.000Z","2023-07-27T00:00:00.000Z","OUT","N","FUL","0.09","54.205382999999998","-123.136233","6668"
"2023-K42099","bc","PDT","2023-07-22T17:08:00.000Z","2023-07-27T00:00:00.000Z","OUT","N","FUL","0.30","50.477049999999998","-118.919467","6668"
"2023-K42136","bc","PDT","2023-07-22T23:59:00.000Z","2023-07-26T23:30:00.000Z","OUT","N","FUL","0.03","50.617533000000002","-118.780233","6668"
"2023-V61110","bc","PDT","2023-07-03T22:08:00.000Z","2023-07-26T23:00:00.000Z","OUT","H","FUL","0.01","48.465617000000002","-123.6738","6668"
"2023-V31459","bc","PDT","2023-07-10T03:02:00.000Z","2023-07-26T23:00:00.000Z","OUT","H","FUL","0.01","50.598633","-123.23075","6668"
"2023-K42265","bc","PDT","2023-07-25T20:12:00.000Z","2023-07-26T23:00:00.000Z","OUT","N","FUL","0.01","50.526049999999998","-118.831867","6668"
"2023-N51448","bc","PDT","2023-07-10T02:20:00.000Z","2023-07-26T23:00:00.000Z","OUT","N","FUL","0.10","49.109299999999998","-117.43855000000001","6668"
"2023-G71667","bc","PDT","2023-07-13T23:21:00.000Z","2023-07-26T22:00:00.000Z","OUT","N","FUL","0.20","55.681699999999999","-122.2448","6668"
"2023-G41287","bc","PDT","2023-07-08T19:25:00.000Z","2023-07-26T22:00:00.000Z","OUT","N","FUL","0.10","53.734250000000003","-124.5205","6668"
"2023-G51758","bc","PDT","2023-07-16T16:12:00.000Z","2023-07-26T22:00:00.000Z","OUT","N","FUL","3.00","54.564","-125.36153299999999","6668"
"2023-K41333","bc","PDT","2023-07-09T01:33:00.000Z","2023-07-26T22:00:00.000Z","OUT","N","FUL","0.01","50.277549999999998","-119.95699999999999","6668"
"SUD_FIRE_025","on","GMT","2023-07-25T21:50:00.000Z","2023-07-26T21:30:00.000Z","OUT","N","FUL","0.30","46.683","-80.5033","6668"
"2023-G41548","bc","PDT","2023-07-11T20:09:00.000Z","2023-07-26T21:30:00.000Z","OUT","N","FUL","0.01","53.804200000000002","-124.547417","6668"
"75","qc","EST","2023-05-12T01:00:00.000Z","2023-07-26T20:39:31.000Z","OUT","H","FUL","0.00","48.5281","-67.4783","6668"
"DRY_FIRE_029","on","GMT","2023-07-26T00:47:00.000Z","2023-07-26T20:30:00.000Z","OUT","N","FUL","0.10","49.9833","-92.5864","6668"
"2023-K21628","bc","PDT","2023-07-13T03:02:00.000Z","2023-07-26T20:30:00.000Z","OUT","N","FUL","0.55","50.879232999999999","-120.043633","6668"
"2023-C31972","bc","PDT","2023-07-21T03:17:00.000Z","2023-07-26T20:00:00.000Z","OUT","N","FUL","0.01","52.184333000000002","-121.1795","6668"
"2023-C21792","bc","PDT","2023-07-17T17:28:00.000Z","2023-07-26T19:30:00.000Z","OUT","N","FUL","0.13","52.018917000000002","-121.747283","6668"
"2023-G11863","bc","PDT","2023-07-18T21:09:00.000Z","2023-07-26T19:30:00.000Z","OUT","N","FUL","0.08","54.759166999999998","-123.14016700000001","6668"
"2023-K61969","bc","PDT","2023-07-21T02:43:00.000Z","2023-07-26T19:30:00.000Z","OUT","N","FUL","8.40","49.974367000000001","-120.55155000000001","6668"
"2023-R41961","bc","PDT","2023-07-21T01:45:00.000Z","2023-07-26T19:30:00.000Z","OUT","N","FUL","0.16","55.302166669999998","-128.05108333000001","6668"
"2023-G12239","bc","PDT","2023-07-24T21:09:00.000Z","2023-07-26T19:30:00.000Z","OUT","N","FUL","0.01","54.163550000000001","-121.27549999999999","6668"
"2023-G82110","bc","PDT","2023-07-22T18:20:00.000Z","2023-07-26T19:00:00.000Z","OUT","N","FUL","0.88","57.006117000000003","-120.078616","6668"
"2023WL006","yt","PDT","2023-06-27T23:11:00.000Z","2023-07-26T18:55:00.000Z","OUT","N","FUL","0.07","60.12135","-129.0048","6668"
"2023OC003","yt","PDT","2023-07-10T04:59:00.000Z","2023-07-26T18:55:00.000Z","OUT","N","FUL","450.00","66.78062","-137.25562","6668"
"2023OC002","yt","PDT","2023-07-07T17:10:00.000Z","2023-07-26T18:54:00.000Z","OUT","N","FUL","200.00","67.18592","-138.33303","6668"
"2023MA002","yt","PDT","2023-06-16T01:33:00.000Z","2023-07-26T18:53:00.000Z","OUT","N","FUL","0.10","63.25792","-136.54182","6668"
"2023XY011","yt","PDT","2023-05-26T22:05:00.000Z","2023-07-26T18:52:00.000Z","OUT","N","FUL","0.10","60.57038","-134.86568","6668"
"2023BC001","yt","PDT","2023-05-26T02:12:00.000Z","2023-07-26T18:51:00.000Z","OUT","N","FUL","0.01","61.85285","-140.14397","6668"
"HWF-134-2023","ab","MST","2023-07-16T21:35:00.000Z","2023-07-26T18:36:40.000Z","OUT","H","FUL","15.40","58.991833","-119.22655","6668"
"2023-G82155","bc","PDT","2023-07-23T02:50:00.000Z","2023-07-26T18:30:00.000Z","OUT","N","FUL","0.56","56.632266000000001","-121.460033","6668"
"2023-R41869","bc","PDT","2023-07-18T23:30:00.000Z","2023-07-26T18:30:00.000Z","OUT","N","FUL","0.09","55.001283000000001","-127.7413","6668"
"RED_FIRE_056","on","GMT","2023-07-24T20:15:00.000Z","2023-07-26T18:28:00.000Z","OUT","N","FUL","0.70","50.9658","-93.8352","6668"
"2023-K42165","bc","PDT","2023-07-23T04:16:00.000Z","2023-07-26T18:00:00.000Z","OUT","H","FUL","0.01","51.061582999999999","-119.06573299999999","6668"
"KEN_FIRE_036","on","GMT","2023-07-24T23:53:00.000Z","2023-07-26T17:20:00.000Z","OUT","N","FUL","0.30","50.2126","-94.761","6668"
"HWF-145-2023","ab","MST","2023-07-25T00:47:00.000Z","2023-07-26T15:58:00.000Z","OUT","N","FUL","0.30","58.941083","-116.932467","6668"
"23LA-KAMERER","sk","CST","2023-07-21T17:44:31.000Z","2023-07-26T15:55:03.000Z","OUT","N","MOD","0.40","55.620167","-104.871","6668"
"NIP_FIRE_064","on","GMT","2023-07-24T22:50:00.000Z","2023-07-26T15:50:00.000Z","OUT","N","FUL","0.50","49.5604","-87.786","6668"
"2023-N11771","bc","PDT","2023-07-16T21:40:00.000Z","2023-07-26T15:30:00.000Z","OUT","N","FUL","0.30","49.774417","-115.845967","6668"
"SLK_FIRE_079","on","GMT","2023-07-25T18:14:00.000Z","2023-07-26T15:00:00.000Z","OUT","N","FUL","0.10","50.4426","-92.9186","6668"
"CHA_FIRE_015","on","GMT","2023-07-25T20:38:00.000Z","2023-07-26T15:00:00.000Z","OUT","N","FUL","0.20","47.4209","-83.9139","6668"
"HWF-141-2023","ab","MST","2023-07-23T22:24:00.000Z","2023-07-26T13:32:00.000Z","OUT","N","FUL","0.10","58.52165","-117.432717","6668"
"WAW_FIRE_003","on","GMT","2023-05-27T18:36:00.000Z","2023-07-26T13:32:00.000Z","OUT","H","FUL","6678.10","48.5366","-85.1704","6668"
"RWF-069-2023","ab","MST","2023-07-25T20:30:00.000Z","2023-07-26T13:23:00.000Z","OUT","H","FUL","0.01","52.86245","-114.949617","6668"
"23DB-KIPP","sk","CST","2023-07-23T14:03:09.000Z","2023-07-26T11:39:37.000Z","OUT","N","MOD","0.10","55.474247","-101.999152","6668"
"WE049","mb","CDT","2023-07-22T05:00:00.000Z","2023-07-26T10:58:00.000Z","OUT","N","FUL","0.30","54.65389","-100.64722","6668"
"HWF-064-2023","ab","MST","2023-06-09T21:47:00.000Z","2023-07-26T09:05:00.000Z","UC","N","FUL","6175.00","59.283833","-119.0668","6668"
"2023TH4","pc","MDT","2023-07-27T01:00:02.000Z","2023-07-26T07:00:00.000Z","OC","H","MON","1490.00","62.3408","-109.1399","6668"
"2023-G12164","bc","PDT","2023-07-23T04:04:00.000Z","2023-07-26T05:00:00.000Z","OUT","N","FUL","0.01","54.197749999999999","-123.04733299999999","6668"
"12-014-2023","ns","ADT","2023-07-26T02:00:00.000Z","2023-07-26T03:32:45.000Z","OUT","N","FUL","0.01","45.63433456","-62.57184219","6668"
"2023TN2","pc","NDT","2023-07-26T16:19:01.000Z","2023-07-26T03:30:52.000Z","OUT","H","FUL","0.00","48.4561","-53.9474","6668"
"2023-G12020","bc","PDT","2023-07-21T22:12:00.000Z","2023-07-26T03:00:00.000Z","OUT","N","FUL","0.01","53.790967000000002","-122.190667","6668"
"2023-G50912","bc","PDT","2023-06-26T00:45:00.000Z","2023-07-26T02:30:00.000Z","BH","N","FUL","816.90","55.769266999999999","-126.375517","6668"
"2023-G12021","bc","PDT","2023-07-21T22:08:00.000Z","2023-07-26T02:30:00.000Z","OUT","N","FUL","0.50","53.909216999999998","-121.82689999999999","6668"
"2023-G61997","bc","PDT","2023-07-21T15:12:00.000Z","2023-07-26T00:00:00.000Z","OUT","N","FUL","0.01","55.317132999999998","-122.5252","6668"
"2023-V31374","bc","PDT","2023-07-09T13:37:00.000Z","2023-07-25T23:30:00.000Z","OUT","H","FUL","0.90","49.964033000000001","-123.160033","6668"
"2023-V31209","bc","PDT","2023-07-08T00:32:00.000Z","2023-07-25T22:30:00.000Z","OUT","N","FUL","0.01","50.586216999999998","-123.127583","6668"
"2023-N72106","bc","PDT","2023-07-22T18:12:00.000Z","2023-07-25T22:00:00.000Z","OUT","N","FUL","0.01","50.590800000000002","-117.382617","6668"
"2023-G11889","bc","PDT","2023-07-19T19:46:00.000Z","2023-07-25T21:30:00.000Z","OUT","N","FUL","0.00","54.987333","-122.881833","6668"
"2023-C11458","bc","PDT","2023-07-10T02:49:00.000Z","2023-07-25T21:00:00.000Z","OUT","N","FUL","10.00","52.77375","-122.307283","6668"
"2023-R41583","bc","PDT","2023-07-12T05:55:00.000Z","2023-07-25T21:00:00.000Z","OUT","N","FUL","0.01","55.318383330000003","-127.64658333","6668"
"2023-G12132","bc","PDT","2023-07-22T23:45:00.000Z","2023-07-25T21:00:00.000Z","OUT","N","FUL","0.50","53.936332999999998","-122.101817","6668"
"2023-R42244","bc","PDT","2023-07-24T23:35:00.000Z","2023-07-25T21:00:00.000Z","OUT","N","FUL","0.06","55.207583","-128.06874999999999","6668"
"2023-R21641","bc","PDT","2023-07-13T04:43:00.000Z","2023-07-25T21:00:00.000Z","OUT","N","FUL","0.20","54.934382999999997","-126.65863299999999","6668"
"2023-R12030","bc","PDT","2023-07-21T23:19:00.000Z","2023-07-25T20:30:00.000Z","OUT","N","FUL","0.01","53.579250000000002","-126.135717","6668"
"2023-G12162","bc","PDT","2023-07-23T03:50:00.000Z","2023-07-25T20:30:00.000Z","OUT","N","FUL","0.46","54.025649999999999","-123.447067","6668"
"2023-K62049","bc","PDT","2023-07-22T01:44:00.000Z","2023-07-25T19:30:00.000Z","OUT","N","FUL","0.40","49.865049999999997","-120.476383","6668"
"2023-K62022","bc","PDT","2023-07-21T21:55:00.000Z","2023-07-25T19:00:00.000Z","OUT","N","FUL","0.50","49.293283000000002","-120.41455000000001","6668"
"2023-R31373","bc","PDT","2023-07-09T05:41:00.000Z","2023-07-25T19:00:00.000Z","OUT","N","FUL","0.19","54.765582999999999","-127.04041599999999","6668"
"2023-C11796","bc","PDT","2023-07-17T18:39:00.000Z","2023-07-25T19:00:00.000Z","OUT","H","FUL","0.10","53.187199999999997","-123.121717","6668"
"2023-V31207","bc","PDT","2023-07-08T00:17:00.000Z","2023-07-25T18:30:00.000Z","OUT","N","FUL","0.15","50.597450000000002","-123.28295","6668"
"2023-G12212","bc","PDT","2023-07-24T00:33:00.000Z","2023-07-25T18:30:00.000Z","OUT","N","FUL","0.01","54.272666999999998","-122.369167","6668"
"2023-G82246","bc","PDT","2023-07-25T00:23:00.000Z","2023-07-25T18:00:00.000Z","OUT","N","FUL","0.02","56.628867","-120.372317","6668"
"2023-G12094","bc","PDT","2023-07-22T16:17:00.000Z","2023-07-25T18:00:00.000Z","OUT","N","FUL","0.01","53.749682999999997","-122.56175","6668"
"MWF-051-2023","ab","MST","2023-07-21T02:09:00.000Z","2023-07-25T17:45:00.000Z","OUT","N","FUL","0.90","59.780667","-111.363","6668"
"EWF-077-2023","ab","MST","2023-07-25T21:50:00.000Z","2023-07-25T17:05:00.000Z","OUT","N","FUL","0.01","53.718717","-116.8795","6668"
"23DB-PNIR18","sk","CST","2023-07-23T13:27:35.000Z","2023-07-25T16:32:02.000Z","OUT","H","MOD","0.10","55.17245","-102.9281","6668"
"EA074","mb","CDT","2023-07-19T05:00:00.000Z","2023-07-25T14:40:00.000Z","OUT","H","FUL","0.10","52.32861","-96.97500","6668"
"NO088","mb","CDT","2023-07-21T05:00:00.000Z","2023-07-25T14:23:00.000Z","OUT","N","MON","2.00","54.06667","-94.47750","6668"
"RED_FIRE_058","on","GMT","2023-07-24T23:54:00.000Z","2023-07-25T13:30:00.000Z","OUT","N","FUL","0.20","50.5813","-94.0162","6668"
"PWF-126-2023","ab","MST","2023-07-24T04:15:00.000Z","2023-07-25T11:45:00.000Z","OUT","N","FUL","0.20","56.725667","-118.283667","6668"
"THU_FIRE_037","on","GMT","2023-07-24T19:04:00.000Z","2023-07-25T11:15:00.000Z","OUT","N","FUL","0.10","48.8779","-90.7244","6668"
"SWF-124-2023","ab","MST","2023-07-25T15:37:00.000Z","2023-07-25T10:31:00.000Z","OUT","N","FUL","0.01","55.3165","-115.49885","6668"
"23LA-DALY","sk","CST","2023-06-13T17:07:28.000Z","2023-07-25T09:06:19.000Z","OUT","N","MOD","450.00","56.50095","-105.609367","6668"
"23SR-CIR03","sk","CST","2023-07-20T10:21:52.000Z","2023-07-25T09:04:36.000Z","OUT","H","MOD","0.10","59.152603","-105.634922","6668"
"WE050","mb","CDT","2023-07-23T05:00:00.000Z","2023-07-25T08:41:00.000Z","OUT","N","FUL","0.10","55.47611","-102.00306","6668"
"WE045","mb","CDT","2023-07-19T05:00:00.000Z","2023-07-25T08:40:00.000Z","OUT","N","FUL","2.00","55.17528","-101.79694","6668"
"2023BA10","pc","MDT","2023-07-25T16:17:54.000Z","2023-07-25T07:00:00.000Z","OUT","H","FUL","0.00","51.232","-115.5092","6668"
"2023-G62120","bc","PDT","2023-07-22T03:13:00.000Z","2023-07-25T05:30:00.000Z","OUT","N","FUL","0.01","55.190167000000002","-123.186283","6668"
"2023DA007","yt","PDT","2023-07-24T02:10:00.000Z","2023-07-25T02:22:00.000Z","OUT","N","FUL","0.01","64.1237","-138.84943","6668"
"2023-C52040","bc","PDT","2023-07-22T00:55:00.000Z","2023-07-25T01:00:00.000Z","OUT","N","FUL","0.01","51.975166999999999","-123.149333","6668"
"2023-G91933","bc","PDT","2023-07-20T20:51:00.000Z","2023-07-25T00:30:00.000Z","OC","H","MON","2272.00","59.463000000000001","-120.0004","6668"
"THU_FIRE_036","on","GMT","2023-07-24T17:47:00.000Z","2023-07-25T00:24:00.000Z","OUT","N","FUL","0.10","48.7789","-90.3924","6668"
"RED_FIRE_054","on","GMT","2023-07-23T22:47:00.000Z","2023-07-25T00:20:00.000Z","OUT","N","FUL","0.30","51.1607","-94.9242","6668"
"2023-G41967","bc","PDT","2023-07-21T00:30:00.000Z","2023-07-25T00:00:00.000Z","OUT","N","FUL","0.10","53.278367000000003","-125.06311700000001","6668"
"RED_FIRE_055","on","GMT","2023-07-24T19:19:00.000Z","2023-07-25T00:00:00.000Z","OUT","N","FUL","0.10","51.1691","-94.0491","6668"
"2023-N11368","bc","PDT","2023-07-09T04:14:00.000Z","2023-07-24T23:30:00.000Z","OUT","H","FUL","0.10","49.031283000000002","-115.07946699999999","6668"
"2023-G11372","bc","PDT","2023-07-09T05:18:00.000Z","2023-07-24T23:30:00.000Z","OUT","N","FUL","8.27","54.723500000000001","-123.327","6668"
"2023-V81867","bc","PDT","2023-07-18T23:06:00.000Z","2023-07-24T23:00:00.000Z","OUT","N","FUL","0.01","50.512332999999998","-125.290283","6668"
"2023-N11498","bc","PDT","2023-07-10T21:33:00.000Z","2023-07-24T23:00:00.000Z","OUT","H","FUL","0.80","49.082299999999996","-115.10155","6668"
"2023-N42105","bc","PDT","2023-07-22T18:05:00.000Z","2023-07-24T23:00:00.000Z","OUT","N","FUL","0.01","51.005066999999997","-116.228683","6668"
"2023-K40206","bc","PDT","2023-05-04T21:04:00.000Z","2023-07-24T22:30:00.000Z","OUT","N","FUL","0.01","51.076332999999998","-118.942133","6668"
"NIP_FIRE_061","on","GMT","2023-07-23T18:48:00.000Z","2023-07-24T21:30:00.000Z","OUT","N","FUL","0.10","49.1713","-87.7236","6668"
"2023-G62101","bc","PDT","2023-07-22T17:45:00.000Z","2023-07-24T21:00:00.000Z","OUT","N","FUL","0.01","55.643383","-123.55029999999999","6668"
"2023-K41888","bc","PDT","2023-07-19T19:21:00.000Z","2023-07-24T21:00:00.000Z","OUT","N","FUL","0.30","50.802267000000001","-119.030717","6668"
"2023-K41846","bc","PDT","2023-07-18T03:17:00.000Z","2023-07-24T21:00:00.000Z","OUT","N","FUL","0.01","50.837983000000001","-118.88079999999999","6668"
"206","qc","EST","2023-05-31T04:30:00.000Z","2023-07-24T20:34:25.000Z","OUT","H","FUL","0.00","50.2056","-66.3592","6668"
"2023-G11978","bc","PDT","2023-07-21T03:38:00.000Z","2023-07-24T20:30:00.000Z","OUT","N","FUL","6.30","54.573867","-123.30291699999999","6668"
"2023-V31288","bc","PDT","2023-07-08T19:35:00.000Z","2023-07-24T20:30:00.000Z","OUT","N","FUL","0.01","49.582217","-123.151617","6668"
"2023-G12173","bc","PDT","2023-07-23T04:59:00.000Z","2023-07-24T20:30:00.000Z","OUT","N","FUL","0.01","53.654499999999999","-122.807","6668"
"23LA-BIDEN","sk","CST","2023-07-21T19:50:50.000Z","2023-07-24T19:51:01.000Z","OUT","N","FUL","0.10","54.897117","-105.457167","6668"
"2023-V81858","bc","PDT","2023-07-18T18:35:00.000Z","2023-07-24T19:30:00.000Z","OUT","N","FUL","0.01","50.536650000000002","-125.271517","6668"
"2023-G90949","bc","PDT","2023-06-28T00:51:00.000Z","2023-07-24T19:00:00.000Z","BH","N","MON","5278.13","59.628","-126.95316699999999","6668"
"2023-V81811","bc","PDT","2023-07-17T21:56:00.000Z","2023-07-24T19:00:00.000Z","OUT","N","FUL","0.01","50.496699999999997","-125.31863300000001","6668"
"2023-G90956","bc","PDT","2023-06-28T03:39:00.000Z","2023-07-24T19:00:00.000Z","BH","N","MON","12107.21","59.524833000000001","-126.65083300000001","6668"
"2023-K61940","bc","PDT","2023-07-20T21:49:00.000Z","2023-07-24T19:00:00.000Z","OUT","N","FUL","1.50","49.908183000000001","-120.658733","6668"
"NO041","mb","CDT","2023-06-18T05:00:00.000Z","2023-07-24T18:57:00.000Z","OUT","N","MON","309.50","56.70917","-98.47917","6668"
"NO042","mb","CDT","2023-06-18T05:00:00.000Z","2023-07-24T18:57:00.000Z","OUT","N","MON","749.20","56.66056","-98.39833","6668"
"NOR_FIRE_010","on","GMT","2023-07-24T17:19:00.000Z","2023-07-24T18:49:00.000Z","OUT","N","FUL","0.10","45.9082","-79.9116","6668"
"2023-G90776","bc","PDT","2023-06-14T04:03:00.000Z","2023-07-24T18:30:00.000Z","BH","N","MON","804.46","58.222566999999998","-123.88466699999999","6668"
"2023-G90790","bc","PDT","2023-06-15T03:22:00.000Z","2023-07-24T18:30:00.000Z","BH","N","MON","10.00","57.899633000000001","-123.610333","6668"
"2023-G32059","bc","PDT","2023-07-22T02:21:00.000Z","2023-07-24T18:30:00.000Z","OUT","N","FUL","0.01","52.901282999999999","-119.2705","6668"
"2023-K61950","bc","PDT","2023-07-21T00:09:00.000Z","2023-07-24T18:30:00.000Z","OUT","N","FUL","0.20","49.520150000000001","-120.741067","6668"
"RED_FIRE_053","on","GMT","2023-07-23T22:30:00.000Z","2023-07-24T17:00:00.000Z","OUT","N","FUL","0.50","50.9766","-94.908","6668"
"2023-G61629","bc","PDT","2023-07-13T02:21:00.000Z","2023-07-24T17:00:00.000Z","OUT","N","FUL","1.00","57.054683330000003","-125.21028333","6668"
"PWF-124-2023","ab","MST","2023-07-24T00:16:00.000Z","2023-07-24T17:00:00.000Z","OUT","N","FUL","0.10","56.633567","-118.54","6668"
"23WY-ROBB","sk","CST","2023-07-21T12:40:19.000Z","2023-07-24T16:44:59.000Z","OUT","N","FUL","0.20","54.478617","-105.09115","6668"
"350","qc","EST","2023-05-30T05:20:00.000Z","2023-07-24T15:56:30.000Z","OUT","N","FUL","416.80","48.1392","-75.3078","6668"
"365","qc","EST","2023-06-01T17:00:00.000Z","2023-07-24T15:52:15.000Z","OUT","N","FUL","276.00","48.3983","-74.8239","6668"
"388","qc","EST","2023-06-01T17:00:00.000Z","2023-07-24T15:50:47.000Z","OUT","N","FUL","64.30","48.0128","-75.8644","6668"
"NO078","mb","CDT","2023-07-03T05:00:00.000Z","2023-07-24T15:29:00.000Z","OUT","N","MON","260.00","56.61750","-93.37056","6668"
"NO079","mb","CDT","2023-07-03T05:00:00.000Z","2023-07-24T15:29:00.000Z","OUT","N","MON","145.00","56.75167","-93.27861","6668"
"GWF-054-2023","ab","MST","2023-07-24T17:43:00.000Z","2023-07-24T14:45:00.000Z","OUT","N","FUL","0.01","54.7665","-119.0535","6668"
"KLK_FIRE_005","on","GMT","2023-06-07T19:20:00.000Z","2023-07-24T14:30:00.000Z","OUT","N","FUL","2300.00","47.5769","-80.248","6668"
"23LA-MOOSE","sk","CST","2023-07-23T13:14:30.000Z","2023-07-24T14:29:50.000Z","OUT","N","MOD","0.50","55.258033","-104.1767","6668"
"WE046","mb","CDT","2023-07-19T05:00:00.000Z","2023-07-24T13:38:00.000Z","OUT","N","MON","0.10","55.21806","-101.86194","6668"
"WE048","mb","CDT","2023-07-21T05:00:00.000Z","2023-07-24T13:38:00.000Z","OUT","N","FUL","0.10","55.43306","-101.72000","6668"
"SWF-123-2023","ab","MST","2023-07-24T17:45:00.000Z","2023-07-24T13:04:00.000Z","OUT","H","FUL","0.01","55.433945","-116.616967","6668"
"THU_FIRE_035","on","GMT","2023-07-23T21:27:00.000Z","2023-07-24T13:00:00.000Z","OUT","N","FUL","0.10","50.7416","-89.4059","6668"
"EWF-075-2023","ab","MST","2023-07-24T16:15:00.000Z","2023-07-24T12:40:00.000Z","OUT","N","FUL","0.01","53.802917","-116.470533","6668"
"PWF-085-2023","ab","MST","2023-07-01T20:18:00.000Z","2023-07-24T11:42:00.000Z","OUT","H","FUL","0.01","56.469717","-116.3933","6668"
"PWF-099-2023","ab","MST","2023-07-12T21:34:00.000Z","2023-07-24T10:42:00.000Z","OUT","N","FUL","0.01","56.700667","-118.746167","6668"
"2023-G12205","bc","PDT","2023-07-23T22:43:00.000Z","2023-07-24T04:30:00.000Z","OUT","N","FUL","0.01","53.682316999999998","-123.352333","6668"
"2023-G42122","bc","PDT","2023-07-22T21:51:00.000Z","2023-07-24T04:30:00.000Z","OUT","N","FUL","0.01","54.200916999999997","-124.38161700000001","6668"
"2023-G41949","bc","PDT","2023-07-21T00:19:00.000Z","2023-07-24T04:30:00.000Z","OUT","N","FUL","1.00","53.646749999999997","-123.71810000000001","6668"
"2023-G32017","bc","PDT","2023-07-21T21:49:00.000Z","2023-07-24T03:00:00.000Z","OUT","N","FUL","0.05","52.817082999999997","-119.14961700000001","6668"
"2023-G12129","bc","PDT","2023-07-22T23:19:00.000Z","2023-07-24T02:30:00.000Z","OUT","N","FUL","0.01","53.934167000000002","-122.644417","6668"
"2023-G12034","bc","PDT","2023-07-21T23:23:00.000Z","2023-07-24T02:00:00.000Z","OUT","N","FUL","0.04","53.776833000000003","-123.1995","6668"
"2023-R32118","bc","PDT","2023-07-22T21:08:00.000Z","2023-07-24T01:00:00.000Z","OUT","N","FUL","0.01","54.731717000000003","-126.783783","6668"
"2023-G11924","bc","PDT","2023-07-20T04:59:00.000Z","2023-07-24T00:30:00.000Z","OUT","N","FUL","0.20","53.877882999999997","-122.181617","6668"
"2023-G11964","bc","PDT","2023-07-21T02:14:00.000Z","2023-07-24T00:30:00.000Z","OUT","N","FUL","0.01","54.204416999999999","-121.700666","6668"
"2023-R32103","bc","PDT","2023-07-22T17:57:00.000Z","2023-07-24T00:30:00.000Z","OUT","N","FUL","0.01","54.699617000000003","-126.84025","6668"
"NIP_FIRE_059","on","GMT","2023-07-22T23:24:00.000Z","2023-07-24T00:00:00.000Z","OUT","N","FUL","0.20","49.2244","-87.3357","6668"
"2023-G42121","bc","PDT","2023-07-22T21:49:00.000Z","2023-07-23T23:00:00.000Z","OUT","N","FUL","0.01","54.095416999999998","-124.39825","6668"
"2023-C31905","bc","PDT","2023-07-19T22:19:00.000Z","2023-07-23T23:00:00.000Z","OUT","N","FUL","2.40","52.533867000000001","-121.36945","6668"
"THU_FIRE_034","on","GMT","2023-07-23T19:16:00.000Z","2023-07-23T22:40:00.000Z","OUT","N","FUL","0.10","50.8021","-89.2131","6668"
"2023-G41425","bc","PDT","2023-07-10T00:32:00.000Z","2023-07-23T22:30:00.000Z","OUT","N","MON","7.50","53.660117","-123.736617","6668"
"2023-G42060","bc","PDT","2023-07-22T02:32:00.000Z","2023-07-23T21:00:00.000Z","OUT","N","FUL","0.01","54.270032999999998","-124.213283","6668"
"2023-G52016","bc","PDT","2023-07-21T21:39:00.000Z","2023-07-23T20:30:00.000Z","OUT","N","FUL","0.01","54.573799999999999","-124.91371700000001","6668"
"2023-G11786","bc","PDT","2023-07-17T02:00:00.000Z","2023-07-23T20:30:00.000Z","OUT","N","FUL","0.01","53.730333000000002","-122.850466","6668"
"23HB-PINE","sk","CST","2023-07-19T16:07:52.000Z","2023-07-23T20:08:13.000Z","OUT","N","MOD","0.10","54.021067","-102.498417","6668"
"2023-G11864","bc","PDT","2023-07-18T21:10:00.000Z","2023-07-23T20:00:00.000Z","OUT","N","FUL","0.01","54.761333","-123.191833","6668"
"2023-N22131","bc","PDT","2023-07-22T22:50:00.000Z","2023-07-23T20:00:00.000Z","OUT","N","FUL","0.01","50.94605","-116.379717","6668"
"NIP_FIRE_058","on","GMT","2023-07-22T18:25:00.000Z","2023-07-23T20:00:00.000Z","OUT","N","FUL","0.10","49.3786","-87.3833","6668"
"THU_FIRE_033","on","GMT","2023-07-23T16:08:00.000Z","2023-07-23T19:30:00.000Z","OUT","N","FUL","0.10","48.7707","-90.3112","6668"
"2023-G11871","bc","PDT","2023-07-18T23:58:00.000Z","2023-07-23T18:00:00.000Z","OUT","N","FUL","0.20","53.992832999999997","-122.5622","6668"
"NIP_FIRE_060","on","GMT","2023-07-23T14:20:00.000Z","2023-07-23T17:30:00.000Z","OUT","N","FUL","0.10","49.2048","-88.3144","6668"
"THU_FIRE_032","on","GMT","2023-07-23T00:04:00.000Z","2023-07-23T17:30:00.000Z","OUT","N","FUL","0.10","50.3344","-88.7992","6668"
"2023-G71764","bc","PDT","2023-07-16T19:37:00.000Z","2023-07-23T17:30:00.000Z","OUT","N","FUL","0.20","55.904417000000002","-122.80421699999999","6668"
"NIP_FIRE_057","on","GMT","2023-07-22T18:09:00.000Z","2023-07-23T17:00:00.000Z","OUT","N","FUL","0.10","49.4778","-87.4175","6668"
"2023-N71820","bc","PDT","2023-07-18T00:20:00.000Z","2023-07-23T17:00:00.000Z","OUT","N","FUL","0.01","49.532867000000003","-117.05745","6668"
"GWF-052-2023","ab","MST","2023-07-22T17:10:00.000Z","2023-07-23T15:45:00.000Z","OUT","N","FUL","0.01","55.33405","-117.0003","6668"
"TIM_FIRE_009","on","GMT","2023-07-22T23:45:00.000Z","2023-07-23T15:05:00.000Z","OUT","H","FUL","0.10","48.5095","-81.1969","6668"
"PWF-086-2023","ab","MST","2023-07-01T20:54:00.000Z","2023-07-23T14:15:00.000Z","OUT","N","FUL","0.01","56.767433","-118.532517","6668"
"WWF-052-2023","ab","MST","2023-07-23T16:25:00.000Z","2023-07-23T13:30:00.000Z","OUT","N","FUL","0.01","54.313667","-116.151383","6668"
"PWF-116-2023","ab","MST","2023-07-22T22:53:00.000Z","2023-07-23T10:45:00.000Z","OUT","H","FUL","1.93","56.268237","-118.242198","6668"
"LWF-174-2023","ab","MST","2023-07-23T15:35:00.000Z","2023-07-23T09:50:00.000Z","OUT","H","FUL","0.01","54.498475","-111.715311","6668"
"2023-G12152","bc","PDT","2023-07-23T01:56:00.000Z","2023-07-23T09:30:00.000Z","OUT","N","FUL","0.01","54.139650000000003","-123.060883","6668"
"2023TH3","pc","MDT","2023-07-22T16:48:10.000Z","2023-07-23T07:00:00.000Z","OC","U","MON","2565.00","62.8605","-107.3331","6668"
"2023KO4","pc","MDT","2023-07-09T15:30:07.000Z","2023-07-23T07:00:00.000Z","OUT","N","FUL","8.00","50.725","-115.959","6668"
"2023JA12","pc","MDT","2023-07-23T06:28:26.000Z","2023-07-23T07:00:00.000Z","OUT","N","FUL","1.00","52.9348","-118.4149","6668"
"2023-R22058","bc","PDT","2023-07-22T02:23:00.000Z","2023-07-23T05:00:00.000Z","OUT","N","FUL","0.04","54.912533000000003","-126.23735000000001","6668"
"2023-G41035","bc","PDT","2023-07-01T20:51:00.000Z","2023-07-23T05:00:00.000Z","OUT","N","FUL","1.88","53.713883000000003","-124.685883","6668"
"2023-G41208","bc","PDT","2023-07-08T00:21:00.000Z","2023-07-23T05:00:00.000Z","OUT","N","FUL","8.11","54.120199999999997","-125.11236700000001","6668"
"2023-G11954","bc","PDT","2023-07-21T01:05:00.000Z","2023-07-23T01:30:00.000Z","OUT","N","FUL","0.10","53.886833000000003","-121.8335","6668"
"2023-G42010","bc","PDT","2023-07-21T20:33:00.000Z","2023-07-23T01:00:00.000Z","OUT","N","FUL","0.01","53.763517","-124.81","6668"
"2023-G11910","bc","PDT","2023-07-20T00:32:00.000Z","2023-07-23T01:00:00.000Z","OUT","N","FUL","0.01","53.82255","-122.0705","6668"
"2023CA004","yt","PDT","2023-07-22T20:28:00.000Z","2023-07-23T00:33:00.000Z","OUT","N","FUL","0.01","62.61297","-137.47873","6668"
"2023-G42011","bc","PDT","2023-07-21T20:34:00.000Z","2023-07-23T00:30:00.000Z","OUT","N","FUL","0.01","53.756250000000001","-124.836533","6668"
"2023-G42023","bc","PDT","2023-07-21T22:21:00.000Z","2023-07-23T00:30:00.000Z","OUT","N","FUL","0.01","54.296883000000001","-124.370133","6668"
"2023-G41966","bc","PDT","2023-07-21T02:28:00.000Z","2023-07-23T00:00:00.000Z","OUT","N","FUL","4.20","53.518467000000001","-124.557833","6668"
"2023RR007","yt","PDT","2023-07-22T04:35:00.000Z","2023-07-22T23:47:00.000Z","OUT","N","FUL","0.01","61.9817","-132.5031","6668"
"2023-R41632","bc","PDT","2023-07-13T03:34:00.000Z","2023-07-22T23:00:00.000Z","OUT","N","FUL","0.16","55.545116999999998","-127.077433","6668"
"2023-G11819","bc","PDT","2023-07-17T23:49:00.000Z","2023-07-22T23:00:00.000Z","OUT","N","FUL","0.01","54.629866999999997","-122.222717","6668"
"THU_FIRE_031","on","GMT","2023-07-21T22:01:00.000Z","2023-07-22T22:00:00.000Z","OUT","N","FUL","0.20","50.3502","-88.1996","6668"
"635","qc","EST","2023-07-19T11:45:00.000Z","2023-07-22T21:19:47.000Z","OUT","H","FUL","0.00","48.4672","-67.0822","6668"
"632","qc","EST","2023-07-15T09:30:00.000Z","2023-07-22T21:08:21.000Z","OUT","N","FUL","0.00","48.175","-68.6586","6668"
"631","qc","EST","2023-07-14T20:00:00.000Z","2023-07-22T20:56:02.000Z","OUT","H","FUL","0.00","48.4708","-67.0975","6668"
"RED_FIRE_050","on","GMT","2023-07-22T16:31:00.000Z","2023-07-22T20:30:00.000Z","OUT","N","FUL","0.10","52.7832","-93.2899","6668"
"RED_FIRE_051","on","GMT","2023-07-22T18:33:00.000Z","2023-07-22T19:45:00.000Z","OUT","N","FUL","0.10","51.5213","-93.7314","6668"
"434","qc","EST","2023-06-05T23:30:00.000Z","2023-07-22T18:55:39.000Z","OUT","H","FUL","0.50","49.5792","-67.8656","6668"
"RED_FIRE_049","on","GMT","2023-07-21T21:13:00.000Z","2023-07-22T18:45:00.000Z","OUT","N","FUL","0.10","52.8436","-93.4105","6668"
"23LX-MANTLE","sk","CST","2023-07-19T20:01:24.000Z","2023-07-22T18:39:10.000Z","OUT","N","FUL","0.30","55.572333","-107.496317","6668"
"2023-R40823","bc","PDT","2023-06-19T05:09:00.000Z","2023-07-22T18:30:00.000Z","OUT","H","FUL","0.03","55.576332999999998","-127.794083","6668"
"PWF-094-2023","ab","MST","2023-07-10T16:41:00.000Z","2023-07-22T18:15:00.000Z","OUT","N","FUL","1.59","56.891447","-118.425612","6668"
"2023-R31579","bc","PDT","2023-07-12T01:05:00.000Z","2023-07-22T18:00:00.000Z","OUT","N","FUL","0.01","54.733866999999996","-126.998717","6668"
"594","qc","EST","2023-07-06T18:44:00.000Z","2023-07-22T16:32:26.000Z","OUT","N","FUL","0.00","48.0083","-67.5136","6668"
"CWF-040-2023","ab","MST","2023-07-22T21:05:00.000Z","2023-07-22T15:13:00.000Z","OUT","H","FUL","0.01","51.55045","-115.205117","6668"
"23DB-MCKINLEY","sk","CST","2023-07-22T12:11:19.000Z","2023-07-22T14:44:40.000Z","OUT","H","FUL","0.10","55.171839","-102.941741","6668"
"PWF-077-2023","ab","MST","2023-06-29T22:21:00.000Z","2023-07-22T14:25:00.000Z","OUT","H","FUL","0.01","56.5985","-117.712833","6668"
"PWF-087-2023","ab","MST","2023-07-05T16:57:00.000Z","2023-07-22T13:50:00.000Z","OUT","H","FUL","0.02","56.360833","-117.424","6668"
"RED_FIRE_026","on","GMT","2023-06-10T19:44:00.000Z","2023-07-22T13:35:00.000Z","OUT","N","FUL","169.70","51.3788","-92.9906","6668"
"CWF-039-2023","ab","MST","2023-07-22T18:36:00.000Z","2023-07-22T12:52:00.000Z","OUT","H","FUL","0.01","51.632","-115.098783","6668"
"HWF-131-2023","ab","MST","2023-07-13T21:59:00.000Z","2023-07-22T12:49:00.000Z","OUT","N","FUL","4.00","59.4351","-119.9334","6668"
"PWF-101-2023","ab","MST","2023-07-13T00:11:00.000Z","2023-07-22T12:40:00.000Z","OUT","N","FUL","0.34","56.721133","-117.794233","6668"
"PWF-111-2023","ab","MST","2023-07-19T23:25:00.000Z","2023-07-22T11:25:00.000Z","OUT","H","FUL","2.18","56.367183","-117.076172","6668"
"CWF-038-2023","ab","MST","2023-07-22T17:11:00.000Z","2023-07-22T11:20:00.000Z","OUT","H","FUL","0.01","51.573467","-114.987217","6668"
"PWF-113-2023","ab","MST","2023-07-22T15:36:00.000Z","2023-07-22T09:40:00.000Z","OUT","N","FUL","0.01","57.306467","-118.547967","6668"
"2023TH1","pc","MDT","2023-07-22T22:42:45.000Z","2023-07-22T07:00:00.000Z","OC","U","MON","1765.00","63.0052","-108.509","6668"
"2023TH2","pc","MDT","2023-07-22T22:55:39.000Z","2023-07-22T07:00:00.000Z","OC","U","MON","1400.00","63.1422","-107.6286","6668"
"2023-G11879","bc","PDT","2023-07-19T04:38:00.000Z","2023-07-22T03:00:00.000Z","OUT","N","FUL","0.60","53.981667000000002","-121.889833","6668"
"2023-G32038","bc","PDT","2023-07-22T00:31:00.000Z","2023-07-22T02:00:00.000Z","OUT","N","FUL","0.01","52.793582999999998","-119.251283","6668"
"2023-K41935","bc","PDT","2023-07-20T21:00:00.000Z","2023-07-22T01:30:00.000Z","OUT","N","FUL","0.03","50.855682999999999","-119.532967","6668"
"2023-G80617","bc","PDT","2023-06-05T00:27:00.000Z","2023-07-22T01:30:00.000Z","OUT","N","FUL","0.18","57.493667000000002","-120.76046700000001","6668"
"2023-V81909","bc","PDT","2023-07-20T00:27:00.000Z","2023-07-22T00:30:00.000Z","OUT","N","FUL","0.10","50.456032999999998","-125.38345","6668"
"2023-N61899","bc","PDT","2023-07-19T22:25:00.000Z","2023-07-22T00:00:00.000Z","OUT","N","FUL","0.22","49.140483000000003","-118.62815000000001","6668"
"2023-K41353","bc","PDT","2023-07-09T03:04:00.000Z","2023-07-21T23:30:00.000Z","OUT","N","MON","0.50","50.761333","-118.49386699999999","6668"
"2023-K41515","bc","PDT","2023-07-11T01:32:00.000Z","2023-07-21T22:30:00.000Z","OUT","N","FUL","0.01","51.127032999999997","-119.32646699999999","6668"
"2023-N50762","bc","PDT","2023-06-13T17:27:00.000Z","2023-07-21T21:00:00.000Z","OUT","N","MOD","0.01","49.337017000000003","-117.1966","6668"
"2023-K21799","bc","PDT","2023-07-17T19:23:00.000Z","2023-07-21T20:00:00.000Z","OUT","N","FUL","0.01","50.701233000000002","-120.12915","6668"
"2023-G41959","bc","PDT","2023-07-21T01:40:00.000Z","2023-07-21T20:00:00.000Z","OUT","N","FUL","0.20","54.012967000000003","-124.881533","6668"
"2023-N41766","bc","PDT","2023-07-16T20:59:00.000Z","2023-07-21T19:30:00.000Z","OUT","N","MOD","0.02","51.929366999999999","-118.61286699999999","6668"
"494","qc","EST","2023-06-21T12:15:00.000Z","2023-07-21T19:21:13.000Z","OUT","H","FUL","0.00","49.3114","-67.6033","6668"
"2023-G61817","bc","PDT","2023-07-17T23:19:00.000Z","2023-07-21T19:00:00.000Z","OUT","N","FUL","0.66","55.154449999999997","-122.90505","6668"
"CWF-037-2023","ab","MST","2023-07-21T23:43:00.000Z","2023-07-21T18:00:00.000Z","OUT","N","FUL","0.01","51.155883","-114.784033","6668"
"2023-G11334","bc","PDT","2023-07-09T01:37:00.000Z","2023-07-21T17:00:00.000Z","OUT","N","FUL","0.20","53.472999999999999","-123.358333","6668"
"LWF-173-2023","ab","MST","2023-07-21T20:13:00.000Z","2023-07-21T15:25:00.000Z","OUT","H","FUL","0.01","54.467075","-110.940483","6668"
"EWF-031-2023","ab","MST","2023-05-04T19:21:00.000Z","2023-07-21T15:00:00.000Z","UC","N","FUL","201913.00","53.145183","-115.686783","6668"
"THU_FIRE_029","on","GMT","2023-07-14T22:02:00.000Z","2023-07-21T13:05:00.000Z","OUT","N","FUL","8.30","48.877","-90.7352","6668"
"HWF-111-2023","ab","MST","2023-07-05T01:50:00.000Z","2023-07-21T13:05:00.000Z","OUT","N","FUL","113.20","59.371857","-114.425733","6668"
"HWF-110-2023","ab","MST","2023-07-05T01:45:00.000Z","2023-07-21T13:05:00.000Z","OUT","N","FUL","1.80","59.418633","-114.3533","6668"
"2023JA11","pc","MDT","2023-07-21T21:29:39.000Z","2023-07-21T07:00:00.000Z","OUT","N","FUL","0.10","52.4545","-117.449","6668"
"2023-N21941","bc","PDT","2023-07-20T20:27:00.000Z","2023-07-21T04:00:00.000Z","OUT","N","FUL","0.01","50.754016999999997","-116.6905","6668"
"2023-K71325","bc","PDT","2023-07-09T00:22:00.000Z","2023-07-21T02:30:00.000Z","OUT","N","FUL","0.01","50.632483000000001","-122.36451599999999","6668"
"2023-V31727","bc","PDT","2023-07-15T20:54:00.000Z","2023-07-21T02:30:00.000Z","OUT","N","FUL","0.20","50.508232999999997","-123.20055000000001","6668"
"2023-V31640","bc","PDT","2023-07-13T04:09:00.000Z","2023-07-21T02:00:00.000Z","OUT","N","FUL","0.01","50.406283000000002","-122.824583","6668"
"531","qc","EST","2023-06-27T21:00:00.000Z","2023-07-21T00:15:20.000Z","OUT","N","MON","21.10","58.5136","-66.195","6668"
"2023-G41920","bc","PDT","2023-07-20T03:05:00.000Z","2023-07-21T00:00:00.000Z","OUT","N","FUL","0.01","53.885150000000003","-124.602683","6668"
"485","qc","EST","2023-06-14T20:26:00.000Z","2023-07-20T23:55:44.000Z","OUT","N","MON","133572.30","53.3839","-76.1125","6668"
"2023-R11428","bc","PDT","2023-07-10T00:38:00.000Z","2023-07-20T23:30:00.000Z","OUT","N","FUL","1.10","54.410217000000003","-125.689967","6668"
"2023-K41354","bc","PDT","2023-07-09T03:06:00.000Z","2023-07-20T23:00:00.000Z","OUT","N","FUL","0.10","50.751117000000001","-118.4967","6668"
"2023-K21845","bc","PDT","2023-07-18T03:12:00.000Z","2023-07-20T23:00:00.000Z","OUT","N","FUL","0.01","50.804116999999998","-121.083117","6668"
"2023-K41626","bc","PDT","2023-07-13T02:46:00.000Z","2023-07-20T23:00:00.000Z","OUT","N","FUL","0.50","51.104950000000002","-118.918617","6668"
"2023-R11176","bc","PDT","2023-07-07T03:49:00.000Z","2023-07-20T22:00:00.000Z","OUT","N","FUL","0.01","53.750100000000003","-125.902567","6668"
"2023-R11175","bc","PDT","2023-07-07T03:39:00.000Z","2023-07-20T21:30:00.000Z","OUT","N","FUL","0.10","53.745417000000003","-125.726283","6668"
"2023-G71775","bc","PDT","2023-07-17T00:10:00.000Z","2023-07-20T19:30:00.000Z","OUT","N","FUL","0.21","55.756833","-121.18001700000001","6668"
"2023-G11887","bc","PDT","2023-07-19T18:32:00.000Z","2023-07-20T19:30:00.000Z","OUT","N","FUL","0.01","54.991700000000002","-122.902066","6668"
"RWF-068-2023","ab","MST","2023-07-21T00:40:00.000Z","2023-07-20T19:25:00.000Z","OUT","N","FUL","0.01","51.687867","-115.217783","6668"
"2023-R11177","bc","PDT","2023-07-07T05:55:00.000Z","2023-07-20T19:00:00.000Z","OUT","N","FUL","0.01","53.753799999999998","-125.91538300000001","6668"
"23LX-ALSTEAD","sk","CST","2023-07-08T15:54:58.000Z","2023-07-20T18:25:29.000Z","OUT","N","FUL","16.00","55.604","-107.271","6668"
"23DB-PNIR17","sk","CST","2023-07-20T15:09:41.000Z","2023-07-20T17:17:25.000Z","OUT","H","FUL","0.10","55.184017","-102.931083","6668"
"NO081","mb","CDT","2023-07-05T05:00:00.000Z","2023-07-20T14:59:00.000Z","OUT","N","MON","3.40","53.70056","-97.53194","6668"
"WE043","mb","CDT","2023-07-17T05:00:00.000Z","2023-07-20T14:59:00.000Z","OUT","H","FUL","0.20","55.12750","-101.14083","6668"
"WE035","mb","CDT","2023-07-02T05:00:00.000Z","2023-07-20T14:58:00.000Z","OUT","N","FUL","19.20","54.15167","-101.75250","6668"
"NO062","mb","CDT","2023-07-01T05:00:00.000Z","2023-07-20T14:57:00.000Z","OUT","N","MON","50.00","53.78278","-96.94389","6668"
"WE024","mb","CDT","2023-06-23T05:00:00.000Z","2023-07-20T14:06:00.000Z","OUT","N","MOD","51.10","55.24167","-99.44694","6668"
"23SF-DITCH16","sk","CST","2023-07-20T10:50:58.000Z","2023-07-20T11:58:27.000Z","OUT","H","MOD","0.10","49.645767","-102.466317","6668"
"2023KO6","pc","MDT","2023-07-19T19:25:10.000Z","2023-07-20T07:00:00.000Z","OUT","H","FUL","0.20","51.1998","-116.0934","6668"
"2023-G81730","bc","PDT","2023-07-15T22:27:00.000Z","2023-07-20T05:30:00.000Z","OUT","N","FUL","50.00","58.040782999999998","-121.244017","6668"
"2023-G50915","bc","PDT","2023-06-26T02:44:00.000Z","2023-07-20T05:00:00.000Z","OUT","N","FUL","1.50","55.709083","-126.337","6668"
"2023-K21895","bc","PDT","2023-07-19T21:30:00.000Z","2023-07-20T00:30:00.000Z","OUT","N","FUL","0.01","50.926532999999999","-120.214917","6668"
"2023-G11803","bc","PDT","2023-07-17T21:00:00.000Z","2023-07-20T00:00:00.000Z","OUT","N","FUL","0.05","54.000833","-123.312417","6668"
"2023-C20610","bc","PDT","2023-06-04T23:01:00.000Z","2023-07-19T22:00:00.000Z","OUT","N","FUL","0.04","51.921283000000003","-121.98755","6668"
"2023-C30632","bc","PDT","2023-06-05T17:16:00.000Z","2023-07-19T22:00:00.000Z","OUT","H","FUL","0.01","52.330632999999999","-121.52294999999999","6668"
"2023-C20835","bc","PDT","2023-06-21T23:52:00.000Z","2023-07-19T21:30:00.000Z","OUT","N","FUL","0.01","52.404367000000001","-121.853217","6668"
"2023-C20984","bc","PDT","2023-06-29T02:18:00.000Z","2023-07-19T21:30:00.000Z","OUT","N","FUL","0.01","51.801966999999998","-122.584367","6668"
"2023-V11616","bc","PDT","2023-07-13T00:17:00.000Z","2023-07-19T21:30:00.000Z","OUT","H","FUL","0.30","49.355499999999999","-122.98099999999999","6668"
"2023-C50904","bc","PDT","2023-06-25T20:20:00.000Z","2023-07-19T21:30:00.000Z","OUT","N","FUL","0.01","52.408999999999999","-124.924117","6668"
"2023-R41397","bc","PDT","2023-07-09T20:41:00.000Z","2023-07-19T21:00:00.000Z","OUT","N","FUL","0.10","55.164833000000002","-127.794833","6668"
"2023-R41723","bc","PDT","2023-07-15T20:02:00.000Z","2023-07-19T21:00:00.000Z","OUT","N","FUL","0.20","55.056333000000002","-127.7595","6668"
"2023-R41842","bc","PDT","2023-07-18T02:04:00.000Z","2023-07-19T20:30:00.000Z","OUT","N","FUL","0.10","55.229300000000002","-128.08558300000001","6668"
"2023-K41859","bc","PDT","2023-07-18T18:54:00.000Z","2023-07-19T19:30:00.000Z","OUT","N","FUL","0.01","50.870583000000003","-118.8295","6668"
"2023-V31674","bc","PDT","2023-07-14T02:04:00.000Z","2023-07-19T19:30:00.000Z","OUT","N","FUL","0.01","50.226199999999999","-122.61505","6668"
"239","qc","EST","2023-06-01T20:00:00.000Z","2023-07-19T19:14:09.000Z","OUT","N","FUL","0.10","49.7825","-69.5417","6668"
"2023-R21878","bc","PDT","2023-07-19T04:18:00.000Z","2023-07-19T19:00:00.000Z","OUT","N","FUL","0.01","54.501983000000003","-126.49345","6668"
"2023-C31773","bc","PDT","2023-07-16T22:58:00.000Z","2023-07-19T19:00:00.000Z","OUT","N","FUL","0.01","52.123466999999998","-121.36188300000001","6668"
"2023-R21804","bc","PDT","2023-07-17T20:30:00.000Z","2023-07-19T18:30:00.000Z","OUT","N","FUL","0.01","54.144750000000002","-127.17528299999999","6668"
"2023-R21857","bc","PDT","2023-07-18T14:21:00.000Z","2023-07-19T18:30:00.000Z","OUT","N","FUL","0.10","54.501550000000002","-126.52291700000001","6668"
"23LX-HUGHES","sk","CST","2023-07-09T14:48:18.000Z","2023-07-19T18:16:56.000Z","OUT","N","MOD","1.00","57.652068","-105.255378","6668"
"2023-V31635","bc","PDT","2023-07-13T04:03:00.000Z","2023-07-19T18:00:00.000Z","OUT","N","FUL","0.02","50.373716999999999","-122.78783300000001","6668"
"PWF-110-2023","ab","MST","2023-07-18T20:48:00.000Z","2023-07-19T17:16:00.000Z","OUT","N","FUL","0.02","56.538","-119.854667","6668"
"SLK_FIRE_078","on","GMT","2023-07-19T15:01:00.000Z","2023-07-19T17:00:00.000Z","OUT","N","FUL","0.10","50.1344","-91.4787","6668"
"HWF-108-2023","ab","MST","2023-07-05T01:13:00.000Z","2023-07-19T15:59:26.000Z","OUT","N","FUL","3.60","58.844383","-114.343817","6668"
"WE026","mb","CDT","2023-06-24T05:00:00.000Z","2023-07-19T14:33:00.000Z","OUT","H","FUL","39.90","54.96861","-101.11417","6668"
"GWF-051-2023","ab","MST","2023-07-19T16:55:00.000Z","2023-07-19T14:04:00.000Z","OUT","N","FUL","0.01","55.741167","-119.209","6668"
"CWF-036-2023","ab","MST","2023-07-17T19:34:00.000Z","2023-07-19T14:00:00.000Z","OUT","N","FUL","0.20","49.533617","-114.496833","6668"
"HWF-136-2023","ab","MST","2023-07-18T17:30:00.000Z","2023-07-19T13:31:00.000Z","OUT","H","FUL","0.01","58.178925","-116.392565","6668"
"PWF-106-2023","ab","MST","2023-07-17T19:16:00.000Z","2023-07-19T13:30:00.000Z","OUT","N","FUL","1.44","56.871947","-116.654562","6668"
"WWF-023-2023","ab","MST","2023-05-05T20:03:00.000Z","2023-07-19T12:30:00.000Z","UC","N","FUL","66436.70","54.393938","-116.340695","6668"
"PWF-109-2023","ab","MST","2023-07-18T20:40:00.000Z","2023-07-19T11:16:00.000Z","OUT","N","FUL","0.20","56.512833","-119.999617","6668"
"2023JA10","pc","MDT","2023-07-19T23:51:51.000Z","2023-07-19T07:00:00.000Z","OUT","H","FUL","0.00","52.845","-118.077","6668"
"2023-V81814","bc","PDT","2023-07-17T22:26:00.000Z","2023-07-19T04:30:00.000Z","OUT","N","FUL","0.10","50.332282999999997","-125.62513300000001","6668"
"2023-G31827","bc","PDT","2023-07-18T00:44:00.000Z","2023-07-19T01:30:00.000Z","OUT","N","FUL","0.01","52.543382999999999","-119.11","6668"
"2023-G91729","bc","PDT","2023-07-15T21:40:00.000Z","2023-07-19T01:30:00.000Z","OUT","N","FUL","0.01","58.959000000000003","-122.161967","6668"
"2023OC001","yt","PDT","2023-06-09T23:29:00.000Z","2023-07-18T23:32:00.000Z","OUT","N","FUL","70.00","67.10063","-137.34753","6668"
"2023-K41211","bc","PDT","2023-07-08T00:46:00.000Z","2023-07-18T23:30:00.000Z","OUT","N","FUL","0.01","51.121966999999998","-119.208617","6668"
"2023-K71809","bc","PDT","2023-07-17T21:36:00.000Z","2023-07-18T23:30:00.000Z","OUT","N","FUL","0.00","50.590417000000002","-121.821583","6668"
"2023-N41481","bc","PDT","2023-07-10T17:15:00.000Z","2023-07-18T23:30:00.000Z","OUT","N","FUL","0.10","51.833432999999999","-118.45885","6668"
"2023OC004","yt","PDT","2023-07-11T03:40:00.000Z","2023-07-18T23:19:00.000Z","OUT","N","FUL","150.00","67.50507","-138.3513","6668"
"2023OC005","yt","PDT","2023-07-11T04:00:00.000Z","2023-07-18T23:05:00.000Z","OUT","N","FUL","1.50","67.39038","-136.98687","6668"
"2023-K61631","bc","PDT","2023-07-13T03:22:00.000Z","2023-07-18T23:00:00.000Z","OUT","N","FUL","0.01","49.291783000000002","-120.54275","6668"
"2023-C11557","bc","PDT","2023-07-11T22:18:00.000Z","2023-07-18T23:00:00.000Z","OUT","N","FUL","0.10","52.455317000000001","-122.51006700000001","6668"
"WAW_FIRE_009","on","GMT","2023-07-13T21:11:00.000Z","2023-07-18T22:45:00.000Z","OUT","N","FUL","1.30","49.1764","-85.0701","6668"
"2023-K21540","bc","PDT","2023-07-11T15:12:00.000Z","2023-07-18T22:30:00.000Z","OUT","N","FUL","0.01","50.819082999999999","-120.39783300000001","6668"
"2023-G61794","bc","PDT","2023-07-17T17:51:00.000Z","2023-07-18T22:30:00.000Z","OUT","N","FUL","0.01","55.462949999999999","-124.150167","6668"
"2023-N41854","bc","PDT","2023-07-18T15:59:00.000Z","2023-07-18T22:30:00.000Z","OUT","N","FUL","0.09","50.970917","-118.132716","6668"
"2023-V31268","bc","PDT","2023-07-08T14:21:00.000Z","2023-07-18T22:30:00.000Z","OUT","N","FUL","0.02","49.601666999999999","-123.1973","6668"
"2023-G91687","bc","PDT","2023-07-14T19:15:00.000Z","2023-07-18T21:30:00.000Z","OUT","N","FUL","0.01","58.940167000000002","-122.1217","6668"
"2023-N41844","bc","PDT","2023-07-18T02:47:00.000Z","2023-07-18T21:30:00.000Z","OUT","N","FUL","0.04","51.192967000000003","-118.19119999999999","6668"
"2023-V11254","bc","PDT","2023-07-08T05:02:00.000Z","2023-07-18T21:30:00.000Z","OUT","N","FUL","0.90","49.215916999999997","-121.424283","6668"
"NOR_FIRE_009","on","GMT","2023-07-18T18:10:00.000Z","2023-07-18T21:14:00.000Z","OUT","H","FUL","0.10","45.9176","-79.9199","6668"
"2023-N11670","bc","PDT","2023-07-13T23:08:00.000Z","2023-07-18T21:00:00.000Z","OUT","N","FUL","0.60","49.666533000000001","-115.754167","6668"
"2023-G50893","bc","PDT","2023-06-25T03:56:00.000Z","2023-07-18T21:00:00.000Z","OUT","N","FUL","0.12","55.807915999999999","-126.590833","6668"
"205","qc","EST","2023-05-30T23:30:00.000Z","2023-07-18T20:52:31.000Z","OUT","H","FUL","8.90","49.9797","-68.7164","6668"
"2023-G71818","bc","PDT","2023-07-17T23:28:00.000Z","2023-07-18T19:30:00.000Z","OUT","N","FUL","0.01","56.066833000000003","-120.96203300000001","6668"
"2023-G41828","bc","PDT","2023-07-18T01:07:00.000Z","2023-07-18T19:00:00.000Z","OUT","N","FUL","0.01","54.120699999999999","-123.77078299999999","6668"
"23DB-PNIR16","sk","CST","2023-07-18T17:45:08.000Z","2023-07-18T18:17:01.000Z","OUT","H","MOD","0.10","55.173874","-102.933124","6668"
"188","qc","EST","2023-05-29T19:00:00.000Z","2023-07-18T17:31:34.000Z","OUT","H","FUL","0.10","49.7342","-68.5931","6668"
"EA065","mb","CDT","2023-06-24T05:00:00.000Z","2023-07-18T17:18:00.000Z","OUT","N","FUL","1.10","51.61500","-95.88917","6668"
"EA048","mb","CDT","2023-06-07T05:00:00.000Z","2023-07-18T17:15:00.000Z","OUT","N","FUL","1.00","51.34194","-95.39639","6668"
"EA044","mb","CDT","2023-06-06T05:00:00.000Z","2023-07-18T17:14:00.000Z","OUT","N","FUL","0.10","52.26111","-96.71250","6668"
"EA023","mb","CDT","2023-05-26T05:00:00.000Z","2023-07-18T17:11:00.000Z","OUT","H","FUL","0.10","52.15417","-95.37722","6668"
"EA021","mb","CDT","2023-05-24T05:00:00.000Z","2023-07-18T17:09:00.000Z","OUT","H","FUL","0.10","52.15278","-95.37694","6668"
"EA020","mb","CDT","2023-05-23T05:00:00.000Z","2023-07-18T17:05:00.000Z","OUT","H","FUL","0.10","52.17139","-95.38556","6668"
"2023-N61668","bc","PDT","2023-07-13T23:20:00.000Z","2023-07-18T17:00:00.000Z","OUT","N","FUL","0.01","49.033799999999999","-118.26271699999999","6668"
"SWF-093-2023","ab","MST","2023-06-07T20:07:00.000Z","2023-07-18T16:30:00.000Z","OUT","N","FUL","22.60","56.673083","-115.94005","6668"
"136","qc","EST","2023-05-19T16:30:00.000Z","2023-07-18T16:07:31.000Z","OUT","H","FUL","0.00","50.3006","-66.4125","6668"
"WE039","mb","CDT","2023-07-09T05:00:00.000Z","2023-07-18T14:42:00.000Z","OUT","H","FUL","1.50","53.19500","-99.86778","6668"
"NO050","mb","CDT","2023-06-25T05:00:00.000Z","2023-07-18T14:35:00.000Z","OUT","N","FUL","0.10","54.39361","-97.56944","6668"
"NO046","mb","CDT","2023-06-21T05:00:00.000Z","2023-07-18T14:34:00.000Z","OUT","N","FUL","0.10","54.42889","-97.72444","6668"
"23LA-FOSTER","sk","CST","2023-06-14T10:44:29.000Z","2023-07-18T12:58:24.000Z","OUT","N","MOD","971.00","56.437983","-105.718733","6668"
"PWF-107-2023","ab","MST","2023-07-17T23:01:00.000Z","2023-07-18T12:33:00.000Z","OUT","N","FUL","0.03","57.099833","-116.335933","6668"
"2023-G71572","bc","PDT","2023-07-12T01:04:00.000Z","2023-07-18T05:00:00.000Z","OUT","H","FUL","0.95","55.114666999999997","-121.158","6668"
"2023-G50297","bc","PDT","2023-05-14T00:50:00.000Z","2023-07-18T02:00:00.000Z","OUT","H","FUL","1.20","54.656533000000003","-124.742283","6668"
"2023-G71539","bc","PDT","2023-07-11T15:22:00.000Z","2023-07-18T02:00:00.000Z","OUT","H","FUL","1.92","55.928049999999999","-120.66095","6668"
"2023-G41682","bc","PDT","2023-07-14T16:33:00.000Z","2023-07-18T02:00:00.000Z","OUT","N","FUL","3.00","53.567366999999997","-123.602217","6668"
"2023-N51043","bc","PDT","2023-07-01T23:15:00.000Z","2023-07-18T00:30:00.000Z","OUT","N","FUL","0.70","50.020350000000001","-117.44855","6668"
"2023-K61692","bc","PDT","2023-07-14T22:09:00.000Z","2023-07-18T00:00:00.000Z","OUT","N","FUL","1.40","50.369999999999997","-121.15858299999999","6668"
"2023-C11158","bc","PDT","2023-07-06T23:20:00.000Z","2023-07-17T23:00:00.000Z","OC","N","FUL","4306.00","52.968730999999998","-125.55974399999999","6668"
"2023-G91691","bc","PDT","2023-07-14T21:40:00.000Z","2023-07-17T21:30:00.000Z","OUT","N","FUL","0.02","58.887616999999999","-122.11624999999999","6668"
"453","qc","EST","2023-06-05T23:40:00.000Z","2023-07-17T20:49:49.000Z","OUT","N","FUL","15312.80","50.7172","-72.555","6668"
"2023-G51491","bc","PDT","2023-07-10T20:00:00.000Z","2023-07-17T20:30:00.000Z","OUT","N","FUL","1.50","54.682000000000002","-124.161333","6668"
"NIP_FIRE_056","on","GMT","2023-07-16T23:48:00.000Z","2023-07-17T20:30:00.000Z","OUT","N","FUL","0.10","48.8421","-87.3454","6668"
"2023-G11180","bc","PDT","2023-07-07T17:09:00.000Z","2023-07-17T20:00:00.000Z","OUT","N","FUL","0.10","53.844450000000002","-122.34003300000001","6668"
"THU_FIRE_030","on","GMT","2023-07-16T17:40:00.000Z","2023-07-17T19:00:00.000Z","OUT","N","FUL","0.10","48.1705","-89.1504","6668"
"NIP_FIRE_055","on","GMT","2023-07-16T18:38:00.000Z","2023-07-17T17:30:00.000Z","OUT","N","FUL","0.10","49.1261","-87.4118","6668"
"2023-G71678","bc","PDT","2023-07-14T02:46:00.000Z","2023-07-17T17:30:00.000Z","OUT","N","FUL","0.06","55.588050000000003","-121.782133","6668"
"WE042","mb","CDT","2023-07-12T05:00:00.000Z","2023-07-17T14:13:00.000Z","OUT","N","FUL","0.50","55.04028","-100.56583","6668"
"23LA-SUCKER","sk","CST","2023-07-17T11:17:19.000Z","2023-07-17T12:58:17.000Z","OUT","N","MOD","0.10","55.293033","-105.1521","6668"
"RWF-034-2023","ab","MST","2023-05-04T22:59:00.000Z","2023-07-17T11:00:00.000Z","UC","N","FUL","87492.00","52.815117","-115.450383","6668"
"RWF-040-2023","ab","MST","2023-05-05T20:45:00.000Z","2023-07-17T11:00:00.000Z","UC","H","FUL","5089.00","52.808677","-116.203747","6668"
"NO083","mb","CDT","2023-07-13T05:00:00.000Z","2023-07-17T10:11:00.000Z","OUT","N","FUL","0.10","53.76278","-94.31722","6668"
"23SF-DITCH15","sk","CST","2023-07-16T13:56:43.000Z","2023-07-17T08:12:55.000Z","OUT","H","MOD","0.10","50.425948","-105.650176","6668"
"2023-G51500","bc","PDT","2023-07-10T21:47:00.000Z","2023-07-17T01:30:00.000Z","OUT","N","FUL","0.30","54.482799999999997","-124.287683","6668"
"2023-G91728","bc","PDT","2023-07-15T21:38:00.000Z","2023-07-16T22:00:00.000Z","OUT","N","FUL","0.01","58.964149999999997","-122.1416","6668"
"2023-K41197","bc","PDT","2023-07-07T22:54:00.000Z","2023-07-16T21:30:00.000Z","OUT","N","FUL","0.10","50.349299999999999","-119.9843","6668"
"SUD_FIRE_024","on","GMT","2023-07-16T19:35:00.000Z","2023-07-16T20:30:00.000Z","OUT","H","FUL","0.10","46.2143","-81.3556","6668"
"2023-K61449","bc","PDT","2023-07-10T02:21:00.000Z","2023-07-16T20:00:00.000Z","OUT","N","FUL","0.01","49.919533000000001","-120.61921700000001","6668"
"2023-G11060","bc","PDT","2023-07-02T03:23:00.000Z","2023-07-16T19:00:00.000Z","OUT","N","MON","0.01","54.333750000000002","-122.690133","6668"
"2023-G60654","bc","PDT","2023-06-07T02:15:00.000Z","2023-07-16T19:00:00.000Z","OUT","N","FUL","20.50","55.928832999999997","-124.14183300000001","6668"
"2023-G91681","bc","PDT","2023-07-14T16:31:00.000Z","2023-07-16T19:00:00.000Z","OUT","N","FUL","0.04","58.921332999999997","-122.12545","6668"
"PWF-102-2023","ab","MST","2023-07-16T17:10:00.000Z","2023-07-16T17:58:00.000Z","OUT","N","FUL","0.02","57.721883","-117.800217","6668"
"23DB-TWIGGE","sk","CST","2023-07-12T09:12:25.000Z","2023-07-16T16:28:37.000Z","OUT","N","FUL","3.20","54.511583","-103.311733","6668"
"WE041","mb","CDT","2023-07-11T05:00:00.000Z","2023-07-16T15:18:00.000Z","OUT","N","FUL","1.80","54.38056","-101.29056","6668"
"NO082","mb","CDT","2023-07-11T05:00:00.000Z","2023-07-16T14:28:00.000Z","OUT","H","FUL","1.50","55.78417","-101.66167","6668"
"NO067","mb","CDT","2023-07-01T05:00:00.000Z","2023-07-16T14:27:00.000Z","OUT","N","FUL","0.20","56.71944","-100.52194","6668"
"NO063","mb","CDT","2023-07-01T05:00:00.000Z","2023-07-16T14:07:00.000Z","OUT","N","FUL","2.40","56.74472","-100.52250","6668"
"NO031","mb","CDT","2023-06-12T05:00:00.000Z","2023-07-16T14:01:00.000Z","OUT","N","MON","21.00","57.12056","-100.68306","6668"
"LWF-164-2023","ab","MST","2023-07-01T01:20:00.000Z","2023-07-16T12:50:00.000Z","OUT","N","FUL","1.40","56.12109","-110.426263","6668"
"2023-G71716","bc","PDT","2023-07-14T22:55:00.000Z","2023-07-16T04:30:00.000Z","OUT","N","FUL","0.01","55.11345","-121.007766","6668"
"2023-K61203","bc","PDT","2023-07-07T23:23:00.000Z","2023-07-16T02:30:00.000Z","OUT","N","FUL","0.01","49.651232999999998","-120.684133","6668"
"2023-K61242","bc","PDT","2023-07-08T03:52:00.000Z","2023-07-16T02:00:00.000Z","OUT","N","FUL","0.05","49.639400000000002","-120.679033","6668"
"NIP_FIRE_054","on","GMT","2023-07-15T20:11:00.000Z","2023-07-16T01:30:00.000Z","OUT","N","FUL","0.10","48.9582","-87.5498","6668"
"2023-K21619","bc","PDT","2023-07-13T01:36:00.000Z","2023-07-16T01:30:00.000Z","OUT","N","FUL","0.01","50.838417","-121.41158299999999","6668"
"2023-K61322","bc","PDT","2023-07-09T00:19:00.000Z","2023-07-16T01:00:00.000Z","OUT","N","FUL","10.10","49.834600000000002","-120.63288300000001","6668"
"2023-K61693","bc","PDT","2023-07-14T22:12:00.000Z","2023-07-16T00:30:00.000Z","OUT","N","FUL","0.01","50.426617","-121.24720000000001","6668"
"NIP_FIRE_053","on","GMT","2023-07-15T19:47:00.000Z","2023-07-15T22:30:00.000Z","OUT","N","FUL","0.10","48.9807","-87.5527","6668"
"2023-G91154","bc","PDT","2023-07-06T15:42:00.000Z","2023-07-15T22:30:00.000Z","OUT","N","FUL","2.60","59.452166669999997","-120.80588333","6668"
"HEA_FIRE_006","on","GMT","2023-07-09T19:51:00.000Z","2023-07-15T21:00:00.000Z","OUT","N","FUL","5.70","50.0696","-82.8723","6668"
"2023-C21651","bc","PDT","2023-07-13T17:07:00.000Z","2023-07-15T20:30:00.000Z","OUT","N","FUL","0.30","52.142667000000003","-122.21425000000001","6668"
"2023-G61414","bc","PDT","2023-07-09T23:24:00.000Z","2023-07-15T20:30:00.000Z","OUT","N","FUL","0.50","54.943832999999998","-123.52333299999999","6668"
"2023-C21484","bc","PDT","2023-07-10T18:06:00.000Z","2023-07-15T20:00:00.000Z","OUT","N","FUL","0.01","52.136916999999997","-122.20775","6668"
"2023-C21231","bc","PDT","2023-07-08T02:43:00.000Z","2023-07-15T20:00:00.000Z","OUT","N","FUL","0.01","52.015949999999997","-122.3617","6668"
"2023-C31660","bc","PDT","2023-07-13T21:29:00.000Z","2023-07-15T20:00:00.000Z","OUT","N","FUL","0.01","52.474882999999998","-120.99328300000001","6668"
"RWF-067-2023","ab","MST","2023-07-16T01:25:00.000Z","2023-07-15T19:50:00.000Z","OUT","N","FUL","0.10","52.18605","-114.81055","6668"
"DRY_FIRE_028","on","GMT","2023-07-12T22:44:00.000Z","2023-07-15T19:00:00.000Z","OUT","N","FUL","0.60","50.2063","-90.3001","6668"
"2023-G91650","bc","PDT","2023-07-13T16:57:00.000Z","2023-07-15T19:00:00.000Z","OUT","N","FUL","0.01","59.308","-123.22799999999999","6668"
"2023-G51284","bc","PDT","2023-07-08T18:48:00.000Z","2023-07-15T18:30:00.000Z","OUT","N","FUL","7.00","54.264932999999999","-123.866983","6668"
"23BN-LITTLE","sk","CST","2023-07-10T14:26:24.000Z","2023-07-15T18:14:53.000Z","OUT","N","FUL","0.50","55.881667","-108.834333","6668"
"WE040","mb","CDT","2023-07-11T05:00:00.000Z","2023-07-15T14:17:00.000Z","OUT","N","FUL","3.00","54.38056","-101.29056","6668"
"GWF-040-2023","ab","MST","2023-06-08T01:08:00.000Z","2023-07-15T12:20:00.000Z","OUT","N","FUL","1.20","54.506797","-117.192717","6668"
"23LX-CLIR01","sk","CST","2023-07-13T10:27:03.000Z","2023-07-15T08:33:59.000Z","OUT","N","MOD","0.20","54.866731","-108.181543","6668"
"2023KO5","pc","MDT","2023-07-13T02:13:50.000Z","2023-07-15T07:00:00.000Z","OUT","N","FUL","0.09","50.7411","-115.928","6668"
"2023-N71686","bc","PDT","2023-07-14T17:00:00.000Z","2023-07-15T02:00:00.000Z","OUT","N","FUL","0.01","49.000566999999997","-116.792433","6668"
"KEN_FIRE_035","on","GMT","2023-07-14T21:34:00.000Z","2023-07-14T23:30:00.000Z","OUT","N","FUL","0.10","49.6331","-94.8889","6668"
"2023-G91133","bc","PDT","2023-07-05T01:33:00.000Z","2023-07-14T22:00:00.000Z","OUT","N","FUL","2.00","59.823633000000001","-122.83676699999999","6668"
"2023-K21444","bc","PDT","2023-07-10T01:53:00.000Z","2023-07-14T22:00:00.000Z","OUT","N","FUL","0.01","50.999749999999999","-120.0222","6668"
"2023-G61547","bc","PDT","2023-07-11T20:08:00.000Z","2023-07-14T21:30:00.000Z","OUT","N","FUL","0.04","54.963166999999999","-123.36833300000001","6668"
"2023-N70201","bc","PDT","2023-05-04T03:08:00.000Z","2023-07-14T21:30:00.000Z","OUT","H","FUL","13.00","50.603783","-117.010867","6668"
"2023-N70648","bc","PDT","2023-06-06T19:02:00.000Z","2023-07-14T21:30:00.000Z","OUT","N","FUL","0.13","50.66245","-117.071533","6668"
"SUD_FIRE_017","on","GMT","2023-06-04T14:35:00.000Z","2023-07-14T20:15:00.000Z","OUT","N","FUL","5857.00","46.6328","-82.2622","6668"
"LWF-172-2023","ab","MST","2023-07-15T01:10:00.000Z","2023-07-14T19:23:00.000Z","OUT","H","FUL","0.05","56.0663","-110.8753","6668"
"2023-G41470","bc","PDT","2023-07-10T04:16:00.000Z","2023-07-14T18:30:00.000Z","OUT","N","FUL","0.01","53.958333000000003","-123.795","6668"
"2023-G61605","bc","PDT","2023-07-12T23:05:00.000Z","2023-07-14T18:00:00.000Z","OUT","N","FUL","0.01","55.543550000000003","-123.36576700000001","6668"
"2023-C41556","bc","PDT","2023-07-11T22:17:00.000Z","2023-07-14T18:00:00.000Z","OUT","N","FUL","0.01","51.961533000000003","-120.746633","6668"
"FOR_FIRE_018","on","GMT","2023-07-13T18:35:00.000Z","2023-07-14T16:00:00.000Z","OUT","N","FUL","0.10","48.6332","-92.1252","6668"
"23WY-BORDER","sk","CST","2023-07-11T16:43:11.000Z","2023-07-14T14:55:42.000Z","OUT","N","FUL","1.00","54.717","-105.009333","6668"
"HEA_FIRE_008","on","GMT","2023-07-13T19:23:00.000Z","2023-07-14T13:30:00.000Z","OUT","H","FUL","0.90","49.5681","-83.8077","6668"
"HWF-128-2023","ab","MST","2023-07-13T16:50:00.000Z","2023-07-14T13:04:31.000Z","OUT","H","FUL","0.90","58.91225","-117.644167","6668"
"SWF-122-2023","ab","MST","2023-07-14T16:02:00.000Z","2023-07-14T12:58:09.000Z","OUT","H","FUL","0.01","55.906303","-115.139643","6668"
"CWF-035-2023","ab","MST","2023-07-14T02:45:00.000Z","2023-07-14T12:15:00.000Z","OUT","N","FUL","0.01","49.785717","-113.968667","6668"
"23WY-MLIR06","sk","CST","2023-07-13T13:00:52.000Z","2023-07-14T08:26:27.000Z","OUT","H","MOD","0.10","54.044437","-105.768001","6668"
"2023-C11559","bc","PDT","2023-07-11T22:38:00.000Z","2023-07-14T04:00:00.000Z","OUT","N","FUL","0.01","52.659950000000002","-122.9037","6668"
"2023-N11665","bc","PDT","2023-07-13T22:49:00.000Z","2023-07-14T02:30:00.000Z","OUT","N","FUL","0.01","49.273783000000002","-115.298833","6668"
"2023-C11338","bc","PDT","2023-07-09T01:48:00.000Z","2023-07-14T01:00:00.000Z","OUT","N","FUL","0.47","52.596049999999998","-122.41930000000001","6668"
"2023-K21596","bc","PDT","2023-07-12T20:01:00.000Z","2023-07-14T01:00:00.000Z","OUT","N","FUL","0.01","50.369582999999999","-120.424717","6668"
"2023XY020","yt","PDT","2023-07-13T23:40:00.000Z","2023-07-14T00:28:00.000Z","OUT","H","FUL","0.00","60.48198","-134.87222","6668"
"THU_FIRE_028","on","GMT","2023-07-13T18:45:00.000Z","2023-07-14T00:00:00.000Z","OUT","N","FUL","0.10","50.4807","-89.2756","6668"
"2023-C41520","bc","PDT","2023-07-11T02:26:00.000Z","2023-07-14T00:00:00.000Z","OUT","N","FUL","0.15","51.717967000000002","-121.1953","6668"
"2023-K50964","bc","PDT","2023-06-28T20:58:00.000Z","2023-07-14T00:00:00.000Z","OUT","N","FUL","0.30","49.337167000000001","-119.598367","6668"
"FOR_FIRE_017","on","GMT","2023-07-13T17:21:00.000Z","2023-07-13T22:45:00.000Z","OUT","N","FUL","0.10","48.9163","-91.34","6668"
"2023-K51040","bc","PDT","2023-07-01T21:56:00.000Z","2023-07-13T22:30:00.000Z","OUT","H","FUL","6.30","49.907817000000001","-119.48175000000001","6668"
"RED_FIRE_044","on","GMT","2023-07-04T14:38:00.000Z","2023-07-13T22:30:00.000Z","OUT","N","FUL","11.70","51.6002","-92.9579","6668"
"2023-K21382","bc","PDT","2023-07-09T18:41:00.000Z","2023-07-13T20:00:00.000Z","OUT","N","MOD","350.00","52.147167000000003","-120.025633","6668"
"KEN_FIRE_034","on","GMT","2023-07-13T02:30:00.000Z","2023-07-13T20:00:00.000Z","OUT","H","FUL","0.10","50.1354","-94.945","6668"
"23WY-NIP","sk","CST","2023-07-13T19:38:33.000Z","2023-07-13T19:53:43.000Z","OUT","N","FUL","0.50","54.716318","-105.009438","6668"
"SUD_FIRE_010","on","GMT","2023-06-02T23:03:00.000Z","2023-07-13T19:20:00.000Z","OUT","N","FUL","1291.90","46.5705","-81.8123","6668"
"NOR_FIRE_008","on","GMT","2023-07-13T01:33:00.000Z","2023-07-13T19:00:00.000Z","OUT","H","FUL","0.10","47.1465","-80.1531","6668"
"23PA-DITCH09","sk","CST","2023-07-13T16:45:30.000Z","2023-07-13T18:35:12.000Z","OUT","H","MOD","0.60","51.732979","-103.811695","6668"
"2023-G80850","bc","PDT","2023-06-24T01:42:00.000Z","2023-07-13T18:30:00.000Z","OUT","N","FUL","0.80","56.603233000000003","-121.56826700000001","6668"
"2023-N41230","bc","PDT","2023-07-08T02:23:00.000Z","2023-07-13T18:30:00.000Z","OUT","N","FUL","0.01","51.816732999999999","-118.4939","6668"
"HWF-121-2023","ab","MST","2023-07-07T17:40:00.000Z","2023-07-13T18:00:00.000Z","OUT","N","FUL","3173.20","59.054108","-114.359425","6668"
"23SF-DITCH14","sk","CST","2023-07-13T14:19:51.000Z","2023-07-13T17:10:48.000Z","OUT","H","MOD","0.10","52.000057","-106.389995","6668"
"SLK_FIRE_039","on","GMT","2023-06-15T20:33:00.000Z","2023-07-13T17:10:00.000Z","OUT","N","MON","1.00","51.9926","-91.317","6668"
"2023-N51601","bc","PDT","2023-07-12T21:33:00.000Z","2023-07-13T17:01:00.000Z","OUT","N","FUL","0.10","49.478133","-117.59824999999999","6668"
"SLK_FIRE_029","on","GMT","2023-06-10T18:39:00.000Z","2023-07-13T17:00:00.000Z","OUT","N","MON","446.60","52.106","-89.8102","6668"
"SLK_FIRE_010","on","GMT","2023-05-31T00:59:00.000Z","2023-07-13T17:00:00.000Z","OUT","N","MON","14.00","52.2153","-90.7567","6668"
"SLK_FIRE_016","on","GMT","2023-06-05T23:41:00.000Z","2023-07-13T17:00:00.000Z","OUT","N","MON","37.00","52.5488","-89.2926","6668"
"SLK_FIRE_019","on","GMT","2023-06-06T23:35:00.000Z","2023-07-13T17:00:00.000Z","OUT","N","MON","824.80","52.0922","-89.2822","6668"
"SLK_FIRE_018","on","GMT","2023-06-06T21:34:00.000Z","2023-07-13T17:00:00.000Z","OUT","N","MON","2457.00","52.2693","-90.2512","6668"
"SLK_FIRE_040","on","GMT","2023-06-15T20:37:00.000Z","2023-07-13T17:00:00.000Z","OUT","N","MON","28.10","52.0766","-91.5473","6668"
"SLK_FIRE_056","on","GMT","2023-06-26T21:43:00.000Z","2023-07-13T17:00:00.000Z","OUT","N","FUL","3.00","51.6022","-91.4354","6668"
"SLK_FIRE_032","on","GMT","2023-06-11T18:26:00.000Z","2023-07-13T17:00:00.000Z","OUT","N","MON","37.00","52.9571","-89.2777","6668"
"SLK_FIRE_053","on","GMT","2023-06-24T17:28:00.000Z","2023-07-13T17:00:00.000Z","OUT","H","FUL","334.00","53.9106","-90.8784","6668"
"SLK_FIRE_036","on","GMT","2023-06-12T19:45:00.000Z","2023-07-13T17:00:00.000Z","OUT","N","MON","6.80","51.6889","-89.3068","6668"
"SWF-121-2023","ab","MST","2023-07-13T00:11:00.000Z","2023-07-13T17:00:00.000Z","OUT","N","FUL","0.11","56.480333","-113.147","6668"
"SLK_FIRE_030","on","GMT","2023-06-10T21:34:00.000Z","2023-07-13T17:00:00.000Z","OUT","N","MON","67.10","53.5822","-91.8482","6668"
"SLK_FIRE_058","on","GMT","2023-06-28T00:22:00.000Z","2023-07-13T17:00:00.000Z","OUT","N","FUL","54.50","53.9116","-89.5752","6668"
"SLK_FIRE_022","on","GMT","2023-06-08T16:51:00.000Z","2023-07-13T17:00:00.000Z","OUT","N","MON","8.90","52.2447","-90.6172","6668"
"23SF-DITCH25","sk","CST","2023-07-13T15:18:36.000Z","2023-07-13T16:12:05.000Z","OUT","H","MOD","0.10","50.200049","-108.194812","6668"
"23DB-PINEY","sk","CST","2023-07-11T15:28:17.000Z","2023-07-13T16:01:42.000Z","OUT","N","MOD","0.90","55.031717","-103.204933","6668"
"2023-V70783","bc","PDT","2023-06-14T21:53:00.000Z","2023-07-13T16:00:00.000Z","OUT","H","FUL","0.01","48.8645","-124.72281599999999","6668"
"SLK_FIRE_077","on","GMT","2023-07-12T22:54:00.000Z","2023-07-13T16:00:00.000Z","OUT","N","FUL","0.10","50.3231","-92.7628","6668"
"HWF-120-2023","ab","MST","2023-07-06T22:59:00.000Z","2023-07-13T16:00:00.000Z","OUT","N","FUL","0.01","58.813","-114.304317","6668"
"NIP_FIRE_051","on","GMT","2023-07-12T19:20:00.000Z","2023-07-13T15:30:00.000Z","OUT","N","FUL","0.10","50.9715","-87.4479","6668"
"NIP_FIRE_050","on","GMT","2023-07-12T18:28:00.000Z","2023-07-13T13:00:00.000Z","OUT","N","FUL","0.10","49.2604","-88.3283","6668"
"HWF-129-2023","ab","MST","2023-07-13T18:25:00.000Z","2023-07-13T12:32:00.000Z","OUT","H","FUL","0.01","58.366083","-116.0575","6668"
"2023-K21587","bc","PDT","2023-07-12T03:54:00.000Z","2023-07-13T04:30:00.000Z","OUT","N","FUL","0.01","51.334716999999998","-120.36881700000001","6668"
"2023-V31604","bc","PDT","2023-07-12T22:45:00.000Z","2023-07-13T03:00:00.000Z","OUT","N","FUL","0.01","50.493450000000003","-122.49175","6668"
"2023-G61529","bc","PDT","2023-07-11T04:21:00.000Z","2023-07-13T02:30:00.000Z","OUT","N","FUL","0.10","55.655217","-124.291567","6668"
"2023-K21591","bc","PDT","2023-07-12T17:33:00.000Z","2023-07-13T02:00:00.000Z","OUT","N","FUL","0.01","50.877716999999997","-119.9413","6668"
"2023-G51302","bc","PDT","2023-07-08T22:40:00.000Z","2023-07-13T01:30:00.000Z","OUT","N","FUL","0.10","54.543917","-124.1985","6668"
"2023-C21565","bc","PDT","2023-07-11T23:21:00.000Z","2023-07-13T00:30:00.000Z","OUT","N","FUL","0.20","52.053550000000001","-122.195083","6668"
"2023-V61023","bc","PDT","2023-07-01T01:43:00.000Z","2023-07-13T00:30:00.000Z","OUT","H","FUL","0.10","48.406700000000001","-123.51433299999999","6668"
"2023-C21272","bc","PDT","2023-07-08T16:19:00.000Z","2023-07-13T00:00:00.000Z","OUT","N","FUL","0.05","52.434133000000003","-122.23138299999999","6668"
"2023-N40468","bc","PDT","2023-05-21T02:51:00.000Z","2023-07-12T23:30:00.000Z","OUT","N","FUL","0.01","50.977150000000002","-118.34314999999999","6668"
"2023-N51083","bc","PDT","2023-07-03T00:32:00.000Z","2023-07-12T23:30:00.000Z","OUT","H","FUL","0.04","50.273217000000002","-117.820666","6668"
"2023-V61092","bc","PDT","2023-07-03T03:14:00.000Z","2023-07-12T23:00:00.000Z","OUT","H","FUL","0.25","48.410867000000003","-123.85854999999999","6668"
"2023-C41012","bc","PDT","2023-06-30T20:52:00.000Z","2023-07-12T22:30:00.000Z","OUT","H","FUL","0.03","51.779183000000003","-121.220533","6668"
"2023-N41550","bc","PDT","2023-07-11T20:53:00.000Z","2023-07-12T22:30:00.000Z","OUT","N","FUL","0.01","52.064667","-118.42828299999999","6668"
"SUD_FIRE_019","on","GMT","2023-06-04T16:37:00.000Z","2023-07-12T22:00:00.000Z","OUT","N","FUL","459.00","46.7506","-81.9973","6668"
"2023-K21443","bc","PDT","2023-07-10T01:48:00.000Z","2023-07-12T22:00:00.000Z","OUT","N","FUL","0.01","51.114666999999997","-120.24118300000001","6668"
"2023-G11166","bc","PDT","2023-07-07T01:20:00.000Z","2023-07-12T22:00:00.000Z","OUT","N","FUL","0.80","53.417833000000002","-122.317667","6668"
"2023-K21042","bc","PDT","2023-07-01T21:46:00.000Z","2023-07-12T21:30:00.000Z","OUT","H","FUL","0.20","50.549117000000003","-120.12786699999999","6668"
"HWF-127-2023","ab","MST","2023-07-11T17:27:00.000Z","2023-07-12T20:55:00.000Z","OUT","N","FUL","2.00","58.991833","-119.22655","6668"
"2023-G61412","bc","PDT","2023-07-09T23:18:00.000Z","2023-07-12T20:30:00.000Z","OUT","N","FUL","0.01","55.020499999999998","-123.550667","6668"
"185","qc","EST","2023-05-28T17:00:00.000Z","2023-07-12T20:06:50.000Z","OUT","H","FUL","0.00","48.4519","-67.2189","6668"
"2023-K21139","bc","PDT","2023-07-05T16:54:00.000Z","2023-07-12T20:00:00.000Z","OUT","N","FUL","0.15","52.411282999999997","-120.02424999999999","6668"
"2023-C40393","bc","PDT","2023-05-19T18:07:00.000Z","2023-07-12T20:00:00.000Z","OUT","N","FUL","0.01","52.050382999999997","-121.311083","6668"
"2023-C40394","bc","PDT","2023-05-19T18:28:00.000Z","2023-07-12T20:00:00.000Z","OUT","N","FUL","0.50","52.062317","-121.350667","6668"
"2023-K21399","bc","PDT","2023-07-09T21:02:00.000Z","2023-07-12T20:00:00.000Z","OUT","N","FUL","0.60","51.442267000000001","-120.45484999999999","6668"
"SWF-120-2023","ab","MST","2023-07-12T03:37:00.000Z","2023-07-12T20:00:00.000Z","OUT","N","FUL","0.29","56.970333","-115.156333","6668"
"2023-G91549","bc","PDT","2023-07-11T20:30:00.000Z","2023-07-12T20:00:00.000Z","OUT","N","FUL","0.01","59.055582999999999","-122.057633","6668"
"PWF-100-2023","ab","MST","2023-07-13T00:25:00.000Z","2023-07-12T19:46:30.000Z","OUT","N","FUL","0.10","56.715467","-117.794067","6668"
"SLK_FIRE_076","on","GMT","2023-07-12T17:58:00.000Z","2023-07-12T19:45:00.000Z","OUT","N","FUL","0.10","51.352","-90.4113","6668"
"2023-C40385","bc","PDT","2023-05-19T06:51:00.000Z","2023-07-12T19:30:00.000Z","OUT","N","FUL","0.04","52.073950000000004","-121.30036699999999","6668"
"2023-C40392","bc","PDT","2023-05-19T18:02:00.000Z","2023-07-12T19:30:00.000Z","OUT","N","FUL","24.00","52.056333000000002","-121.31614999999999","6668"
"171","qc","EST","2023-05-28T17:00:00.000Z","2023-07-12T19:08:59.000Z","OUT","H","FUL","0.10","49.1178","-68.4411","6668"
"2023-C40384","bc","PDT","2023-05-19T06:05:00.000Z","2023-07-12T19:00:00.000Z","OUT","N","FUL","536.00","51.636566999999999","-121.92568300000001","6668"
"2023-C41137","bc","PDT","2023-07-05T15:30:00.000Z","2023-07-12T18:30:00.000Z","OUT","N","FUL","0.10","51.717466999999999","-121.194867","6668"
"EWF-040-2023","ab","MST","2023-05-06T17:07:00.000Z","2023-07-12T17:30:00.000Z","UC","N","FUL","12073.40","53.935583","-117.776167","6668"
"2023-K61192","bc","PDT","2023-07-07T21:40:00.000Z","2023-07-12T16:30:00.000Z","OUT","N","FUL","0.10","49.519866999999998","-120.51696699999999","6668"
"2023-V11064","bc","PDT","2023-07-02T13:21:00.000Z","2023-07-12T16:00:00.000Z","OUT","H","FUL","0.32","49.217582999999998","-121.586417","6668"
"151","qc","EST","2023-05-23T18:00:00.000Z","2023-07-12T15:49:39.000Z","OUT","H","FUL","0.10","49.2817","-68.0075","6668"
"91","qc","EST","2023-05-13T22:30:00.000Z","2023-07-12T15:12:39.000Z","OUT","H","FUL","0.10","48.5333","-69.2572","6668"
"NO056","mb","CDT","2023-06-30T05:00:00.000Z","2023-07-12T14:40:00.000Z","OUT","N","FUL","24.00","53.92917","-97.07361","6668"
"SWF-117-2023","ab","MST","2023-07-11T21:01:00.000Z","2023-07-12T14:00:00.000Z","OUT","N","FUL","0.50","54.9188","-116.469833","6668"
"23PA-DITCH11","sk","CST","2023-07-12T10:50:52.000Z","2023-07-12T13:00:33.000Z","OUT","H","MOD","0.30","52.811239","-104.823705","6668"
"23PA-DITCH10","sk","CST","2023-07-12T10:50:25.000Z","2023-07-12T13:00:13.000Z","OUT","H","MOD","0.30","52.783166","-104.953695","6668"
"HWF-115-2023","ab","MST","2023-07-06T00:32:00.000Z","2023-07-12T12:07:33.000Z","OUT","N","FUL","1.40","58.695","-116.148133","6668"
"HEA_FIRE_007","on","GMT","2023-07-09T19:53:00.000Z","2023-07-12T12:00:00.000Z","OUT","N","FUL","0.30","50.0511","-82.9101","6668"
"PWF-098-2023","ab","MST","2023-07-12T00:49:00.000Z","2023-07-12T11:36:55.000Z","OUT","N","FUL","0.02","56.939333","-116.87145","6668"
"23SR-CIR02","sk","CST","2023-07-11T09:25:35.000Z","2023-07-12T11:30:12.000Z","OUT","H","MOD","0.10","59.151717","-105.630883","6668"
"HWF-056-2023","ab","MST","2023-06-04T21:35:00.000Z","2023-07-12T08:16:00.000Z","OUT","N","FUL","33.40","59.841083","-118.7053","6668"
"2023DA003","yt","PDT","2023-06-27T01:12:00.000Z","2023-07-12T00:47:00.000Z","OUT","N","FUL","4.94","63.39167","-138.63325","6668"
"2023-G90980","bc","PDT","2023-06-29T01:25:00.000Z","2023-07-12T00:30:00.000Z","OUT","N","FUL","14.00","58.848533000000003","-121.366083","6668"
"2023-G51446","bc","PDT","2023-07-10T01:26:00.000Z","2023-07-12T00:30:00.000Z","OUT","N","FUL","0.10","54.719499999999996","-125.17749999999999","6668"
"2023-K61461","bc","PDT","2023-07-10T03:16:00.000Z","2023-07-12T00:30:00.000Z","OUT","N","FUL","0.01","49.802199999999999","-120.601433","6668"
"2023-K61436","bc","PDT","2023-07-10T00:53:00.000Z","2023-07-12T00:00:00.000Z","OUT","N","FUL","0.01","49.581200000000003","-120.55203299999999","6668"
"2023-N71554","bc","PDT","2023-07-11T21:16:00.000Z","2023-07-12T00:00:00.000Z","OUT","N","FUL","0.01","49.528666999999999","-117.31725","6668"
"2023-K61202","bc","PDT","2023-07-07T23:13:00.000Z","2023-07-11T23:30:00.000Z","OUT","N","FUL","0.01","49.642533","-120.64916700000001","6668"
"2023-K61276","bc","PDT","2023-07-08T17:25:00.000Z","2023-07-11T22:30:00.000Z","OUT","N","FUL","0.01","49.680683000000002","-120.5859","6668"
"2023-N11299","bc","PDT","2023-07-08T22:30:00.000Z","2023-07-11T22:30:00.000Z","OUT","N","FUL","0.30","49.478917000000003","-115.41795","6668"
"2023-C51528","bc","PDT","2023-07-11T04:20:00.000Z","2023-07-11T21:30:00.000Z","OUT","N","FUL","0.01","52.090032999999998","-124.096833","6668"
"SWF-118-2023","ab","MST","2023-07-12T00:50:00.000Z","2023-07-11T21:00:00.000Z","OUT","N","FUL","0.01","56.683817","-115.025717","6668"
"387","qc","EST","2023-06-01T23:21:00.000Z","2023-07-11T20:57:14.000Z","OUT","N","FUL","5.40","46.8258","-76.2886","6668"
"2023-G51476","bc","PDT","2023-07-10T05:35:00.000Z","2023-07-11T20:00:00.000Z","OUT","N","FUL","0.10","54.943883","-124.261633","6668"
"SWF-119-2023","ab","MST","2023-07-12T00:58:00.000Z","2023-07-11T20:00:00.000Z","OUT","N","FUL","0.01","56.6756","-115.142617","6668"
"2023-K41521","bc","PDT","2023-07-11T02:28:00.000Z","2023-07-11T20:00:00.000Z","OUT","H","FUL","0.30","50.316333","-118.8027","6668"
"2023-G31371","bc","PDT","2023-07-09T04:46:00.000Z","2023-07-11T19:30:00.000Z","OUT","N","FUL","0.06","53.643050000000002","-120.87061667","6668"
"181","qc","EST","2023-05-28T17:00:00.000Z","2023-07-11T19:24:52.000Z","OUT","H","FUL","0.00","48.6069","-67.6667","6668"
"142","qc","EST","2023-05-19T23:45:00.000Z","2023-07-11T19:16:58.000Z","OUT","H","FUL","0.20","48.4064","-67.3367","6668"
"DRY_FIRE_027","on","GMT","2023-07-11T14:37:00.000Z","2023-07-11T19:00:00.000Z","OUT","N","FUL","0.10","49.5233","-92.488","6668"
"2023-N41077","bc","PDT","2023-07-02T20:49:00.000Z","2023-07-11T19:00:00.000Z","OUT","N","FUL","0.01","52.132815000000001","-118.488235","6668"
"2023-N40538","bc","PDT","2023-05-30T22:50:00.000Z","2023-07-11T19:00:00.000Z","OUT","H","FUL","0.01","51.460433000000002","-117.09433300000001","6668"
"2023-G90292","bc","PDT","2023-05-13T23:28:00.000Z","2023-07-11T18:30:00.000Z","BH","N","MON","21056.00","58.051716999999996","-123.32521699999999","6668"
"23LA-JEMIMA","sk","CST","2023-07-10T19:30:48.000Z","2023-07-11T18:15:44.000Z","OUT","N","FUL","0.50","55.602217","-105.999633","6668"
"HWF-125-2023","ab","MST","2023-07-10T02:53:00.000Z","2023-07-11T18:15:00.000Z","OUT","N","FUL","0.10","59.062717","-117.1753","6668"
"2023-R11505","bc","PDT","2023-07-10T22:43:00.000Z","2023-07-11T18:00:00.000Z","OUT","N","FUL","0.01","53.588332999999999","-125.0908","6668"
"2023-G71486","bc","PDT","2023-07-10T18:42:00.000Z","2023-07-11T18:00:00.000Z","OUT","N","FUL","0.01","56.106116999999998","-121.74208299999999","6668"
"GWF-050-2023","ab","MST","2023-07-11T21:30:00.000Z","2023-07-11T17:00:00.000Z","OUT","H","FUL","0.01","54.67655","-117.096633","6668"
"2023-N51487","bc","PDT","2023-07-10T18:54:00.000Z","2023-07-11T17:00:00.000Z","OUT","N","FUL","0.06","49.467283000000002","-117.63775","6668"
"2023-K51457","bc","PDT","2023-07-10T02:52:00.000Z","2023-07-11T17:00:00.000Z","OUT","N","FUL","0.01","49.745216999999997","-119.51436699999999","6668"
"PWF-095-2023","ab","MST","2023-07-10T19:24:00.000Z","2023-07-11T17:00:00.000Z","OUT","N","FUL","0.10","56.244667","-116.302833","6668"
"2023-K20983","bc","PDT","2023-06-29T01:22:00.000Z","2023-07-11T16:30:00.000Z","OUT","H","FUL","0.01","50.629750000000001","-119.90866699999999","6668"
"2023-K21383","bc","PDT","2023-07-09T18:42:00.000Z","2023-07-11T16:30:00.000Z","OUT","N","MOD","0.01","52.142949999999999","-119.994","6668"
"LWF-171-2023","ab","MST","2023-07-11T02:23:00.000Z","2023-07-11T15:15:00.000Z","OUT","N","FUL","0.01","54.711383","-110.941783","6668"
"NO069","mb","CDT","2023-07-02T05:00:00.000Z","2023-07-11T15:06:00.000Z","OUT","N","MON","25.00","55.42111","-99.08111","6668"
"NO053","mb","CDT","2023-06-26T05:00:00.000Z","2023-07-11T15:05:00.000Z","OUT","N","MON","50.00","53.79556","-96.30056","6668"
"NO016","mb","CDT","2023-06-10T05:00:00.000Z","2023-07-11T15:05:00.000Z","OUT","N","MON","181.00","53.33028","-94.77556","6668"
"NO054","mb","CDT","2023-06-26T05:00:00.000Z","2023-07-11T15:05:00.000Z","OUT","N","MON","23.00","53.75472","-96.15528","6668"
"NO040","mb","CDT","2023-06-18T05:00:00.000Z","2023-07-11T15:05:00.000Z","OUT","N","MON","10.00","55.56944","-99.68667","6668"
"PWF-084-2023","ab","MST","2023-07-01T04:14:00.000Z","2023-07-11T14:15:00.000Z","OUT","H","FUL","0.50","56.37005","-116.929583","6668"
"HWF-126-2023","ab","MST","2023-07-10T23:00:00.000Z","2023-07-11T13:00:00.000Z","OUT","N","FUL","0.10","59.19305","-119.02745","6668"
"COC_FIRE_012","on","GMT","2023-06-17T17:49:00.000Z","2023-07-11T12:27:00.000Z","OUT","H","FUL","68.20","52.9419","-82.5495","6668"
"23BN-VERMETTE","sk","CST","2023-04-29T19:52:08.000Z","2023-07-11T11:57:36.000Z","OUT","H","FUL","88446.00","55.644317","-109.219233","6668"
"23DB-NESOTEO","sk","CST","2023-07-10T16:35:47.000Z","2023-07-11T07:59:35.000Z","OUT","H","MOD","0.10","55.182717","-102.930733","6668"
"2023-G60649","bc","PDT","2023-06-06T22:45:00.000Z","2023-07-11T07:04:00.000Z","OUT","N","FUL","100.00","55.661499999999997","-123.89749999999999","6668"
"2023-G41513","bc","PDT","2023-07-11T00:36:00.000Z","2023-07-11T06:00:00.000Z","OUT","N","FUL","0.01","54.039499999999997","-124.57593300000001","6668"
"2023-G11496","bc","PDT","2023-07-10T21:15:00.000Z","2023-07-11T02:00:00.000Z","OUT","N","FUL","0.05","53.685667000000002","-122.5475","6668"
"2023-C51275","bc","PDT","2023-07-08T17:00:00.000Z","2023-07-11T02:00:00.000Z","OUT","N","FUL","0.02","51.561283000000003","-124.078883","6668"
"2023-G11185","bc","PDT","2023-07-07T19:09:00.000Z","2023-07-11T02:00:00.000Z","OUT","N","FUL","0.10","53.700800000000001","-122.186583","6668"
"FOR_FIRE_016","on","GMT","2023-07-10T23:24:00.000Z","2023-07-11T00:45:00.000Z","OUT","N","FUL","0.10","48.8422","-93.5969","6668"
"THU_FIRE_027","on","GMT","2023-07-06T18:24:00.000Z","2023-07-11T00:00:00.000Z","OUT","N","FUL","1.00","50.2622","-88.4219","6668"
"DRY_FIRE_026","on","GMT","2023-07-10T18:51:00.000Z","2023-07-10T22:42:00.000Z","OUT","N","FUL","0.10","49.8738","-90.0918","6668"
"DRY_FIRE_025","on","GMT","2023-07-08T19:53:00.000Z","2023-07-10T22:32:00.000Z","OUT","N","FUL","0.40","49.7663","-90.1454","6668"
"2023-K41357","bc","PDT","2023-07-09T03:07:00.000Z","2023-07-10T22:00:00.000Z","OUT","N","FUL","0.01","50.728583","-118.502633","6668"
"2023-K21285","bc","PDT","2023-07-08T18:40:00.000Z","2023-07-10T21:30:00.000Z","OUT","N","FUL","0.20","50.808950000000003","-121.019417","6668"
"2023-G51450","bc","PDT","2023-07-10T02:24:00.000Z","2023-07-10T21:00:00.000Z","OUT","N","FUL","0.01","55.712333000000001","-126.30238300000001","6668"
"2023-G51430","bc","PDT","2023-07-10T00:40:00.000Z","2023-07-10T21:00:00.000Z","OUT","N","FUL","0.01","55.726533000000003","-126.296133","6668"
"2023-G81159","bc","PDT","2023-07-06T23:00:00.000Z","2023-07-10T20:30:00.000Z","OUT","N","FUL","0.01","56.979799999999997","-122.2804","6668"
"2023-G51438","bc","PDT","2023-07-10T01:20:00.000Z","2023-07-10T20:00:00.000Z","OUT","N","FUL","0.01","55.709299999999999","-126.282267","6668"
"LWF-170-2023","ab","MST","2023-07-11T00:46:00.000Z","2023-07-10T20:00:00.000Z","OUT","N","FUL","0.01","54.686833","-110.29725","6668"
"2023-C51249","bc","PDT","2023-07-08T04:29:00.000Z","2023-07-10T19:30:00.000Z","OUT","N","FUL","0.40","51.794750000000001","-124.7183","6668"
"NIP_FIRE_049","on","GMT","2023-07-10T16:23:00.000Z","2023-07-10T19:00:00.000Z","OUT","N","FUL","0.10","49.6015","-87.9514","6668"
"2023-G90998","bc","PDT","2023-06-29T21:57:00.000Z","2023-07-10T19:00:00.000Z","OUT","N","FUL","0.01","58.444000000000003","-121.767633","6668"
"2023-G51316","bc","PDT","2023-07-09T00:05:00.000Z","2023-07-10T19:00:00.000Z","OUT","N","FUL","0.01","54.287582999999998","-124.00235000000001","6668"
"2023-G71361","bc","PDT","2023-07-09T03:01:00.000Z","2023-07-10T18:30:00.000Z","OUT","N","FUL","0.50","55.311616999999998","-120.972883","6668"
"2023-G11214","bc","PDT","2023-07-08T01:08:00.000Z","2023-07-10T18:30:00.000Z","OUT","N","FUL","0.01","53.680833","-121.866167","6668"
"SLK_FIRE_073","on","GMT","2023-07-08T18:26:00.000Z","2023-07-10T18:00:00.000Z","OUT","N","FUL","0.40","51.4916","-89.5417","6668"
"2023-G11161","bc","PDT","2023-07-07T00:27:00.000Z","2023-07-10T18:00:00.000Z","OUT","N","FUL","0.20","54.885883","-122.982033","6668"
"LWF-169-2023","ab","MST","2023-07-10T23:30:00.000Z","2023-07-10T17:30:30.000Z","OUT","H","FUL","0.01","55.478133","-110.742967","6668"
"2023-V91295","bc","PDT","2023-07-08T22:26:00.000Z","2023-07-10T17:30:00.000Z","OUT","N","FUL","0.01","51.064917000000001","-126.5352","6668"
"COC_FIRE_019","on","GMT","2023-06-24T15:29:00.000Z","2023-07-10T17:29:00.000Z","OUT","N","FUL","570.20","49.6071","-79.7037","6668"
"PWF-096-2023","ab","MST","2023-07-10T19:50:00.000Z","2023-07-10T16:30:00.000Z","OUT","N","FUL","0.01","57.091883","-118.34095","6668"
"SLK_FIRE_064","on","GMT","2023-07-03T22:12:00.000Z","2023-07-10T16:30:00.000Z","OUT","N","FUL","8.00","51.6744","-91.7627","6668"
"TIM_FIRE_007","on","GMT","2023-06-04T21:07:00.000Z","2023-07-10T16:00:00.000Z","OUT","N","FUL","149.00","47.9984","-81.9443","6668"
"23LA-DECEPTION","sk","CST","2023-05-12T17:58:36.000Z","2023-07-10T15:33:59.000Z","OUT","N","MOD","1143.70","56.554133","-104.258291","6668"
"NIP_FIRE_045","on","GMT","2023-07-08T21:53:00.000Z","2023-07-10T15:15:00.000Z","OUT","N","FUL","1.00","50.6017","-86.7661","6668"
"23SR-BOMPAS","sk","CST","2023-07-01T19:16:32.000Z","2023-07-10T15:09:41.000Z","OUT","N","MOD","10.00","59.6417","-104.983917","6668"
"23SR-ANDERSON","sk","CST","2023-07-01T13:19:38.000Z","2023-07-10T15:07:21.000Z","OUT","N","MOD","240.00","59.041333","-102.53515","6668"
"23SR-KINGSTON","sk","CST","2023-07-01T13:00:32.000Z","2023-07-10T15:05:17.000Z","OUT","N","MOD","985.00","58.9695","-102.534767","6668"
"23SR-KILLOCK","sk","CST","2023-06-30T15:05:38.000Z","2023-07-10T15:03:23.000Z","OUT","N","MOD","1443.40","58.614383","-103.211483","6668"
"NO048","mb","CDT","2023-06-24T05:00:00.000Z","2023-07-10T14:57:00.000Z","OUT","N","MON","3.00","55.16083","-96.85639","6668"
"NO068","mb","CDT","2023-07-02T05:00:00.000Z","2023-07-10T14:57:00.000Z","OUT","N","MON","30.00","55.60028","-96.55278","6668"
"NIP_FIRE_046","on","GMT","2023-07-08T22:06:00.000Z","2023-07-10T14:00:00.000Z","OUT","N","FUL","0.40","50.6396","-86.8833","6668"
"2023-G50615","bc","PDT","2023-06-05T00:03:00.000Z","2023-07-10T07:30:00.000Z","OUT","N","FUL","2.90","55.153333000000003","-124.46250000000001","6668"
"2023-G91455","bc","PDT","2023-07-10T02:35:00.000Z","2023-07-10T06:00:00.000Z","OUT","N","FUL","0.01","58.815416999999997","-122.814717","6668"
"2023-G71401","bc","PDT","2023-07-09T21:32:00.000Z","2023-07-10T02:00:00.000Z","OUT","N","FUL","0.01","55.700000000000003","-120.982033","6668"
"2023-G41298","bc","PDT","2023-07-08T22:36:00.000Z","2023-07-09T23:30:00.000Z","OUT","N","FUL","0.03","53.575899999999997","-123.541517","6668"
"372","qc","EST","2023-06-01T18:33:00.000Z","2023-07-09T22:34:19.000Z","OUT","N","FUL","2222.00","48.7817","-75.2447","6668"
"NIP_FIRE_048","on","GMT","2023-07-09T19:13:00.000Z","2023-07-09T21:30:00.000Z","OUT","N","FUL","0.10","50.4438","-87.3978","6668"
"CHA_FIRE_014","on","GMT","2023-07-09T13:52:00.000Z","2023-07-09T20:20:00.000Z","OUT","N","FUL","0.10","47.8916","-83.5238","6668"
"2023-G61226","bc","PDT","2023-07-08T02:14:00.000Z","2023-07-09T20:00:00.000Z","OUT","N","FUL","0.01","55.105666999999997","-123.47071699999999","6668"
"DRY_FIRE_024","on","GMT","2023-07-06T21:59:00.000Z","2023-07-09T19:40:00.000Z","OUT","N","FUL","0.70","50.3058","-92.7872","6668"
"RWF-066-2023","ab","MST","2023-07-09T22:39:00.000Z","2023-07-09T18:35:00.000Z","OUT","N","FUL","0.01","52.575717","-115.81225","6668"
"KEN_FIRE_030","on","GMT","2023-07-04T23:18:00.000Z","2023-07-09T16:50:00.000Z","OUT","H","FUL","0.10","49.3561","-94.1612","6668"
"CHA_FIRE_013","on","GMT","2023-07-08T22:03:00.000Z","2023-07-09T16:45:00.000Z","OUT","N","FUL","0.10","47.6686","-82.5429","6668"
"CWF-034-2023","ab","MST","2023-07-09T20:15:00.000Z","2023-07-09T16:40:00.000Z","OUT","N","FUL","0.10","49.481483","-114.452617","6668"
"EA068","mb","CDT","2023-07-01T05:00:00.000Z","2023-07-09T15:10:00.000Z","OUT","H","FUL","8.00","52.19056","-98.76944","6668"
"WE038","mb","CDT","2023-07-04T05:00:00.000Z","2023-07-09T14:48:00.000Z","OUT","N","FUL","2.40","52.70056","-99.09972","6668"
"NIP_FIRE_044","on","GMT","2023-07-08T18:58:00.000Z","2023-07-09T13:30:00.000Z","OUT","N","FUL","0.20","50.4653","-87.4351","6668"
"HWF-114-2023","ab","MST","2023-07-05T22:21:00.000Z","2023-07-09T13:13:00.000Z","OUT","N","FUL","1.70","58.890162","-117.008347","6668"
"2023-G91021","bc","PDT","2023-07-01T00:43:00.000Z","2023-07-09T11:01:00.000Z","BH","N","MON","12.00","59.775500000000001","-125.34350000000001","6668"
"2023JA8","pc","MDT","2023-07-09T22:17:05.000Z","2023-07-09T07:00:00.000Z","OUT","H","FUL","0.01","52.9329","-118.0415","6668"
"2023NA2","pc","MDT","2023-06-29T00:23:39.000Z","2023-07-09T07:00:00.000Z","OUT","N","MON","1400.00","60.9682","-126.6807","6668"
"2023JA9","pc","MDT","2023-07-09T22:21:09.000Z","2023-07-09T07:00:00.000Z","OUT","H","FUL","0.00","53.0109","-118.0877","6668"
"RED_FIRE_042","on","GMT","2023-07-03T23:51:00.000Z","2023-07-09T01:00:00.000Z","OUT","N","FUL","3.50","51.5493","-92.4497","6668"
"2023-G40208","bc","PDT","2023-05-04T22:46:00.000Z","2023-07-09T00:30:00.000Z","OUT","H","FUL","3.50","53.922049999999999","-124.153333","6668"
"SLK_FIRE_063","on","GMT","2023-07-03T18:28:00.000Z","2023-07-09T00:30:00.000Z","OUT","N","FUL","2.90","51.5603","-90.2669","6668"
"2023-G71193","bc","PDT","2023-07-07T22:07:00.000Z","2023-07-09T00:00:00.000Z","OUT","N","FUL","0.44","55.301532999999999","-120.417867","6668"
"SLK_FIRE_074","on","GMT","2023-07-08T20:03:00.000Z","2023-07-08T23:30:00.000Z","OUT","N","FUL","0.20","50.4347","-92.042","6668"
"KEN_FIRE_033","on","GMT","2023-07-07T21:30:00.000Z","2023-07-08T22:00:00.000Z","OUT","N","FUL","0.20","50.1251","-93.2047","6668"
"2023-G71281","bc","PDT","2023-07-08T18:26:00.000Z","2023-07-08T22:00:00.000Z","OUT","N","FUL","0.01","55.484366999999999","-122.797917","6668"
"PWF-092-2023","ab","MST","2023-07-08T23:57:00.000Z","2023-07-08T21:35:00.000Z","OUT","H","FUL","0.01","56.448627","-116.121368","6668"
"GWF-035-2023","ab","MST","2023-06-04T21:41:00.000Z","2023-07-08T18:35:00.000Z","UC","U","FUL","872.00","55.58595","-119.40315","6668"
"COC_FIRE_040","on","GMT","2023-07-07T22:42:00.000Z","2023-07-08T16:50:00.000Z","OUT","N","FUL","0.10","50.848","-81.1274","6668"
"62382","nb","ADT","2023-07-08T16:21:09.000Z","2023-07-08T16:26:00.000Z","OUT","U","FUL","0.10","46.27467","-64.68638","6668"
"23DN-HWY1601","sk","CST","2023-07-08T11:45:42.000Z","2023-07-08T15:17:44.000Z","OUT","H","MOD","0.10","53.103417","-109.448583","6668"
"NIP_FIRE_030","on","GMT","2023-07-03T18:50:00.000Z","2023-07-08T15:15:00.000Z","OUT","N","FUL","1.00","48.9828","-86.8694","6668"
"NO047","mb","CDT","2023-06-23T05:00:00.000Z","2023-07-08T14:54:00.000Z","OUT","N","MON","451.00","56.63417","-101.90917","6668"
"WE036","mb","CDT","2023-07-02T05:00:00.000Z","2023-07-08T14:28:00.000Z","OUT","N","FUL","2.30","54.65028","-100.83361","6668"
"HWF-065-2023","ab","MST","2023-06-10T21:30:00.000Z","2023-07-08T13:30:00.000Z","BH","N","FUL","1425.20","57.552833","-114.924917","6668"
"NIP_FIRE_023","on","GMT","2023-06-21T12:30:00.000Z","2023-07-08T13:00:00.000Z","OUT","N","FUL","0.10","49.2635","-88.1194","6668"
"HWF-122-2023","ab","MST","2023-07-08T00:23:00.000Z","2023-07-08T12:05:00.000Z","OUT","H","FUL","0.10","59.599667","-117.394533","6668"
"2023-G31264","bc","PDT","2023-07-08T05:58:00.000Z","2023-07-08T08:30:00.000Z","OUT","H","FUL","0.01","52.857750000000003","-118.631016","6668"
"RED_FIRE_048","on","GMT","2023-07-07T14:25:00.000Z","2023-07-08T00:48:00.000Z","OUT","N","FUL","0.10","50.8487","-93.307","6668"
"2023-C50354","bc","PDT","2023-05-17T22:22:00.000Z","2023-07-07T23:30:00.000Z","OUT","H","FUL","145.00","52.456533","-125.42576699999999","6668"
"2023-N70971","bc","PDT","2023-06-29T00:06:00.000Z","2023-07-07T22:00:00.000Z","OUT","N","FUL","0.01","49.456383000000002","-117.299117","6668"
"NOR_FIRE_007","on","GMT","2023-07-04T20:57:00.000Z","2023-07-07T21:15:00.000Z","OUT","N","FUL","0.40","47.0307","-79.3946","6668"
"NIP_FIRE_032","on","GMT","2023-07-03T22:08:00.000Z","2023-07-07T20:05:00.000Z","OUT","N","FUL","1.50","49.36","-87.4055","6668"
"2023-K60970","bc","PDT","2023-06-28T23:50:00.000Z","2023-07-07T20:00:00.000Z","OUT","N","FUL","0.01","49.910133000000002","-120.580783","6668"
"2023-K60914","bc","PDT","2023-06-26T02:08:00.000Z","2023-07-07T20:00:00.000Z","OUT","N","FUL","0.01","49.606000000000002","-121.006783","6668"
"2023-K61125","bc","PDT","2023-07-04T20:19:00.000Z","2023-07-07T19:30:00.000Z","OUT","N","FUL","0.27","49.1785","-120.50703300000001","6668"
"KEN_FIRE_031","on","GMT","2023-07-06T20:24:00.000Z","2023-07-07T19:00:00.000Z","OUT","N","FUL","0.20","50.1257","-93.0574","6668"
"399","qc","EST","2023-06-02T00:40:00.000Z","2023-07-07T18:37:06.000Z","OUT","N","FUL","0.70","47.4958","-76.6481","6668"
"2023-K21008","bc","PDT","2023-06-30T03:49:00.000Z","2023-07-07T18:30:00.000Z","OUT","N","FUL","0.20","51.515217","-119.5108","6668"
"SLK_FIRE_060","on","GMT","2023-06-28T17:08:00.000Z","2023-07-07T16:49:00.000Z","OUT","N","FUL","5.50","52.5732","-90.3636","6668"
"321","qc","EST","2023-06-01T18:05:00.000Z","2023-07-07T16:27:02.000Z","OUT","N","FUL","0.30","47.5333","-76.5881","6668"
"320","qc","EST","2023-06-01T18:05:00.000Z","2023-07-07T16:17:46.000Z","OUT","N","FUL","0.00","47.5289","-76.5756","6668"
"KEN_FIRE_032","on","GMT","2023-07-06T20:29:00.000Z","2023-07-07T16:05:00.000Z","OUT","N","FUL","0.10","50.2134","-92.9838","6668"
"49","qc","EST","2023-05-08T22:05:00.000Z","2023-07-07T16:00:55.000Z","OUT","H","FUL","0.10","48.3667","-71.66","6668"
"221","qc","EST","2023-06-01T13:00:00.000Z","2023-07-07T15:37:23.000Z","OUT","H","FUL","0.00","48.7425","-71.2256","6668"
"SLK_FIRE_066","on","GMT","2023-07-04T00:01:00.000Z","2023-07-07T15:35:00.000Z","OUT","N","FUL","0.50","50.5703","-91.6944","6668"
"143","qc","EST","2023-05-19T21:20:00.000Z","2023-07-07T15:34:10.000Z","OUT","H","FUL","0.40","47.7797","-72.9319","6668"
"19","qc","EST","2023-04-29T17:30:00.000Z","2023-07-07T15:27:55.000Z","OUT","H","FUL","0.10","48.52","-71.4933","6668"
"153","qc","EST","2023-05-23T20:00:00.000Z","2023-07-07T15:24:48.000Z","OUT","H","FUL","0.10","46.0861","-72.1617","6668"
"128","qc","EST","2023-05-10T23:35:00.000Z","2023-07-07T15:21:21.000Z","OUT","H","FUL","0.00","46.8711","-72.2331","6668"
"92","qc","EST","2023-05-13T05:00:00.000Z","2023-07-07T15:09:55.000Z","OUT","H","FUL","0.10","46.9081","-71.9803","6668"
"NO070","mb","CDT","2023-07-02T05:00:00.000Z","2023-07-07T15:08:00.000Z","OUT","N","FUL","1.70","55.25556","-98.44722","6668"
"23LX-CENTIPEDE","sk","CST","2023-06-02T20:33:39.000Z","2023-07-07T14:59:38.000Z","OUT","N","MOD","1148.00","56.257973","-107.311968","6668"
"23LX-ELLERAAS","sk","CST","2023-05-30T12:47:09.000Z","2023-07-07T14:59:14.000Z","OUT","N","MOD","18342.20","56.830067","-106.594933","6668"
"23LX-HAULTAIN","sk","CST","2023-06-02T20:44:40.000Z","2023-07-07T14:58:32.000Z","OUT","N","MOD","5664.00","56.861153","-106.427403","6668"
"23LX-TIMSON","sk","CST","2023-06-30T16:26:49.000Z","2023-07-07T14:57:56.000Z","OUT","N","MOD","3759.00","57.8539","-106.348133","6668"
"144","qc","EST","2023-05-19T22:00:00.000Z","2023-07-07T14:51:36.000Z","OUT","H","FUL","0.10","47.3947","-72.5897","6668"
"32","qc","EST","2023-05-07T17:00:00.000Z","2023-07-07T14:46:57.000Z","OUT","H","FUL","0.60","48.2853","-70.9892","6668"
"WE037","mb","CDT","2023-07-04T05:00:00.000Z","2023-07-07T14:41:00.000Z","OUT","N","FUL","0.10","54.11944","-101.25000","6668"
"HWF-119-2023","ab","MST","2023-07-06T22:48:00.000Z","2023-07-07T14:40:00.000Z","OUT","N","FUL","0.12","58.91045","-117.6433","6668"
"107","qc","EST","2023-05-14T18:00:00.000Z","2023-07-07T14:37:33.000Z","OUT","H","FUL","0.10","46.1331","-73.5003","6668"
"152","qc","EST","2023-05-23T22:10:00.000Z","2023-07-07T14:31:17.000Z","OUT","H","FUL","0.00","46.4942","-72.8242","6668"
"114","qc","EST","2023-05-13T23:55:00.000Z","2023-07-07T14:26:39.000Z","OUT","H","FUL","0.20","46.4008","-71.8217","6668"
"SLK_FIRE_067","on","GMT","2023-07-04T00:29:00.000Z","2023-07-07T13:15:00.000Z","OUT","N","FUL","0.30","51.6066","-92.2382","6668"
"SLK_FIRE_071","on","GMT","2023-07-06T18:54:00.000Z","2023-07-07T13:15:00.000Z","OUT","N","FUL","0.20","51.3401","-90.2038","6668"
"COC_FIRE_006","on","GMT","2023-06-02T20:40:00.000Z","2023-07-07T12:00:00.000Z","OUT","N","FUL","1239.00","48.9088","-80.3046","6668"
"HWF-118-2023","ab","MST","2023-07-06T21:31:00.000Z","2023-07-07T11:50:00.000Z","OUT","N","FUL","0.01","58.578283","-116.798717","6668"
"2023KO3","pc","MDT","2023-07-04T19:52:35.000Z","2023-07-07T07:00:00.000Z","OUT","N","FUL","0.01","50.6238","-115.8572","6668"
"2023-G70755","bc","PDT","2023-06-13T01:11:00.000Z","2023-07-07T03:30:00.000Z","OUT","N","MON","11.11","54.540517000000001","-120.68600000000001","6668"
"2023-G70759","bc","PDT","2023-06-13T03:06:00.000Z","2023-07-07T03:30:00.000Z","OUT","N","MON","23.28","54.301966999999998","-120.24299999999999","6668"
"2023-G81004","bc","PDT","2023-06-30T01:44:00.000Z","2023-07-07T03:30:00.000Z","OUT","N","FUL","2.10","56.611133330000001","-121.53274999999999","6668"
"RED_FIRE_047","on","GMT","2023-07-06T19:32:00.000Z","2023-07-07T00:50:00.000Z","OUT","N","FUL","0.10","50.7721","-92.405","6668"
"2023-K40878","bc","PDT","2023-06-24T22:52:00.000Z","2023-07-07T00:00:00.000Z","OUT","N","FUL","0.01","50.370199999999997","-118.53496699999999","6668"
"2023XY013","yt","PDT","2023-06-17T04:09:00.000Z","2023-07-06T23:59:00.000Z","OUT","N","FUL","1.00","60.72845","-135.07739","6668"
"COC_FIRE_025","on","GMT","2023-07-03T20:08:00.000Z","2023-07-06T23:00:00.000Z","OUT","N","FUL","1.50","51.1728","-80.3312","6668"
"HWF-117-2023","ab","MST","2023-07-06T20:54:00.000Z","2023-07-06T21:32:00.000Z","OUT","N","FUL","0.01","58.657383","-115.91495","6668"
"2023-N10281","bc","PDT","2023-05-13T01:33:00.000Z","2023-07-06T21:00:00.000Z","OUT","H","FUL","9.98","49.196416999999997","-115.141633","6668"
"2023-N20225","bc","PDT","2023-05-05T23:32:00.000Z","2023-07-06T21:00:00.000Z","OUT","H","FUL","0.10","49.956049999999998","-115.659283","6668"
"23HB-KRISSY","sk","CST","2023-07-04T11:43:57.000Z","2023-07-06T20:33:44.000Z","OUT","N","MOD","0.40","54.24175","-102.963433","6668"
"23HB-SAUNDER","sk","CST","2023-07-01T16:55:53.000Z","2023-07-06T20:32:35.000Z","OUT","N","MOD","3.50","54.352","-103.2315","6668"
"KLK_FIRE_014","on","GMT","2023-07-04T23:23:00.000Z","2023-07-06T20:30:00.000Z","OUT","N","FUL","0.30","48.1289","-79.6178","6668"
"2023-N10879","bc","PDT","2023-06-24T22:59:00.000Z","2023-07-06T20:30:00.000Z","OUT","N","FUL","4.12","49.188217000000002","-115.18386700000001","6668"
"90","qc","EST","2023-05-13T22:15:00.000Z","2023-07-06T20:16:05.000Z","OUT","H","FUL","1.10","47.2889","-72.8358","6668"
"42","qc","EST","2023-05-07T21:00:00.000Z","2023-07-06T20:12:19.000Z","OUT","H","FUL","0.00","46.0986","-73.4858","6668"
"2023-R11120","bc","PDT","2023-07-04T04:49:00.000Z","2023-07-06T20:00:00.000Z","OUT","H","MOD","0.01","53.850917000000003","-125.850167","6668"
"21","qc","EST","2023-05-01T20:47:00.000Z","2023-07-06T19:17:18.000Z","OUT","H","FUL","0.00","48.9222","-73.1803","6668"
"69","qc","EST","2023-05-11T18:00:00.000Z","2023-07-06T19:14:06.000Z","OUT","H","FUL","0.40","45.6275","-71.9178","6668"
"51","qc","EST","2023-05-08T22:15:00.000Z","2023-07-06T19:08:43.000Z","OUT","H","FUL","0.00","45.7572","-71.8936","6668"
"36","qc","EST","2023-05-07T19:10:00.000Z","2023-07-06T19:02:25.000Z","OUT","H","FUL","0.10","47.0028","-71.3931","6668"
"37","qc","EST","2023-05-07T19:20:00.000Z","2023-07-06T18:35:15.000Z","OUT","H","FUL","0.10","45.2342","-72.34","6668"
"2023-K50624","bc","PDT","2023-06-05T03:07:00.000Z","2023-07-06T18:00:00.000Z","OUT","N","FUL","33.00","49.820283000000003","-119.78916700000001","6668"
"2023-K61127","bc","PDT","2023-07-04T22:06:00.000Z","2023-07-06T18:00:00.000Z","OUT","N","FUL","0.07","49.895200000000003","-120.748783","6668"
"2023-N10598","bc","PDT","2023-06-04T04:19:00.000Z","2023-07-06T18:00:00.000Z","OUT","H","FUL","0.05","49.558083000000003","-115.71041700000001","6668"
"FOR_FIRE_013","on","GMT","2023-06-27T16:49:00.000Z","2023-07-06T17:44:00.000Z","OUT","H","FUL","0.10","48.7439","-93.339","6668"
"23DN-PAWR01","sk","CST","2023-07-01T14:39:06.000Z","2023-07-06T17:02:12.000Z","OUT","N","MOD","2.80","54.872233","-109.43985","6668"
"23BN-RAY","sk","CST","2023-06-30T13:50:10.000Z","2023-07-06T16:08:27.000Z","OUT","N","MOD","1.00","56.39115","-108.54375","6668"
"RED_FIRE_046","on","GMT","2023-07-05T21:07:00.000Z","2023-07-06T14:55:00.000Z","OUT","N","FUL","0.20","51.3147","-94.0624","6668"
"EA070","mb","CDT","2023-07-03T05:00:00.000Z","2023-07-06T14:47:00.000Z","OUT","N","FUL","1.00","51.03167","-96.11889","6668"
"EA069","mb","CDT","2023-07-01T05:00:00.000Z","2023-07-06T14:47:00.000Z","OUT","N","FUL","3.00","50.97472","-95.69833","6668"
"EA071","mb","CDT","2023-07-03T05:00:00.000Z","2023-07-06T14:47:00.000Z","OUT","N","FUL","0.20","50.52333","-95.83028","6668"
"LWF-157-2023","ab","MST","2023-06-22T14:40:00.000Z","2023-07-06T14:37:00.000Z","OUT","H","FUL","0.01","55.923017","-110.7104","6668"
"MWF-044-2023","ab","MST","2023-06-30T20:31:00.000Z","2023-07-06T13:00:00.000Z","OUT","N","FUL","5.90","57.067333","-112.158333","6668"
"PWF-051-2023","ab","MST","2023-06-05T18:38:00.000Z","2023-07-06T10:55:00.000Z","OUT","N","FUL","0.01","56.437533","-119.181033","6668"
"23DB-DUMP","sk","CST","2023-05-11T15:24:32.000Z","2023-07-06T10:23:43.000Z","OUT","H","MOD","2.40","55.201333","-102.916567","6668"
"2023-G41107","bc","PDT","2023-07-03T21:57:00.000Z","2023-07-06T02:30:00.000Z","OUT","N","FUL","0.17","53.549233000000001","-123.570717","6668"
"SLK_FIRE_069","on","GMT","2023-07-05T21:06:00.000Z","2023-07-06T01:00:00.000Z","OUT","N","FUL","0.10","51.4796","-89.723","6668"
"2023-G70182","bc","PDT","2023-05-03T21:08:00.000Z","2023-07-06T00:00:00.000Z","OUT","H","FUL","1.09","55.714917","-121.50645","6668"
"2023-G70243","bc","PDT","2023-05-07T00:44:00.000Z","2023-07-05T23:30:00.000Z","OUT","H","FUL","1.69","55.792549999999999","-121.952","6668"
"2023-K40997","bc","PDT","2023-06-29T21:14:00.000Z","2023-07-05T23:00:00.000Z","OUT","N","FUL","0.01","50.132916999999999","-119.538467","6668"
"2023-G80966","bc","PDT","2023-06-28T22:23:00.000Z","2023-07-05T22:00:00.000Z","OUT","N","FUL","0.01","57.162083000000003","-122.94533300000001","6668"
"2023-G41108","bc","PDT","2023-07-03T22:04:00.000Z","2023-07-05T22:00:00.000Z","OUT","N","FUL","0.08","53.535699999999999","-123.520933","6668"
"2023-R11052","bc","PDT","2023-07-02T00:12:00.000Z","2023-07-05T22:00:00.000Z","OUT","H","FUL","0.01","53.815733000000002","-125.89653300000001","6668"
"NIP_FIRE_025","on","GMT","2023-06-23T19:08:00.000Z","2023-07-05T22:00:00.000Z","OUT","N","MOD","130.20","52.9961","-88.2433","6668"
"NIP_FIRE_033","on","GMT","2023-07-04T18:53:00.000Z","2023-07-05T22:00:00.000Z","OUT","N","FUL","0.10","51.0245","-88.1285","6668"
"PWF-089-2023","ab","MST","2023-07-06T00:30:00.000Z","2023-07-05T20:19:00.000Z","OUT","N","FUL","0.01","56.5823","-116.8641","6668"
"2023-R30982","bc","PDT","2023-06-29T01:47:00.000Z","2023-07-05T20:00:00.000Z","OUT","H","MON","0.40","54.652633000000002","-126.839883","6668"
"RED_FIRE_045","on","GMT","2023-07-04T14:53:00.000Z","2023-07-05T19:46:00.000Z","OUT","N","FUL","0.40","50.6152","-94.1441","6668"
"PWF-088-2023","ab","MST","2023-07-06T00:27:00.000Z","2023-07-05T19:38:00.000Z","OUT","N","FUL","0.01","56.579617","-116.873183","6668"
"2023-G90987","bc","PDT","2023-06-29T05:01:00.000Z","2023-07-05T19:30:00.000Z","OUT","N","FUL","0.10","58.995882999999999","-121.275367","6668"
"2023-R11124","bc","PDT","2023-07-04T19:57:00.000Z","2023-07-05T19:30:00.000Z","OUT","H","FUL","0.01","54.074199999999998","-125.71344999999999","6668"
"2023-G31065","bc","PDT","2023-07-02T14:43:00.000Z","2023-07-05T19:00:00.000Z","OUT","N","FUL","0.01","52.197316999999998","-119.253067","6668"
"2023-N20978","bc","PDT","2023-06-29T00:56:00.000Z","2023-07-05T19:00:00.000Z","OUT","N","FUL","0.01","50.150333000000003","-115.735333","6668"
"2023-N11014","bc","PDT","2023-06-30T21:51:00.000Z","2023-07-05T19:00:00.000Z","OUT","N","FUL","0.01","49.496082999999999","-115.520167","6668"
"2023-V80888","bc","PDT","2023-06-25T02:08:00.000Z","2023-07-05T18:30:00.000Z","OUT","H","FUL","0.45","49.964816999999996","-125.43695","6668"
"NIP_FIRE_034","on","GMT","2023-07-04T19:06:00.000Z","2023-07-05T17:45:00.000Z","OUT","N","FUL","0.10","50.8871","-88.0072","6668"
"LWF-168-2023","ab","MST","2023-07-05T23:13:00.000Z","2023-07-05T17:14:00.000Z","OUT","H","FUL","0.01","54.910355","-112.865395","6668"
"LWF-167-2023","ab","MST","2023-07-05T23:09:00.000Z","2023-07-05T17:10:00.000Z","OUT","H","FUL","0.01","54.909988","-112.865448","6668"
"FOR_FIRE_015","on","GMT","2023-07-04T16:50:00.000Z","2023-07-05T17:03:00.000Z","OUT","N","FUL","0.30","48.107","-91.5887","6668"
"2023-V60950","bc","PDT","2023-06-28T00:32:00.000Z","2023-07-05T17:00:00.000Z","OUT","H","FUL","0.10","48.470117000000002","-123.466717","6668"
"LWF-166-2023","ab","MST","2023-07-05T22:55:00.000Z","2023-07-05T16:56:00.000Z","OUT","H","FUL","0.01","54.908237","-112.865472","6668"
"GWF-048-2023","ab","MST","2023-07-05T22:13:00.000Z","2023-07-05T16:47:00.000Z","OUT","H","FUL","0.01","54.975917","-117.14205","6668"
"LWF-165-2023","ab","MST","2023-07-05T22:45:00.000Z","2023-07-05T16:46:00.000Z","OUT","H","FUL","0.01","54.907085","-112.86544","6668"
"23DB-NORD","sk","CST","2023-07-02T13:49:56.000Z","2023-07-05T15:08:41.000Z","OUT","N","FUL","0.10","54.834217","-103.1688","6668"
"EA057","mb","CDT","2023-06-11T05:00:00.000Z","2023-07-05T14:42:00.000Z","OUT","N","MON","394.00","53.10778","-96.50694","6668"
"EA050","mb","CDT","2023-06-07T05:00:00.000Z","2023-07-05T14:42:00.000Z","OUT","N","MON","554.00","53.03833","-96.86028","6668"
"EA055","mb","CDT","2023-06-10T05:00:00.000Z","2023-07-05T14:42:00.000Z","OUT","N","MON","2910.00","53.27917","-96.92417","6668"
"EA059","mb","CDT","2023-06-11T05:00:00.000Z","2023-07-05T14:42:00.000Z","OUT","N","MOD","1940.00","52.63083","-95.73361","6668"
"MWF-045-2023","ab","MST","2023-06-30T23:00:00.000Z","2023-07-05T14:15:00.000Z","OUT","N","FUL","0.40","56.98195","-110.9728","6668"
"LWF-162-2023","ab","MST","2023-06-30T20:03:00.000Z","2023-07-05T12:45:00.000Z","OUT","N","FUL","6.60","54.957233","-111.212283","6668"
"HWF-099-2023","ab","MST","2023-07-01T21:33:00.000Z","2023-07-05T12:30:23.000Z","OUT","N","FUL","8.50","59.011467","-117.266383","6668"
"HWF-107-2023","ab","MST","2023-07-04T22:04:00.000Z","2023-07-05T12:12:00.000Z","OUT","N","FUL","0.50","58.760422","-115.944817","6668"
"HWF-105-2023","ab","MST","2023-07-04T18:20:00.000Z","2023-07-05T11:50:00.000Z","OUT","N","FUL","0.01","58.70225","-115.770283","6668"
"HWF-113-2023","ab","MST","2023-07-05T14:48:00.000Z","2023-07-05T08:50:00.000Z","OUT","H","FUL","0.10","58.693833","-117.386167","6668"
"23DB-MCINTYRE","sk","CST","2023-06-24T09:07:48.000Z","2023-07-05T07:50:25.000Z","OUT","N","MOD","0.10","54.872833","-103.161326","6668"
"2023BA8","pc","MDT","2023-07-03T19:11:23.000Z","2023-07-05T07:00:00.000Z","OUT","H","FUL","0.01","51.409","-116.168","6668"
"2023BA9","pc","MDT","2023-07-04T19:45:06.000Z","2023-07-05T07:00:00.000Z","OUT","N","FUL","0.05","51.3986","-116.1957","6668"
"2023-V30960","bc","PDT","2023-06-28T16:28:00.000Z","2023-07-05T03:30:00.000Z","OUT","H","FUL","0.01","49.548050000000003","-123.25021700000001","6668"
"2023-V31049","bc","PDT","2023-07-02T00:02:00.000Z","2023-07-05T03:00:00.000Z","OUT","H","FUL","0.01","50.071550000000002","-123.3368","6668"
"2023-N71128","bc","PDT","2023-07-04T21:36:00.000Z","2023-07-05T01:30:00.000Z","OUT","N","FUL","0.01","49.776049999999998","-117.006867","6668"
"2023-G11073","bc","PDT","2023-07-02T21:07:00.000Z","2023-07-05T00:30:00.000Z","OUT","N","FUL","0.01","54.119700000000002","-122.113033","6668"
"2023-N71053","bc","PDT","2023-07-02T00:11:00.000Z","2023-07-05T00:00:00.000Z","OUT","N","FUL","0.90","49.002417000000001","-116.62096699999999","6668"
"2023-N61080","bc","PDT","2023-07-02T22:54:00.000Z","2023-07-04T23:30:00.000Z","OUT","H","FUL","0.01","49.116416999999998","-119.151","6668"
"2023-V30920","bc","PDT","2023-06-26T16:14:00.000Z","2023-07-04T23:30:00.000Z","OUT","N","FUL","0.01","50.099049999999998","-123.407967","6668"
"2023-C10996","bc","PDT","2023-06-29T19:29:00.000Z","2023-07-04T23:00:00.000Z","OUT","N","FUL","0.01","52.481633000000002","-122.516383","6668"
"2023-N10976","bc","PDT","2023-06-29T00:58:00.000Z","2023-07-04T23:00:00.000Z","OUT","N","FUL","0.22","49.414549999999998","-115.842833","6668"
"2023-C50100","bc","PDT","2023-04-27T21:19:00.000Z","2023-07-04T22:00:00.000Z","OUT","H","FUL","209.00","52.035133000000002","-123.17700000000001","6668"
"2023-C50899","bc","PDT","2023-06-25T16:40:00.000Z","2023-07-04T22:00:00.000Z","OUT","N","FUL","2.90","52.606833000000002","-124.931667","6668"
"2023-G80848","bc","PDT","2023-06-23T23:48:00.000Z","2023-07-04T21:30:00.000Z","OUT","N","FUL","0.01","56.913666999999997","-122.59220000000001","6668"
"137","qc","EST","2023-05-19T16:30:00.000Z","2023-07-04T21:16:43.000Z","OUT","H","FUL","1.10","48.0172","-66.7003","6668"
"SUD_FIRE_023","on","GMT","2023-07-03T18:31:00.000Z","2023-07-04T21:13:00.000Z","OUT","N","FUL","0.20","46.9852","-80.6335","6668"
"78","qc","EST","2023-05-12T19:00:00.000Z","2023-07-04T20:47:11.000Z","OUT","H","FUL","0.00","47.3658","-70.0461","6668"
"2023-V80829","bc","PDT","2023-06-20T21:55:00.000Z","2023-07-04T20:00:00.000Z","OUT","H","FUL","0.04","49.864882999999999","-126.674133","6668"
"HWF-106-2023","ab","MST","2023-07-04T18:35:00.000Z","2023-07-04T19:30:59.000Z","OUT","N","FUL","0.10","58.699667","-116.15625","6668"
"RED_FIRE_043","on","GMT","2023-07-03T23:55:00.000Z","2023-07-04T18:00:00.000Z","OUT","N","FUL","0.10","51.1205","-94.238","6668"
"2023-R50944","bc","PDT","2023-06-27T23:24:00.000Z","2023-07-04T18:00:00.000Z","OUT","H","FUL","0.03","54.532299999999999","-128.505583","6668"
"SLK_FIRE_065","on","GMT","2023-07-03T22:36:00.000Z","2023-07-04T17:30:00.000Z","OUT","N","FUL","0.20","51.6483","-91.762","6668"
"23DB-HOBB","sk","CST","2023-07-01T13:25:06.000Z","2023-07-04T17:11:14.000Z","OUT","N","FUL","0.10","54.566267","-102.783817","6668"
"23LA-TOWER","sk","CST","2023-07-01T13:33:55.000Z","2023-07-04T17:04:32.000Z","OUT","N","MOD","1.50","56.366983","-103.3782","6668"
"2023-K61020","bc","PDT","2023-07-01T00:14:00.000Z","2023-07-04T17:00:00.000Z","OUT","N","FUL","0.01","50.003616999999998","-120.37821700000001","6668"
"WE033","mb","CDT","2023-07-01T05:00:00.000Z","2023-07-04T16:59:00.000Z","OUT","H","FUL","0.10","53.70139","-100.33361","6668"
"WE031","mb","CDT","2023-07-01T05:00:00.000Z","2023-07-04T16:58:00.000Z","OUT","H","FUL","0.10","53.70722","-100.33389","6668"
"PWF-054-2023","ab","MST","2023-06-06T19:55:00.000Z","2023-07-04T16:40:00.000Z","OUT","H","FUL","1.81","56.422097","-119.968367","6668"
"WE034","mb","CDT","2023-07-01T05:00:00.000Z","2023-07-04T16:34:00.000Z","OUT","N","FUL","0.10","55.00694","-101.18583","6668"
"SWF-112-2023","ab","MST","2023-06-29T17:48:00.000Z","2023-07-04T16:23:00.000Z","OUT","N","FUL","13.90","57.3122","-115.486433","6668"
"23LF-EAST","sk","CST","2023-07-01T16:48:13.000Z","2023-07-04T15:55:09.000Z","OUT","N","FUL","2.00","54.380733","-105.008967","6668"
"23DB-SKIMMER","sk","CST","2023-07-01T09:41:56.000Z","2023-07-04T15:45:18.000Z","OUT","N","FUL","1.00","54.3395","-103.871167","6668"
"23DB-NINI","sk","CST","2023-07-01T16:59:52.000Z","2023-07-04T15:43:57.000Z","OUT","N","FUL","1.00","54.4961","-102.938717","6668"
"NOR_FIRE_006","on","GMT","2023-07-03T21:48:00.000Z","2023-07-04T15:15:00.000Z","OUT","H","FUL","0.20","46.1201","-80.15","6668"
"HWF-098-2023","ab","MST","2023-07-01T21:03:00.000Z","2023-07-04T14:49:00.000Z","OUT","N","FUL","9.20","58.872882","-117.992283","6668"
"23SR-HOCKING","sk","CST","2023-07-01T17:13:44.000Z","2023-07-04T14:46:39.000Z","OUT","N","MOD","4.00","58.97875","-106.078883","6668"
"PWF-055-2023","ab","MST","2023-06-06T21:23:00.000Z","2023-07-04T14:15:00.000Z","OUT","H","FUL","0.01","56.423017","-119.961683","6668"
"EWF-039-2023","ab","MST","2023-05-06T03:51:00.000Z","2023-07-04T09:30:00.000Z","UC","H","FUL","165.00","53.470617","-115.870717","6668"
"23SR-MCCRADY","sk","CST","2023-07-04T08:10:43.000Z","2023-07-04T08:17:37.000Z","OUT","N","MOD","536.00","58.7195","-108.639017","6668"
"FOR_FIRE_014","on","GMT","2023-07-03T20:45:00.000Z","2023-07-04T01:34:00.000Z","OUT","N","FUL","0.10","48.9581","-92.14","6668"
"KEN_FIRE_029","on","GMT","2023-07-03T21:15:00.000Z","2023-07-03T23:25:00.000Z","OUT","N","FUL","0.10","50.0261","-94.1385","6668"
"NIP_FIRE_031","on","GMT","2023-07-03T20:48:00.000Z","2023-07-03T22:00:00.000Z","OUT","N","FUL","0.10","48.82","-86.9516","6668"
"2023-N11076","bc","PDT","2023-07-02T01:13:00.000Z","2023-07-03T21:30:00.000Z","OUT","N","FUL","0.04","49.241532999999997","-115.921617","6668"
"2023-N40726","bc","PDT","2023-06-11T01:52:00.000Z","2023-07-03T21:00:00.000Z","OUT","H","FUL","8.00","51.702582999999997","-116.695517","6668"
"GWF-047-2023","ab","MST","2023-07-04T00:52:00.000Z","2023-07-03T20:21:00.000Z","OUT","N","FUL","0.50","55.715467","-119.035433","6668"
"HWF-088-2023","ab","MST","2023-06-30T23:33:00.000Z","2023-07-03T19:41:29.000Z","OUT","N","FUL","3.30","59.398629","-117.207252","6668"
"KEN_FIRE_028","on","GMT","2023-07-03T15:00:00.000Z","2023-07-03T19:00:00.000Z","OUT","N","FUL","0.10","50.0676","-93.2492","6668"
"2023-V11072","bc","PDT","2023-07-02T20:41:00.000Z","2023-07-03T19:00:00.000Z","OUT","N","FUL","0.01","49.513317000000001","-121.209267","6668"
"23SR-HIEBERT","sk","CST","2023-07-01T17:52:12.000Z","2023-07-03T18:02:32.000Z","OUT","N","MOD","4.00","59.002267","-106.978533","6668"
"WWF-049-2023","ab","MST","2023-06-29T23:02:00.000Z","2023-07-03T17:30:00.000Z","OUT","N","FUL","0.01","54.21019","-116.760108","6668"
"CWF-033-2023","ab","MST","2023-07-03T22:37:00.000Z","2023-07-03T16:45:00.000Z","OUT","H","FUL","0.01","51.2792","-115.0057","6668"
"SWF-113-2023","ab","MST","2023-06-29T18:44:00.000Z","2023-07-03T16:24:11.000Z","OUT","N","FUL","8.30","56.804833","-113.685","6668"
"CWF-032-2023","ab","MST","2023-07-03T22:03:00.000Z","2023-07-03T16:10:00.000Z","OUT","H","FUL","0.01","51.271","-115.0477","6668"
"RWF-065-2023","ab","MST","2023-07-03T21:35:00.000Z","2023-07-03T15:51:00.000Z","OUT","H","FUL","0.01","51.770417","-115.317633","6668"
"HWF-103-2023","ab","MST","2023-07-03T19:34:00.000Z","2023-07-03T15:40:00.000Z","OUT","N","FUL","0.10","58.6355","-115.933833","6668"
"SWF-111-2023","ab","MST","2023-06-28T22:35:00.000Z","2023-07-03T15:19:37.000Z","OUT","N","FUL","2.80","55.495467","-114.583533","6668"
"SLK_FIRE_062","on","GMT","2023-07-02T23:37:00.000Z","2023-07-03T15:00:00.000Z","OUT","N","FUL","0.10","50.6257","-92.4408","6668"
"WE032","mb","CDT","2023-07-01T05:00:00.000Z","2023-07-03T14:44:00.000Z","OUT","N","FUL","0.10","53.53889","-99.54722","6668"
"WE030","mb","CDT","2023-06-30T05:00:00.000Z","2023-07-03T14:36:00.000Z","OUT","H","FUL","0.10","53.10917","-99.80250","6668"
"WE029","mb","CDT","2023-06-30T05:00:00.000Z","2023-07-03T14:35:00.000Z","OUT","H","FUL","0.10","53.10861","-99.80250","6668"
"CWF-031-2023","ab","MST","2023-07-03T19:47:00.000Z","2023-07-03T14:05:00.000Z","OUT","H","FUL","0.01","51.2792","-115.07559","6668"
"EWF-015-2023","ab","MST","2023-04-29T20:20:00.000Z","2023-07-03T14:00:00.000Z","OUT","U","FUL","46.57","53.68275","-115.947623","6668"
"23LA-DAVEY","sk","CST","2023-07-01T15:50:30.000Z","2023-07-03T13:36:15.000Z","OUT","N","FUL","0.10","54.919483","-105.44175","6668"
"CWF-029-2023","ab","MST","2023-07-03T19:15:00.000Z","2023-07-03T13:25:00.000Z","OUT","H","FUL","0.01","51.413367","-115.086417","6668"
"CWF-030-2023","ab","MST","2023-07-03T19:08:00.000Z","2023-07-03T13:15:00.000Z","OUT","H","FUL","0.01","51.2875","-115.1262","6668"
"23LA-MEEYO","sk","CST","2023-06-30T17:21:25.000Z","2023-07-03T12:58:59.000Z","OUT","N","FUL","0.10","54.834833","-105.115833","6668"
"23LA-WHITE","sk","CST","2023-06-30T15:35:40.000Z","2023-07-03T12:58:46.000Z","OUT","N","FUL","0.50","54.821617","-105.018733","6668"
"WWF-051-2023","ab","MST","2023-07-03T18:44:00.000Z","2023-07-03T12:48:00.000Z","OUT","H","FUL","0.01","54.446663","-114.541763","6668"
"CWF-028-2023","ab","MST","2023-07-03T18:30:00.000Z","2023-07-03T12:40:00.000Z","OUT","H","FUL","0.01","51.582863","-114.997277","6668"
"WWF-050-2023","ab","MST","2023-07-03T18:26:00.000Z","2023-07-03T12:39:00.000Z","OUT","H","FUL","0.01","54.446953","-114.540352","6668"
"543","qc","EDT","2000-01-01T05:00:00.000Z","2023-07-03T12:38:59.000Z","OC","N","MON","1058.20","54.8167","-72.3636","6668"
"CWF-027-2023","ab","MST","2023-07-03T18:15:00.000Z","2023-07-03T12:32:00.000Z","OUT","H","FUL","0.01","51.476283","-115.131417","6668"
"PWF-080-2023","ab","MST","2023-06-30T18:00:00.000Z","2023-07-03T11:39:00.000Z","OUT","H","FUL","1.27","56.429235","-118.765557","6668"
"23PA-BEAVER01","sk","CST","2023-07-03T11:25:39.000Z","2023-07-03T11:32:06.000Z","OUT","H","FUL","0.10","53.146772","-106.161602","6668"
"EWF-038-2023","ab","MST","2023-05-06T02:38:00.000Z","2023-07-03T08:30:00.000Z","OUT","U","FUL","1.20","53.6919","-116.0813","6668"
"2023JA7","pc","MDT","2023-07-04T00:40:05.000Z","2023-07-03T07:00:00.000Z","OUT","H","FUL","0.10","53.0545","-118.1199","6668"
"2023-G41081","bc","PDT","2023-07-02T23:17:00.000Z","2023-07-03T02:30:00.000Z","OUT","N","FUL","0.01","54.171416999999998","-124.24975000000001","6668"
"2023-G10986","bc","PDT","2023-06-29T04:02:00.000Z","2023-07-03T02:00:00.000Z","OUT","N","FUL","0.30","54.679917000000003","-122.209633","6668"
"SLK_FIRE_061","on","GMT","2023-06-29T16:04:00.000Z","2023-07-03T01:00:00.000Z","OUT","N","FUL","0.70","52.592","-91.4377","6668"
"2023-G80650","bc","PDT","2023-06-06T22:32:00.000Z","2023-07-02T22:30:00.000Z","OUT","N","FUL","0.90","56.457000000000001","-120.318333","6668"
"2023-G41041","bc","PDT","2023-07-01T21:59:00.000Z","2023-07-02T20:00:00.000Z","OUT","N","FUL","0.02","53.738117000000003","-124.74086699999999","6668"
"2023-G91026","bc","PDT","2023-07-01T04:45:00.000Z","2023-07-02T19:30:00.000Z","OUT","N","FUL","0.01","59.018700000000003","-121.12523299999999","6668"
"GWF-027-2023","ab","MST","2023-05-13T18:44:00.000Z","2023-07-02T18:00:00.000Z","UC","U","FUL","54988.40","54.520083","-117.356783","6668"
"23LF-MUSK","sk","CST","2023-07-01T10:42:12.000Z","2023-07-02T17:51:17.000Z","OUT","N","FUL","0.50","54.17515","-103.9628","6668"
"23LF-FOX","sk","CST","2023-07-01T15:56:41.000Z","2023-07-02T17:50:35.000Z","OUT","N","FUL","0.50","54.519717","-104.452817","6668"
"HWF-101-2023","ab","MST","2023-07-02T21:01:00.000Z","2023-07-02T17:34:10.000Z","OUT","N","FUL","0.01","58.7395","-114.999333","6668"
"HWF-094-2023","ab","MST","2023-07-01T14:30:00.000Z","2023-07-02T16:55:12.000Z","OUT","N","FUL","0.01","59.160117","-119.43275","6668"
"THU_FIRE_018","on","GMT","2023-06-12T19:59:00.000Z","2023-07-02T16:30:00.000Z","OUT","N","FUL","13.80","50.925","-89.8494","6668"
"23DB-BIG","sk","CST","2023-07-01T09:32:42.000Z","2023-07-02T16:28:05.000Z","OUT","N","FUL","0.10","54.556283","-103.103733","6668"
"23DB-BAY","sk","CST","2023-07-01T10:20:57.000Z","2023-07-02T16:26:44.000Z","OUT","N","FUL","0.10","54.547333","-103.8555","6668"
"23DB-JAYJAY","sk","CST","2023-07-01T11:48:17.000Z","2023-07-02T16:25:31.000Z","OUT","N","FUL","1.50","54.522833","-104.175333","6668"
"MWF-046-2023","ab","MST","2023-07-02T02:21:00.000Z","2023-07-02T16:25:00.000Z","OUT","N","FUL","0.01","59.907517","-111.588283","6668"
"HWF-096-2023","ab","MST","2023-07-01T18:42:00.000Z","2023-07-02T15:11:00.000Z","OUT","N","FUL","0.01","59.212","-119.02755","6668"
"MWF-047-2023","ab","MST","2023-07-02T02:25:00.000Z","2023-07-02T14:58:00.000Z","OUT","N","FUL","0.01","59.886433","-111.5578","6668"
"23DB-ATCHI","sk","CST","2023-07-01T08:39:01.000Z","2023-07-02T14:47:35.000Z","OUT","N","FUL","0.10","54.556567","-103.023083","6668"
"HWF-091-2023","ab","MST","2023-07-01T00:56:00.000Z","2023-07-02T14:40:53.000Z","OUT","N","FUL","0.90","58.643667","-115.622167","6668"
"WE028","mb","CDT","2023-06-29T05:00:00.000Z","2023-07-02T14:17:00.000Z","OUT","N","FUL","0.10","53.53028","-99.58611","6668"
"WWF-048-2023","ab","MST","2023-06-28T00:25:00.000Z","2023-07-02T13:45:00.000Z","OUT","N","FUL","0.28","54.273095","-116.068162","6668"
"HWF-097-2023","ab","MST","2023-07-01T20:08:00.000Z","2023-07-02T12:25:00.000Z","OUT","N","FUL","0.03","58.664","-117.434","6668"
"HWF-100-2023","ab","MST","2023-07-01T21:23:00.000Z","2023-07-02T12:00:00.000Z","OUT","N","FUL","0.01","58.93925","-117.5823","6668"
"CWF-026-2023","ab","MST","2023-07-02T17:49:00.000Z","2023-07-02T11:56:00.000Z","OUT","H","FUL","0.01","51.57293","-114.99324","6668"
"SWF-063-2023","ab","MST","2023-05-04T22:05:00.000Z","2023-07-02T09:00:00.000Z","UC","N","FUL","123670.00","54.95775","-115.681083","6668"
"2023-N50969","bc","PDT","2023-06-28T20:43:00.000Z","2023-07-02T02:00:00.000Z","OUT","N","FUL","0.10","49.048783","-117.334667","6668"
"RED_FIRE_041","on","GMT","2023-07-01T20:39:00.000Z","2023-07-02T01:25:00.000Z","OUT","N","FUL","0.10","50.6919","-94.177","6668"
"2023-N51030","bc","PDT","2023-07-01T18:10:00.000Z","2023-07-02T00:00:00.000Z","OUT","N","FUL","0.01","49.083582999999997","-117.486267","6668"
"2023-G11017","bc","PDT","2023-07-01T00:04:00.000Z","2023-07-01T23:00:00.000Z","OUT","N","FUL","0.01","54.062582999999997","-122.32995","6668"
"HWF-093-2023","ab","MST","2023-07-01T03:17:00.000Z","2023-07-01T19:05:00.000Z","OUT","N","FUL","0.10","58.608633","-115.871583","6668"
"23LA-SEIR04","sk","CST","2023-06-30T19:15:43.000Z","2023-07-01T19:04:58.000Z","OUT","N","MOD","0.10","56.316267","-103.234267","6668"
"23LA-JACK","sk","CST","2023-06-26T15:02:51.000Z","2023-07-01T19:00:52.000Z","OUT","N","MOD","4.00","56.602937","-104.124879","6668"
"HWF-095-2023","ab","MST","2023-07-01T17:08:00.000Z","2023-07-01T18:23:00.000Z","OUT","N","FUL","0.10","58.693217","-114.98465","6668"
"MWF-040-2023","ab","MST","2023-06-29T20:16:00.000Z","2023-07-01T17:05:00.000Z","OUT","N","FUL","1200.00","57.408","-113.496","6668"
"MWF-037-2023","ab","MST","2023-06-29T19:55:00.000Z","2023-07-01T17:04:00.000Z","OUT","N","FUL","110.00","57.444917","-113.35255","6668"
"2023-G60968","bc","PDT","2023-06-28T23:28:00.000Z","2023-07-01T16:30:00.000Z","OUT","N","FUL","0.10","55.174967000000002","-123.392633","6668"
"CWF-025-2023","ab","MST","2023-07-01T21:45:00.000Z","2023-07-01T16:10:00.000Z","OUT","H","FUL","0.01","49.841012","-113.969535","6668"
"23LX-HARRY","sk","CST","2023-06-18T15:25:31.000Z","2023-07-01T15:03:47.000Z","OUT","N","FUL","5.00","55.4895","-107.304833","6668"
"HWF-089-2023","ab","MST","2023-07-01T00:32:00.000Z","2023-07-01T15:00:00.000Z","OUT","N","FUL","0.05","58.6657","-117.479","6668"
"RWF-064-2023","ab","MST","2023-07-01T16:38:00.000Z","2023-07-01T13:07:00.000Z","OUT","N","FUL","0.01","52.717883","-115.501283","6668"
"RWF-063-2023","ab","MST","2023-07-01T02:09:00.000Z","2023-07-01T12:25:00.000Z","OUT","N","FUL","0.01","52.809505","-115.415328","6668"
"SWF-064-2023","ab","MST","2023-05-04T23:03:00.000Z","2023-07-01T08:52:00.000Z","UC","N","FUL","40060.00","54.896","-116.100217","6668"
"HWF-084-2023","ab","MST","2023-06-30T20:37:00.000Z","2023-07-01T08:00:00.000Z","OUT","N","FUL","5.00","57.78","-114.715333","6668"
"HWF-085-2023","ab","MST","2023-06-30T20:47:00.000Z","2023-07-01T08:00:00.000Z","OUT","N","FUL","0.01","57.777433","-114.689017","6668"
"HWF-086-2023","ab","MST","2023-06-30T21:08:00.000Z","2023-07-01T08:00:00.000Z","OUT","N","FUL","0.01","57.780167","-114.693","6668"
"2023-G90967","bc","PDT","2023-06-28T22:28:00.000Z","2023-07-01T01:00:00.000Z","OUT","N","FUL","0.40","59.103116999999997","-124.0682","6668"
"NIP_FIRE_027","on","GMT","2023-06-28T21:38:00.000Z","2023-07-01T00:20:00.000Z","OUT","N","FUL","0.10","51.2418","-88.6825","6668"
"NIP_FIRE_028","on","GMT","2023-06-28T21:39:00.000Z","2023-07-01T00:20:00.000Z","OUT","N","FUL","0.10","51.239","-88.6853","6668"
"2023-K40911","bc","PDT","2023-06-25T23:59:00.000Z","2023-07-01T00:00:00.000Z","OUT","H","FUL","0.01","49.998083000000001","-119.28353300000001","6668"
"2023-V30963","bc","PDT","2023-06-28T20:40:00.000Z","2023-06-30T23:30:00.000Z","OUT","N","FUL","0.01","50.537300000000002","-122.736633","6668"
"2023-K40922","bc","PDT","2023-06-26T16:10:00.000Z","2023-06-30T23:00:00.000Z","OUT","H","FUL","0.01","50.722883000000003","-119.199367","6668"
"2023-G11005","bc","PDT","2023-06-30T01:51:00.000Z","2023-06-30T22:30:00.000Z","OUT","N","FUL","0.01","53.580367000000003","-122.305367","6668"
"PWF-083-2023","ab","MST","2023-07-01T03:30:00.000Z","2023-06-30T22:22:00.000Z","OUT","H","FUL","0.10","56.2416","-118.39725","6668"
"2023XY017","yt","PDT","2023-06-30T19:25:00.000Z","2023-06-30T21:18:00.000Z","OUT","N","FUL","0.50","60.7388","-135.39742","6668"
"2023-G11006","bc","PDT","2023-06-30T01:55:00.000Z","2023-06-30T21:00:00.000Z","OUT","N","FUL","0.01","53.574933000000001","-122.31945","6668"
"SLK_FIRE_059","on","GMT","2023-06-28T13:42:00.000Z","2023-06-30T20:01:00.000Z","OUT","N","MON","0.10","53.8423","-89.5345","6668"
"2023-G30999","bc","PDT","2023-06-29T22:58:00.000Z","2023-06-30T20:00:00.000Z","OUT","N","FUL","0.01","52.55245","-119.12646700000001","6668"
"HWF-090-2023","ab","MST","2023-07-01T00:52:00.000Z","2023-06-30T19:45:00.000Z","OUT","N","FUL","0.01","58.560332","-117.655958","6668"
"RWF-062-2023","ab","MST","2023-06-30T22:53:00.000Z","2023-06-30T19:42:00.000Z","OUT","H","FUL","0.02","52.046597","-115.242363","6668"
"23LA-PRESCOTT","sk","CST","2023-06-26T16:04:45.000Z","2023-06-30T19:00:10.000Z","OUT","N","MOD","1.00","55.714667","-105.754983","6668"
"GWF-046-2023","ab","MST","2023-07-01T00:34:00.000Z","2023-06-30T19:00:00.000Z","OUT","H","FUL","0.02","55.80975","-119.67445","6668"
"COC_FIRE_016","on","GMT","2023-06-22T18:34:00.000Z","2023-06-30T19:00:00.000Z","OUT","H","FUL","7.50","51.1681","-80.6766","6668"
"2023-K60977","bc","PDT","2023-06-29T01:06:00.000Z","2023-06-30T18:30:00.000Z","OUT","N","FUL","0.01","49.836500000000001","-120.708167","6668"
"2023-R40943","bc","PDT","2023-06-27T23:03:00.000Z","2023-06-30T18:30:00.000Z","OUT","H","FUL","0.10","55.143033000000003","-127.776","6668"
"SWF-115-2023","ab","MST","2023-06-30T22:05:00.000Z","2023-06-30T18:30:00.000Z","OUT","H","FUL","0.23","55.064683","-116.609467","6668"
"EA041","mb","CDT","2023-06-04T05:00:00.000Z","2023-06-30T17:56:00.000Z","OUT","N","MOD","850.00","52.50194","-95.56889","6668"
"MWF-042-2023","ab","MST","2023-06-30T03:06:00.000Z","2023-06-30T17:50:00.000Z","OUT","N","FUL","0.01","56.696823","-111.302368","6668"
"SLK_FIRE_045","on","GMT","2023-06-20T20:53:00.000Z","2023-06-30T17:08:00.000Z","OUT","N","FUL","11.60","51.6691","-90.2371","6668"
"2023-N50931","bc","PDT","2023-06-27T01:30:00.000Z","2023-06-30T17:00:00.000Z","OUT","N","FUL","0.02","49.355867000000003","-117.77421699999999","6668"
"23SF-DITCH13","sk","CST","2023-06-30T16:21:00.000Z","2023-06-30T16:44:57.000Z","OUT","H","MOD","0.10","49.782591","-104.209765","6668"
"2023-N10537","bc","PDT","2023-05-30T22:31:00.000Z","2023-06-30T16:30:00.000Z","OUT","N","FUL","0.04","49.265132999999999","-115.287667","6668"
"COC_FIRE_018","on","GMT","2023-06-24T14:45:00.000Z","2023-06-30T16:00:00.000Z","OUT","N","FUL","6.10","49.7872","-80.5797","6668"
"PWF-078-2023","ab","MST","2023-06-29T22:57:00.000Z","2023-06-30T15:49:00.000Z","OUT","N","FUL","0.10","56.671917","-119.164917","6668"
"CWF-024-2023","ab","MST","2023-06-30T20:25:00.000Z","2023-06-30T14:30:00.000Z","OUT","H","FUL","0.01","51.27095","-115.001256","6668"
"SWF-095-2023","ab","MST","2023-06-08T00:08:00.000Z","2023-06-30T14:00:00.000Z","UC","N","FUL","8500.00","54.86785","-116.6625","6668"
"SWF-114-2023","ab","MST","2023-06-30T01:05:00.000Z","2023-06-30T13:20:00.000Z","OUT","N","FUL","0.10","55.7101","-115.1528","6668"
"EWF-073-2023","ab","MST","2023-06-30T18:35:00.000Z","2023-06-30T13:00:00.000Z","OUT","H","FUL","0.01","53.6064","-115.904483","6668"
"THU_FIRE_026","on","GMT","2023-06-28T22:48:00.000Z","2023-06-30T12:30:00.000Z","OUT","N","FUL","0.10","50.6777","-89.5876","6668"
"23DB-WILD","sk","CST","2023-06-29T15:00:41.000Z","2023-06-30T10:30:25.000Z","OUT","N","MOD","0.10","54.975533","-102.350383","6668"
"2023GR1","pc","CDT","2023-06-30T23:50:06.000Z","2023-06-30T06:00:00.000Z","OUT","H","FUL","0.00","49.1805","-107.6879","6668"
"2023-G41000","bc","PDT","2023-06-29T23:01:00.000Z","2023-06-30T02:00:00.000Z","OUT","N","FUL","0.01","53.578583000000002","-123.671167","6668"
"RED_FIRE_040","on","GMT","2023-06-29T22:06:00.000Z","2023-06-30T00:07:00.000Z","OUT","N","FUL","0.10","51.5071","-94.0669","6668"
"SLK_FIRE_020","on","GMT","2023-06-07T18:35:00.000Z","2023-06-29T21:39:00.000Z","OUT","N","FUL","85.00","50.6653","-90.9121","6668"
"SLK_FIRE_052","on","GMT","2023-06-23T19:53:00.000Z","2023-06-29T21:33:00.000Z","OUT","N","FUL","2.00","53.8636","-90.8169","6668"
"2023-N40941","bc","PDT","2023-06-27T16:37:00.000Z","2023-06-29T21:00:00.000Z","OUT","N","FUL","0.01","51.538832999999997","-117.46245","6668"
"2023-K40416","bc","PDT","2023-05-20T17:45:00.000Z","2023-06-29T19:00:00.000Z","OUT","N","MON","0.01","50.304250000000003","-118.461033","6668"
"30","qc","EST","2023-05-06T20:00:00.000Z","2023-06-29T18:33:57.000Z","OUT","H","FUL","0.40","45.6975","-72.9228","6668"
"2023-G30423","bc","PDT","2023-05-20T20:46:00.000Z","2023-06-29T18:00:00.000Z","OUT","N","FUL","0.50","52.989800000000002","-119.421817","6668"
"PWF-069-2023","ab","MST","2023-06-24T22:55:00.000Z","2023-06-29T16:17:00.000Z","OUT","N","FUL","0.05","57.5802","-118.139367","6668"
"EA064","mb","CDT","2023-06-23T05:00:00.000Z","2023-06-29T16:00:00.000Z","OUT","N","FUL","2.80","50.87611","-96.04944","6668"
"LWF-161-2023","ab","MST","2023-06-29T18:56:00.000Z","2023-06-29T15:00:00.000Z","OUT","H","FUL","0.28","54.926417","-112.119517","6668"
"61884","nb","ADT","2023-05-28T20:27:06.000Z","2023-06-29T13:17:00.000Z","OUT","U","FUL","504.00","45.18083","-66.97483","6668"
"23SR-KAY","sk","CST","2023-05-19T18:13:18.000Z","2023-06-29T12:59:44.000Z","OUT","N","MOD","8689.40","59.657167","-109.610833","6668"
"23SR-RIACH","sk","CST","2023-05-19T17:58:10.000Z","2023-06-29T12:59:13.000Z","OUT","N","MOD","18906.30","59.7405","-109.3085","6668"
"LWF-160-2023","ab","MST","2023-06-29T02:17:00.000Z","2023-06-29T11:40:00.000Z","OUT","N","FUL","0.01","54.833883","-111.41175","6668"
"2023-R20947","bc","PDT","2023-06-28T01:02:00.000Z","2023-06-29T00:00:00.000Z","OUT","H","FUL","0.10","53.923417000000001","-126.75239999999999","6668"
"HWF-082-2023","ab","MST","2023-06-29T03:50:00.000Z","2023-06-28T22:00:00.000Z","OUT","H","FUL","0.01","58.59945","-118.787467","6668"
"PWF-076-2023","ab","MST","2023-06-29T01:19:00.000Z","2023-06-28T21:18:00.000Z","OUT","N","FUL","0.01","56.724","-118.750217","6668"
"PWF-073-2023","ab","MST","2023-06-27T20:53:00.000Z","2023-06-28T18:28:00.000Z","OUT","N","FUL","0.15","58.03945","-117.719033","6668"
"PWF-075-2023","ab","MST","2023-06-28T21:57:00.000Z","2023-06-28T18:12:00.000Z","OUT","N","FUL","0.02","57.0795","-118.3585","6668"
"23LA-PINK","sk","CST","2023-06-14T09:59:07.000Z","2023-06-28T17:26:20.000Z","OUT","N","MOD","45.50","56.6895","-104.150333","6668"
"NO039","mb","CDT","2023-06-18T05:00:00.000Z","2023-06-28T15:28:00.000Z","OUT","N","FUL","2.00","55.43528","-98.30722","6668"
"WE025","mb","CDT","2023-06-24T05:00:00.000Z","2023-06-28T15:28:00.000Z","OUT","N","FUL","0.10","53.70750","-100.33444","6668"
"RWF-061-2023","ab","MST","2023-06-26T22:50:00.000Z","2023-06-28T15:14:32.000Z","OUT","H","FUL","0.10","52.2145","-115.075333","6668"
"KLK_FIRE_008","on","GMT","2023-06-23T19:50:00.000Z","2023-06-28T15:00:00.000Z","OUT","H","FUL","1.90","48.2773","-80.5449","6668"
"EWF-014-2023","ab","MST","2023-04-27T02:43:00.000Z","2023-06-28T14:37:00.000Z","OUT","H","FUL","0.79","53.157083","-116.952367","6668"
"EWF-066-2023","ab","MST","2023-06-09T19:22:00.000Z","2023-06-28T13:49:00.000Z","OUT","N","FUL","0.50","53.544","-116.551833","6668"
"HWF-080-2023","ab","MST","2023-06-27T19:01:00.000Z","2023-06-28T12:52:00.000Z","OUT","N","FUL","0.10","58.41335","-118.271183","6668"
"HWF-081-2023","ab","MST","2023-06-27T20:53:00.000Z","2023-06-28T12:15:00.000Z","OUT","N","FUL","0.01","58.158183","-117.971133","6668"
"62362","nb","ADT","2023-06-28T09:23:52.000Z","2023-06-28T11:46:00.000Z","OUT","U","FUL","0.10","45.40508","-65.73227","6668"
"PWF-057-2023","ab","MST","2023-06-15T02:16:00.000Z","2023-06-28T11:35:00.000Z","OUT","H","FUL","0.10","56.447217","-116.098167","6668"
"23SR-JACKFISH","sk","CST","2023-06-12T08:08:22.000Z","2023-06-28T10:11:48.000Z","OUT","N","MOD","7417.90","58.964368","-109.956182","6668"
"23SF-SHAGABEC","sk","CST","2023-06-27T13:20:02.000Z","2023-06-28T08:34:33.000Z","OUT","H","MOD","0.10","49.658566","-109.507239","6668"
"2023-R20939","bc","PDT","2023-06-27T19:45:00.000Z","2023-06-28T02:00:00.000Z","OUT","H","FUL","0.10","54.992783000000003","-125.913","6668"
"2023-G80190","bc","PDT","2023-05-03T23:46:00.000Z","2023-06-28T00:00:00.000Z","OUT","H","FUL","89.00","56.337567","-121.10126700000001","6668"
"KLK_FIRE_011","on","GMT","2023-06-23T20:39:00.000Z","2023-06-28T00:00:00.000Z","OUT","H","FUL","0.30","48.2251","-80.5917","6668"
"KLK_FIRE_013","on","GMT","2023-06-23T20:45:00.000Z","2023-06-28T00:00:00.000Z","OUT","H","FUL","0.80","48.1948","-80.5844","6668"
"KLK_FIRE_012","on","GMT","2023-06-23T20:43:00.000Z","2023-06-28T00:00:00.000Z","OUT","H","FUL","1.90","48.2001","-80.5836","6668"
"2023-V70919","bc","PDT","2023-06-26T15:20:00.000Z","2023-06-28T00:00:00.000Z","OUT","H","FUL","0.13","49.259050000000002","-124.770833","6668"
"2023-V50905","bc","PDT","2023-06-25T20:38:00.000Z","2023-06-27T23:30:00.000Z","OUT","N","FUL","0.10","49.966917000000002","-124.098133","6668"
"2023-G80936","bc","PDT","2023-06-27T05:22:00.000Z","2023-06-27T23:30:00.000Z","OUT","N","FUL","0.01","57.499116999999998","-123.041117","6668"
"2023-V70923","bc","PDT","2023-06-26T18:16:00.000Z","2023-06-27T23:30:00.000Z","OUT","H","FUL","0.01","49.260916999999999","-124.76816700000001","6668"
"2023-C40938","bc","PDT","2023-06-24T21:55:00.000Z","2023-06-27T23:00:00.000Z","OUT","N","FUL","0.01","51.763283000000001","-120.994383","6668"
"2023-V70924","bc","PDT","2023-06-26T19:31:00.000Z","2023-06-27T23:00:00.000Z","OUT","H","FUL","0.01","49.258049999999997","-124.77416700000001","6668"
"2023-K20662","bc","PDT","2023-06-07T01:35:00.000Z","2023-06-27T22:30:00.000Z","OUT","H","FUL","0.01","51.027700000000003","-120.76224999999999","6668"
"2023-V70429","bc","PDT","2023-05-20T17:47:00.000Z","2023-06-27T22:30:00.000Z","OUT","H","FUL","0.01","49.121749999999999","-123.76861599999999","6668"
"2023-G70869","bc","PDT","2023-06-24T19:56:00.000Z","2023-06-27T22:30:00.000Z","OUT","N","FUL","0.43","56.115866670000003","-121.92225000000001","6668"
"2023-C40874","bc","PDT","2023-06-24T21:47:00.000Z","2023-06-27T22:00:00.000Z","OUT","N","FUL","0.01","51.860532999999997","-120.978117","6668"
"HEA_FIRE_005","on","GMT","2023-06-06T15:10:00.000Z","2023-06-27T21:00:00.000Z","OUT","N","FUL","90.00","49.1387","-82.1934","6668"
"2023-G70928","bc","PDT","2023-06-26T21:30:00.000Z","2023-06-27T20:30:00.000Z","OUT","N","FUL","0.20","55.206916999999997","-121.84316699999999","6668"
"23LA-MCKENNA","sk","CST","2023-06-14T18:48:28.000Z","2023-06-27T20:10:50.000Z","OUT","N","FUL","5.50","55.068763","-104.409044","6668"
"WCU-002-2023","ab","MST","2023-04-30T01:37:00.000Z","2023-06-27T20:00:00.000Z","UC","H","FUL","2478.00","53.624633","-115.100603","6668"
"WCU-001-2023","ab","MST","2023-04-29T22:40:00.000Z","2023-06-27T20:00:00.000Z","UC","H","FUL","6284.00","53.561418","-114.902686","6668"
"EWF-035-2023","ab","MST","2023-05-05T20:03:00.000Z","2023-06-27T20:00:00.000Z","UC","U","FUL","19672.00","53.836833","-115.783333","6668"
"THU_FIRE_025","on","GMT","2023-06-24T22:01:00.000Z","2023-06-27T19:00:00.000Z","OUT","N","FUL","0.10","50.8716","-89.3756","6668"
"2023-C50811","bc","PDT","2023-06-17T04:06:00.000Z","2023-06-27T19:00:00.000Z","OUT","H","FUL","0.01","51.923383000000001","-123.118617","6668"
"33","qc","EST","2023-05-06T16:40:00.000Z","2023-06-27T17:50:46.000Z","OUT","H","FUL","0.00","48.365","-76.9514","6668"
"100","qc","EST","2023-05-14T15:00:00.000Z","2023-06-27T17:28:17.000Z","OUT","H","FUL","0.30","48.7772","-78.5683","6668"
"THU_FIRE_024","on","GMT","2023-06-24T20:17:00.000Z","2023-06-27T17:00:00.000Z","OUT","N","FUL","3.20","50.7651","-89.4454","6668"
"KLK_FIRE_009","on","GMT","2023-06-23T20:26:00.000Z","2023-06-27T16:00:00.000Z","OUT","H","FUL","0.50","48.2753","-80.5497","6668"
"KLK_FIRE_010","on","GMT","2023-06-23T19:32:00.000Z","2023-06-27T16:00:00.000Z","OUT","H","FUL","0.60","48.2657","-80.5603","6668"
"RWF-060-2023","ab","MST","2023-06-25T01:10:00.000Z","2023-06-27T15:10:00.000Z","OUT","H","FUL","0.01","52.40625","-114.965","6668"
"EA067","mb","CDT","2023-06-24T05:00:00.000Z","2023-06-27T14:35:00.000Z","OUT","U","FUL","1.00","50.49417","-95.45083","6668"
"68","qc","EST","2023-05-11T16:30:00.000Z","2023-06-27T14:31:07.000Z","OUT","H","FUL","0.00","47.3433","-78.9922","6668"
"44","qc","EST","2023-05-08T16:40:00.000Z","2023-06-27T14:15:46.000Z","OUT","H","FUL","2.00","48.675","-78.1164","6668"
"2023-G70900","bc","PDT","2023-06-25T14:30:00.000Z","2023-06-27T04:30:00.000Z","OUT","N","FUL","0.20","55.798417000000001","-121.518283","6668"
"2023CA001","yt","PDT","2023-06-25T02:25:00.000Z","2023-06-27T00:52:00.000Z","OUT","N","FUL","0.20","62.19055","-135.90603","6668"
"2023-N60891","bc","PDT","2023-06-25T03:29:00.000Z","2023-06-27T00:00:00.000Z","OUT","N","FUL","0.02","49.087116999999999","-118.18425000000001","6668"
"COC_FIRE_013","on","GMT","2023-06-18T19:45:00.000Z","2023-06-27T00:00:00.000Z","OUT","H","MOD","3.00","52.9238","-82.4146","6668"
"LWF-159-2023","ab","MST","2023-06-27T04:15:00.000Z","2023-06-26T22:55:00.000Z","OUT","N","FUL","0.01","55.04205","-111.641617","6668"
"2023-G70883","bc","PDT","2023-06-25T00:10:00.000Z","2023-06-26T20:30:00.000Z","OUT","N","FUL","1.00","55.722033000000003","-121.356866","6668"
"2023-V60840","bc","PDT","2023-06-22T23:08:00.000Z","2023-06-26T20:30:00.000Z","OUT","H","FUL","0.01","48.671500000000002","-123.66055","6668"
"2023-R20876","bc","PDT","2023-06-24T22:47:00.000Z","2023-06-26T20:30:00.000Z","OUT","N","FUL","0.01","55.453882999999998","-126.46795","6668"
"2023-R90910","bc","PDT","2023-06-25T23:42:00.000Z","2023-06-26T20:30:00.000Z","OUT","N","FUL","0.01","59.655532999999998","-128.73483300000001","6668"
"2023-G90565","bc","PDT","2023-06-02T18:14:00.000Z","2023-06-26T20:30:00.000Z","UC","N","MON","208.00","57.913167000000001","-123.931167","6668"
"2023-G50787","bc","PDT","2023-06-14T23:53:00.000Z","2023-06-26T20:30:00.000Z","OUT","N","FUL","4.50","55.263433329999998","-125.1365","6668"
"2023-G80873","bc","PDT","2023-06-24T21:35:00.000Z","2023-06-26T20:30:00.000Z","OUT","N","FUL","0.40","56.941099999999999","-121.22321700000001","6668"
"2023-G80880","bc","PDT","2023-06-24T23:00:00.000Z","2023-06-26T20:30:00.000Z","OUT","N","FUL","0.03","57.128633000000001","-121.64619999999999","6668"
"2023-G40889","bc","PDT","2023-06-25T01:52:00.000Z","2023-06-26T20:30:00.000Z","OUT","H","FUL","0.50","53.911332999999999","-123.63795","6668"
"2023-N10894","bc","PDT","2023-06-25T03:57:00.000Z","2023-06-26T20:30:00.000Z","OUT","N","FUL","0.04","49.390883000000002","-115.802967","6668"
"DRY_FIRE_022","on","GMT","2023-06-23T17:30:00.000Z","2023-06-26T19:40:00.000Z","OUT","N","FUL","1.20","49.9729","-91.193","6668"
"PWF-072-2023","ab","MST","2023-06-26T23:08:00.000Z","2023-06-26T19:35:00.000Z","OUT","N","FUL","0.01","57.163783","-118.42875","6668"
"WWF-047-2023","ab","MST","2023-06-27T00:49:00.000Z","2023-06-26T19:15:00.000Z","OUT","H","FUL","0.01","54.070607","-115.594055","6668"
"2023XY014","yt","PDT","2023-06-18T20:14:00.000Z","2023-06-26T18:13:00.000Z","UC","N","FUL","0.01","60.62472","-134.02323","6668"
"WWF-046-2023","ab","MST","2023-06-26T21:42:00.000Z","2023-06-26T16:12:00.000Z","OUT","N","FUL","0.01","54.743367","-114.86469","6668"
"WAW_FIRE_008","on","GMT","2023-06-24T17:20:00.000Z","2023-06-26T16:00:00.000Z","OUT","N","FUL","0.70","48.6308","-84.7607","6668"
"EA066","mb","CDT","2023-06-24T05:00:00.000Z","2023-06-26T14:37:00.000Z","OUT","H","FUL","0.20","50.45750","-95.17444","6668"
"23DB-BILLAY","sk","CST","2023-06-25T11:23:57.000Z","2023-06-26T13:19:32.000Z","OUT","N","FUL","1.00","54.663867","-103.024417","6668"
"COC_FIRE_005","on","GMT","2023-06-01T21:44:00.000Z","2023-06-26T11:00:00.000Z","OUT","N","MOD","9.50","48.847","-79.5585","6668"
"23DB-BALL","sk","CST","2023-06-24T15:35:05.000Z","2023-06-26T08:30:30.000Z","OUT","N","FUL","0.30","54.49395","-103.8902","6668"
"KEN_FIRE_027","on","GMT","2023-06-23T23:14:00.000Z","2023-06-25T23:50:00.000Z","OUT","H","FUL","1.60","49.9897","-93.9192","6668"
"2023XY015","yt","PDT","2023-06-23T17:53:00.000Z","2023-06-25T22:21:00.000Z","OUT","N","FUL","0.01","60.73171","-135.09987","6668"
"61","qc","EST","2023-05-10T19:30:00.000Z","2023-06-25T21:54:02.000Z","OUT","H","FUL","7.30","49.1447","-66.3644","6668"
"53","qc","EST","2023-05-09T16:00:00.000Z","2023-06-25T21:19:24.000Z","OUT","H","FUL","0.40","48.1142","-66.2475","6668"
"PWF-070-2023","ab","MST","2023-06-25T01:08:00.000Z","2023-06-25T21:14:00.000Z","OUT","N","FUL","0.28","57.274167","-117.018833","6668"
"31","qc","EST","2023-05-07T16:35:00.000Z","2023-06-25T21:06:18.000Z","OUT","H","FUL","1.00","48.0128","-66.7433","6668"
"23LX-YOST","sk","CST","2023-06-15T16:33:11.000Z","2023-06-25T19:20:47.000Z","OUT","N","FUL","2.00","55.5612","-106.681483","6668"
"SLK_FIRE_055","on","GMT","2023-06-25T15:21:00.000Z","2023-06-25T19:00:00.000Z","OUT","N","FUL","0.10","53.9024","-89.899","6668"
"PWF-065-2023","ab","MST","2023-06-24T19:47:00.000Z","2023-06-25T18:54:00.000Z","OUT","N","FUL","0.70","56.957167","-118.596667","6668"
"DRY_FIRE_023","on","GMT","2023-06-24T21:15:00.000Z","2023-06-25T17:00:00.000Z","OUT","N","FUL","0.10","50.0798","-90.8534","6668"
"SLK_FIRE_046","on","GMT","2023-06-21T18:46:00.000Z","2023-06-25T17:00:00.000Z","OUT","N","FUL","1.00","51.2207","-91.8938","6668"
"COC_FIRE_010","on","GMT","2023-06-09T20:17:00.000Z","2023-06-25T16:00:00.000Z","OUT","H","FUL","1.00","52.2147","-81.7179","6668"
"PWF-071-2023","ab","MST","2023-06-25T17:38:00.000Z","2023-06-25T15:00:00.000Z","OUT","N","FUL","0.01","57.232917","-119.177083","6668"
"RWF-059-2023","ab","MST","2023-06-24T23:51:00.000Z","2023-06-25T12:30:00.000Z","OUT","N","FUL","0.05","53.024117","-115.561917","6668"
"SWF-108-2023","ab","MST","2023-06-24T19:38:00.000Z","2023-06-25T11:40:00.000Z","OUT","N","FUL","0.02","57.248967","-114.772683","6668"
"SWF-110-2023","ab","MST","2023-06-24T21:30:00.000Z","2023-06-25T11:30:00.000Z","OUT","N","FUL","0.16","57.126133","-115.29765","6668"
"SWF-109-2023","ab","MST","2023-06-24T20:23:00.000Z","2023-06-25T11:30:00.000Z","OUT","N","FUL","0.15","57.16275","-115.320567","6668"
"23DB-KEY","sk","CST","2023-06-24T19:45:35.000Z","2023-06-25T07:53:27.000Z","OUT","H","FUL","0.10","54.7495","-101.913567","6668"
"SLK_FIRE_050","on","GMT","2023-06-23T19:30:00.000Z","2023-06-24T23:30:00.000Z","OUT","N","FUL","0.30","51.5431","-91.9393","6668"
"SAU_FIRE_008","on","GMT","2023-06-24T18:25:00.000Z","2023-06-24T22:30:00.000Z","OUT","H","FUL","0.10","46.7823","-84.3654","6668"
"HWF-077-2023","ab","MST","2023-06-24T22:32:00.000Z","2023-06-24T21:45:00.000Z","OUT","N","FUL","1.20","57.394323","-115.099925","6668"
"PAR_FIRE_009","on","GMT","2023-06-22T20:19:00.000Z","2023-06-24T21:30:00.000Z","OUT","H","FUL","1.20","45.6358","-80.418","6668"
"SWF-107-2023","ab","MST","2023-06-24T19:35:00.000Z","2023-06-24T21:30:00.000Z","OUT","N","FUL","0.01","57.26675","-114.79555","6668"
"SWF-106-2023","ab","MST","2023-06-24T19:32:00.000Z","2023-06-24T20:40:00.000Z","OUT","N","FUL","0.01","57.263067","-114.8438","6668"
"HWF-076-2023","ab","MST","2023-06-24T22:16:00.000Z","2023-06-24T20:40:00.000Z","OUT","N","FUL","0.01","58.223117","-118.128","6668"
"PWF-068-2023","ab","MST","2023-06-24T22:48:00.000Z","2023-06-24T20:32:00.000Z","OUT","N","FUL","0.01","56.65025","-117.41645","6668"
"WWF-045-2023","ab","MST","2023-06-24T23:40:00.000Z","2023-06-24T18:42:00.000Z","OUT","U","FUL","0.01","54.3537","-116.96875","6668"
"COC_FIRE_017","on","GMT","2023-06-24T01:04:00.000Z","2023-06-24T18:00:00.000Z","OUT","N","FUL","0.10","49.2095","-80.888","6668"
"KEN_FIRE_026","on","GMT","2023-06-21T22:11:00.000Z","2023-06-24T17:47:00.000Z","OUT","N","FUL","0.70","50.2155","-93.5907","6668"
"RED_FIRE_039","on","GMT","2023-06-24T01:19:00.000Z","2023-06-24T17:30:00.000Z","OUT","N","FUL","0.20","51.18","-94.3112","6668"
"HWF-074-2023","ab","MST","2023-06-24T21:42:00.000Z","2023-06-24T17:26:00.000Z","OUT","H","FUL","0.10","58.399333","-116.045667","6668"
"23LX-PAWR03","sk","CST","2023-05-16T13:30:17.000Z","2023-06-24T17:05:22.000Z","OUT","N","MOD","8075.80","55.241689","-109.688796","6668"
"23LX-LSZ001","sk","CST","2023-05-13T13:59:14.000Z","2023-06-24T17:03:23.000Z","OUT","N","MOD","69995.70","55.282914","-110.000705","6668"
"23LX-BOLDING","sk","CST","2023-05-20T08:53:09.000Z","2023-06-24T16:50:12.000Z","OUT","N","MOD","42844.30","57.876629","-107.046291","6668"
"SWF-105-2023","ab","MST","2023-06-24T19:30:00.000Z","2023-06-24T16:45:00.000Z","OUT","N","FUL","0.01","57.26155","-114.853983","6668"
"PWF-066-2023","ab","MST","2023-06-24T21:26:00.000Z","2023-06-24T16:40:00.000Z","OUT","N","FUL","0.01","56.643133","-119.443033","6668"
"EWF-037-2023","ab","MST","2023-05-06T16:50:00.000Z","2023-06-24T16:34:00.000Z","UC","N","FUL","578.00","53.91005","-117.55905","6668"
"WE022","mb","CDT","2023-06-21T05:00:00.000Z","2023-06-24T16:20:00.000Z","OUT","N","FUL","0.50","54.77889","-100.96389","6668"
"62343","nb","ADT","2023-06-24T15:23:08.000Z","2023-06-24T15:26:00.000Z","OUT","U","FUL","0.10","46.37023","-66.54777","6668"
"HWF-070-2023","ab","MST","2023-06-23T16:42:00.000Z","2023-06-24T15:01:07.000Z","OUT","H","FUL","0.01","57.919167","-117.075333","6668"
"WAW_FIRE_007","on","GMT","2023-06-23T21:08:00.000Z","2023-06-24T15:00:00.000Z","OUT","H","FUL","0.20","48.6009","-85.3253","6668"
"HWF-073-2023","ab","MST","2023-06-24T19:15:00.000Z","2023-06-24T14:35:00.000Z","OUT","H","FUL","0.10","58.101667","-117.275967","6668"
"NO044","mb","CDT","2023-06-20T05:00:00.000Z","2023-06-24T14:22:00.000Z","OUT","N","FUL","0.30","54.96583","-98.47056","6668"
"62342","nb","ADT","2023-06-24T10:20:53.000Z","2023-06-24T10:21:00.000Z","OUT","U","FUL","0.10","46.6107","-65.89505","6668"
"23DB-PNIR15","sk","CST","2023-06-22T11:26:11.000Z","2023-06-24T09:02:08.000Z","OUT","H","MOD","0.10","55.186267","-102.93105","6668"
"2023-R10625","bc","PDT","2023-06-05T03:59:00.000Z","2023-06-24T01:00:00.000Z","OUT","H","FUL","0.20","54.092717","-125.959383","6668"
"2023-R10460","bc","PDT","2023-05-21T05:40:00.000Z","2023-06-24T01:00:00.000Z","OUT","H","MON","0.01","54.242632999999998","-125.792833","6668"
"RED_FIRE_038","on","GMT","2023-06-24T00:25:00.000Z","2023-06-24T01:00:00.000Z","OUT","N","FUL","0.10","51.4417","-93.1071","6668"
"2023-R20242","bc","PDT","2023-05-06T23:41:00.000Z","2023-06-24T00:30:00.000Z","OUT","H","FUL","0.60","54.111800000000002","-126.75425","6668"
"2023-R10265","bc","PDT","2023-05-11T02:30:00.000Z","2023-06-24T00:30:00.000Z","OUT","N","FUL","0.19","53.942867","-126.11541699999999","6668"
"2023-R10260","bc","PDT","2023-05-11T00:45:00.000Z","2023-06-24T00:30:00.000Z","OUT","H","FUL","0.04","54.079667000000001","-125.70658299999999","6668"
"2023-K40691","bc","PDT","2023-06-09T13:30:00.000Z","2023-06-23T23:30:00.000Z","OUT","N","FUL","0.01","50.381033000000002","-119.22278300000001","6668"
"2023-K40688","bc","PDT","2023-06-09T01:36:00.000Z","2023-06-23T23:30:00.000Z","OUT","N","FUL","0.01","50.259082999999997","-119.178383","6668"
"2023-G80830","bc","PDT","2023-06-20T22:44:00.000Z","2023-06-23T23:00:00.000Z","OUT","N","FUL","0.10","57.214550000000003","-120.95531699999999","6668"
"2023-R50775","bc","PDT","2023-06-14T03:42:00.000Z","2023-06-23T21:00:00.000Z","OUT","N","FUL","0.50","54.47195","-128.67853299999999","6668"
"COC_FIRE_015","on","GMT","2023-06-20T18:50:00.000Z","2023-06-23T20:30:00.000Z","OUT","H","FUL","0.70","52.936","-82.4814","6668"
"SLK_FIRE_049","on","GMT","2023-06-23T14:56:00.000Z","2023-06-23T18:00:00.000Z","OUT","H","FUL","0.10","50.0905","-91.9488","6668"
"GWF-044-2023","ab","MST","2023-06-23T01:10:00.000Z","2023-06-23T17:27:00.000Z","OUT","N","FUL","0.01","56.208533","-119.24115","6668"
"KLK_FIRE_007","on","GMT","2023-06-22T20:57:00.000Z","2023-06-23T15:40:00.000Z","OUT","H","FUL","0.50","48.1414","-80.2254","6668"
"PAR_FIRE_010","on","GMT","2023-06-22T22:00:00.000Z","2023-06-23T15:00:00.000Z","OUT","H","FUL","0.10","45.2523","-80.1361","6668"
"PAR_FIRE_011","on","GMT","2023-06-23T00:13:00.000Z","2023-06-23T15:00:00.000Z","OUT","H","FUL","0.10","45.5184","-79.4162","6668"
"CHA_FIRE_012","on","GMT","2023-06-22T20:37:00.000Z","2023-06-23T14:30:00.000Z","OUT","H","FUL","0.20","47.9121","-83.6335","6668"
"NO045","mb","CDT","2023-06-21T05:00:00.000Z","2023-06-23T14:12:00.000Z","OUT","H","FUL","1.00","56.46917","-99.90556","6668"
"PEM_FIRE_001","on","GMT","2023-06-04T18:50:00.000Z","2023-06-23T13:00:00.000Z","OUT","H","FUL","48.30","45.1537","-77.0691","6668"
"PWF-062-2023","ab","MST","2023-06-23T00:26:00.000Z","2023-06-23T12:55:00.000Z","OUT","N","FUL","0.01","57.21225","-116.876367","6668"
"EWF-063-2023","ab","MST","2023-06-08T23:51:00.000Z","2023-06-23T12:31:00.000Z","OUT","N","FUL","0.10","52.837417","-116.904783","6668"
"EWF-062-2023","ab","MST","2023-06-08T23:47:00.000Z","2023-06-23T12:28:00.000Z","OUT","N","FUL","0.20","52.850417","-116.92475","6668"
"EWF-067-2023","ab","MST","2023-06-10T02:24:00.000Z","2023-06-23T11:45:00.000Z","OUT","N","FUL","0.11","52.877","-116.891133","6668"
"62322","nb","ADT","2023-06-23T08:27:59.000Z","2023-06-23T10:00:00.000Z","OUT","U","FUL","0.10","47.85797","-66.93942","6668"
"SWF-057-2023","ab","MST","2023-05-04T18:04:00.000Z","2023-06-23T09:00:00.000Z","UC","N","FUL","16728.00","55.034283","-115.14815","6668"
"2023-G70412","bc","PDT","2023-05-20T04:07:00.000Z","2023-06-23T02:00:00.000Z","OUT","H","FUL","4.00","56.085383329999999","-121.96671667","6668"
"2023-G80827","bc","PDT","2023-06-20T21:20:00.000Z","2023-06-23T00:00:00.000Z","OUT","N","FUL","0.20","57.241132999999998","-120.87455","6668"
"2023-N10769","bc","PDT","2023-06-13T23:41:00.000Z","2023-06-22T23:30:00.000Z","OUT","N","FUL","0.30","49.531283000000002","-115.83244999999999","6668"
"2023-N10754","bc","PDT","2023-06-13T00:37:00.000Z","2023-06-22T23:00:00.000Z","OUT","N","FUL","1.68","49.274383","-115.185717","6668"
"NOR_FIRE_005","on","GMT","2023-06-21T21:15:00.000Z","2023-06-22T23:00:00.000Z","OUT","N","FUL","0.30","46.8579","-80.1315","6668"
"GWF-045-2023","ab","MST","2023-06-23T04:04:00.000Z","2023-06-22T22:30:00.000Z","OUT","N","FUL","0.01","55.068967","-117.397917","6668"
"2023-V80793","bc","PDT","2023-06-15T19:52:00.000Z","2023-06-22T22:00:00.000Z","OUT","H","FUL","0.00","50.202832999999998","-125.769333","6668"
"COC_FIRE_014","on","GMT","2023-06-19T00:25:00.000Z","2023-06-22T22:00:00.000Z","OUT","H","FUL","0.30","52.9428","-82.4969","6668"
"2023-V80796","bc","PDT","2023-06-16T02:52:00.000Z","2023-06-22T22:00:00.000Z","OUT","H","FUL","0.01","50.282217000000003","-125.733716","6668"
"2023-R10108","bc","PDT","2023-04-28T20:22:00.000Z","2023-06-22T22:00:00.000Z","OUT","H","FUL","1.10","54.227016999999996","-125.65428300000001","6668"
"2023-G90805","bc","PDT","2023-06-17T00:09:00.000Z","2023-06-22T21:30:00.000Z","OUT","N","FUL","33.00","58.712367","-120.666967","6668"
"2023-V80780","bc","PDT","2023-06-14T17:07:00.000Z","2023-06-22T21:30:00.000Z","OUT","H","FUL","0.01","49.994950000000003","-125.254167","6668"
"2023-N70768","bc","PDT","2023-06-13T23:19:00.000Z","2023-06-22T21:00:00.000Z","OUT","N","FUL","0.10","50.189050000000002","-116.906817","6668"
"2023-V80778","bc","PDT","2023-06-14T14:20:00.000Z","2023-06-22T20:00:00.000Z","OUT","H","FUL","0.01","49.994633","-125.254867","6668"
"2023-G10836","bc","PDT","2023-06-22T03:02:00.000Z","2023-06-22T20:00:00.000Z","OUT","N","FUL","0.01","53.371032999999997","-122.64541699999999","6668"
"2023-G60834","bc","PDT","2023-06-21T21:53:00.000Z","2023-06-22T19:30:00.000Z","OUT","N","FUL","0.01","54.982832999999999","-123.580833","6668"
"2023-G90833","bc","PDT","2023-06-21T16:28:00.000Z","2023-06-22T19:30:00.000Z","OUT","H","FUL","0.49","58.738532999999997","-122.60535","6668"
"2023-G70828","bc","PDT","2023-06-20T21:28:00.000Z","2023-06-22T18:00:00.000Z","OUT","N","FUL","0.02","55.743716999999997","-121.238467","6668"
"HWF-069-2023","ab","MST","2023-06-21T21:03:00.000Z","2023-06-22T17:35:05.000Z","OUT","N","FUL","0.12","58.349783","-115.143633","6668"
"NIP_FIRE_022","on","GMT","2023-06-19T16:58:00.000Z","2023-06-22T17:00:00.000Z","OUT","N","FUL","1.00","49.0975","-89.2103","6668"
"2023-N20406","bc","PDT","2023-05-20T00:17:00.000Z","2023-06-22T16:30:00.000Z","OUT","N","FUL","7.30","49.892499999999998","-115.74388888999999","6668"
"PWF-060-2023","ab","MST","2023-06-22T16:35:00.000Z","2023-06-22T14:50:00.000Z","OUT","H","FUL","0.52","56.435733","-119.793433","6668"
"GWF-043-2023","ab","MST","2023-06-22T20:26:00.000Z","2023-06-22T14:31:00.000Z","OUT","H","FUL","0.01","55.9019","-119.2032","6668"
"03-012-2023","ns","ADT","2023-06-22T01:56:25.000Z","2023-06-22T01:56:25.000Z","OUT","N","FUL","114.08","43.73813629","-65.28748322","6668"
"KEN_FIRE_024","on","GMT","2023-06-20T20:31:00.000Z","2023-06-22T01:00:00.000Z","OUT","N","FUL","0.10","49.5964","-94.2458","6668"
"PAR_FIRE_008","on","GMT","2023-06-21T21:29:00.000Z","2023-06-22T00:30:00.000Z","OUT","H","FUL","0.10","45.8774","-80.5567","6668"
"271","qc","EDT","2000-01-01T05:00:00.000Z","2023-06-22T00:29:41.000Z","UC","N","FUL","6524.70","50.2925","-70.5722","6668"
"KEN_FIRE_025","on","GMT","2023-06-21T01:35:00.000Z","2023-06-22T00:20:00.000Z","OUT","N","FUL","0.10","50.0875","-93.4768","6668"
"HWF-071-2023","ab","MST","2023-06-22T05:00:00.000Z","2023-06-21T23:55:00.000Z","OUT","H","FUL","0.01","58.197167","-116.337334","6668"
"DRY_FIRE_021","on","GMT","2023-06-21T17:33:00.000Z","2023-06-21T23:45:00.000Z","OUT","H","FUL","0.10","49.8233","-91.8486","6668"
"2023-G10199","bc","PDT","2023-05-04T10:49:00.000Z","2023-06-21T23:00:00.000Z","OUT","H","FUL","2.00","53.833199999999998","-122.72135","6668"
"2023-G10224","bc","PDT","2023-05-05T22:23:00.000Z","2023-06-21T23:00:00.000Z","OUT","H","FUL","1.15","54.093249999999998","-122.54821667","6668"
"RED_FIRE_036","on","GMT","2023-06-17T01:45:00.000Z","2023-06-21T22:25:00.000Z","OUT","H","FUL","2.30","52.1046","-94.2899","6668"
"2023-K40420","bc","PDT","2023-05-20T19:19:00.000Z","2023-06-21T21:30:00.000Z","OUT","N","FUL","2.00","51.307833000000002","-118.68795","6668"
"2023-R50576","bc","PDT","2023-06-03T04:02:00.000Z","2023-06-21T21:00:00.000Z","OUT","H","FUL","0.01","54.477417000000003","-128.291033","6668"
"23SF-DITCH12","sk","CST","2023-06-21T17:58:46.000Z","2023-06-21T19:30:56.000Z","OUT","H","MOD","0.10","50.423867","-107.33046","6668"
"SWF-104-2023","ab","MST","2023-06-22T00:22:00.000Z","2023-06-21T18:39:00.000Z","OUT","H","FUL","0.01","55.373967","-115.199033","6668"
"23DB-AMISK","sk","CST","2023-06-18T20:06:51.000Z","2023-06-21T17:26:17.000Z","OUT","H","FUL","0.70","54.663817","-102.092267","6668"
"LWF-156-2023","ab","MST","2023-06-21T22:20:00.000Z","2023-06-21T16:21:00.000Z","OUT","H","FUL","0.01","54.698082","-111.834473","6668"
"EA063","mb","CDT","2023-06-19T05:00:00.000Z","2023-06-21T15:02:00.000Z","OUT","H","FUL","0.10","51.24528","-96.67361","6668"
"23SF-DITCH11","sk","CST","2023-06-21T13:18:42.000Z","2023-06-21T14:24:44.000Z","OUT","H","MOD","0.10","51.313256","-106.067334","6668"
"RED_FIRE_037","on","GMT","2023-06-20T17:44:00.000Z","2023-06-21T01:00:00.000Z","OUT","N","FUL","0.10","51.0466","-92.6996","6668"
"2023-G80120","bc","PDT","2023-04-29T01:10:00.000Z","2023-06-21T00:30:00.000Z","OUT","H","FUL","2.00","56.282083329999999","-120.70958333","6668"
"2023-V30530","bc","PDT","2023-05-30T01:34:00.000Z","2023-06-21T00:00:00.000Z","OUT","H","FUL","0.04","49.799500000000002","-123.10195","6668"
"2023-V50584","bc","PDT","2023-06-03T22:10:00.000Z","2023-06-20T23:30:00.000Z","OUT","H","FUL","0.00","49.809567000000001","-124.312783","6668"
"2023-V50198","bc","PDT","2023-05-04T02:44:00.000Z","2023-06-20T22:30:00.000Z","OUT","H","FUL","1.36","49.832566999999997","-124.10638299999999","6668"
"2023-G80117","bc","PDT","2023-04-29T00:18:00.000Z","2023-06-20T22:00:00.000Z","OUT","H","MON","50.00","56.503999999999998","-122.0215","6668"
"2023-K20799","bc","PDT","2023-06-16T04:46:00.000Z","2023-06-20T19:30:00.000Z","OUT","N","FUL","0.01","50.771315999999999","-120.381933","6668"
"2023-V50205","bc","PDT","2023-05-04T20:58:00.000Z","2023-06-20T19:30:00.000Z","OUT","H","FUL","1.20","49.828733","-124.12815000000001","6668"
"2023-R40749","bc","PDT","2023-06-12T22:59:00.000Z","2023-06-20T19:00:00.000Z","OUT","H","FUL","0.74","55.248199999999997","-127.71825","6668"
"2023-V50557","bc","PDT","2023-06-01T16:09:00.000Z","2023-06-20T18:00:00.000Z","OUT","H","FUL","0.03","49.846117","-124.429033","6668"
"2023-V50556","bc","PDT","2023-06-01T14:25:00.000Z","2023-06-20T18:00:00.000Z","OUT","H","FUL","1.01","49.845982999999997","-124.37425","6668"
"2023-V70684","bc","PDT","2023-06-09T00:37:00.000Z","2023-06-20T17:00:00.000Z","OUT","H","FUL","0.01","49.181199999999997","-125.39448299999999","6668"
"2023-V70263","bc","PDT","2023-05-11T01:27:00.000Z","2023-06-20T16:30:00.000Z","OUT","H","FUL","0.36","49.359000000000002","-125.103317","6668"
"2023-G80561","bc","PDT","2023-06-01T22:06:00.000Z","2023-06-20T16:30:00.000Z","OUT","H","FUL","3.60","56.284633329999998","-121.22329999999999","6668"
"2023-G80826","bc","PDT","2023-06-20T01:06:00.000Z","2023-06-20T16:30:00.000Z","OUT","H","FUL","0.20","56.946249999999999","-121.4378","6668"
"EA060","mb","CDT","2023-06-11T05:00:00.000Z","2023-06-20T16:21:00.000Z","OUT","N","FUL","0.50","49.62639","-95.16333","6668"
"DRY_FIRE_020","on","GMT","2023-06-15T19:44:00.000Z","2023-06-20T16:06:00.000Z","OUT","N","FUL","2.80","50.2699","-92.828","6668"
"FOR_FIRE_012","on","GMT","2023-06-20T00:56:00.000Z","2023-06-20T16:00:00.000Z","OUT","H","FUL","0.10","48.7104","-92.945","6668"
"WE021","mb","CDT","2023-06-18T05:00:00.000Z","2023-06-20T15:23:00.000Z","OUT","N","FUL","0.10","54.04417","-99.81806","6668"
"RED_FIRE_035","on","GMT","2023-06-17T01:00:00.000Z","2023-06-20T15:15:00.000Z","OUT","N","FUL","0.10","52.1045","-94.2987","6668"
"NO013","mb","CDT","2023-06-05T05:00:00.000Z","2023-06-20T15:11:00.000Z","OUT","N","FUL","37.20","53.67250","-95.32500","6668"
"NO034","mb","CDT","2023-06-15T05:00:00.000Z","2023-06-20T14:49:00.000Z","OUT","H","FUL","0.30","56.46917","-99.90750","6668"
"CWF-023-2023","ab","MST","2023-06-20T19:05:00.000Z","2023-06-20T14:35:00.000Z","OUT","N","FUL","0.01","50.63996","-114.468717","6668"
"EA043","mb","CDT","2023-06-05T05:00:00.000Z","2023-06-20T14:23:00.000Z","OUT","N","MON","0.10","52.64306","-95.69889","6668"
"RWF-054-2023","ab","MST","2023-06-11T00:00:00.000Z","2023-06-20T14:21:00.000Z","OUT","H","FUL","3.60","51.63085","-114.778617","6668"
"WAW_FIRE_002","on","GMT","2023-05-26T20:13:00.000Z","2023-06-20T12:00:00.000Z","OUT","H","FUL","103.70","48.615","-85.371","6668"
"HWF-068-2023","ab","MST","2023-06-19T23:42:00.000Z","2023-06-20T12:00:00.000Z","OUT","N","FUL","0.10","58.123667","-117.678667","6668"
"EWF-072-2023","ab","MST","2023-06-20T16:23:00.000Z","2023-06-20T10:30:00.000Z","OUT","H","FUL","0.01","53.57195","-116.342467","6668"
"SWF-100-2023","ab","MST","2023-06-19T20:13:00.000Z","2023-06-20T10:00:00.000Z","OUT","U","FUL","0.01","56.551667","-115.205667","6668"
"SWF-101-2023","ab","MST","2023-06-19T20:23:00.000Z","2023-06-20T09:00:00.000Z","OUT","H","FUL","0.01","56.611667","-115.286","6668"
"SWF-102-2023","ab","MST","2023-06-19T20:27:00.000Z","2023-06-20T09:00:00.000Z","OUT","H","FUL","0.01","56.611667","-115.276333","6668"
"2023MA001","yt","PDT","2023-06-09T16:56:00.000Z","2023-06-19T23:18:00.000Z","OUT","N","FUL","0.00","63.2324","-136.53057","6668"
"2023MA004","yt","PDT","2023-06-18T02:47:00.000Z","2023-06-19T23:18:00.000Z","OUT","N","FUL","0.10","63.26092","-136.56267","6668"
"2023MA003","yt","PDT","2023-06-17T01:48:00.000Z","2023-06-19T23:17:00.000Z","OUT","N","FUL","0.10","63.2434","-136.53667","6668"
"2023-K60801","bc","PDT","2023-06-16T19:32:00.000Z","2023-06-19T21:30:00.000Z","OUT","N","FUL","0.01","49.726216999999998","-120.629","6668"
"2023-C50039","bc","PDT","2023-04-15T20:15:00.000Z","2023-06-19T21:30:00.000Z","OUT","H","FUL","18.10","52.042667000000002","-123.2098","6668"
"23DB-GRAVE","sk","CST","2023-06-18T12:59:24.000Z","2023-06-19T20:19:47.000Z","OUT","H","MOD","0.80","55.169627","-102.948037","6668"
"23DB-BIGSTONE","sk","CST","2023-06-16T14:13:51.000Z","2023-06-19T20:16:45.000Z","OUT","H","FUL","0.70","54.563921","-103.126049","6668"
"22","qc","EST","2023-04-29T23:05:00.000Z","2023-06-19T20:01:22.000Z","OUT","H","FUL","0.00","46.4203","-73.0169","6668"
"9","qc","EST","2023-04-14T01:00:00.000Z","2023-06-19T19:57:20.000Z","OUT","H","FUL","1.30","45.2708","-73.2683","6668"
"PWF-058-2023","ab","MST","2023-06-19T17:40:00.000Z","2023-06-19T19:33:00.000Z","OUT","H","FUL","0.10","56.566633","-118.985117","6668"
"PWF-059-2023","ab","MST","2023-06-19T22:40:00.000Z","2023-06-19T18:15:00.000Z","OUT","H","FUL","0.30","56.471467","-116.78275","6668"
"WE019","mb","CDT","2023-06-17T05:00:00.000Z","2023-06-19T17:23:00.000Z","OUT","H","FUL","0.10","54.81611","-101.46389","6668"
"WE020","mb","CDT","2023-06-17T05:00:00.000Z","2023-06-19T17:23:00.000Z","OUT","H","FUL","0.10","54.75056","-101.52139","6668"
"FOR_FIRE_011","on","GMT","2023-06-18T17:58:00.000Z","2023-06-19T16:00:00.000Z","OUT","N","FUL","0.10","49.0042","-91.6683","6668"
"LWF-023-2023","ab","MST","2023-04-18T18:45:00.000Z","2023-06-19T14:30:00.000Z","OUT","H","FUL","0.01","55.924567","-110.6912","6668"
"EA056","mb","CDT","2023-06-10T05:00:00.000Z","2023-06-19T14:06:00.000Z","OUT","N","FUL","0.70","52.19083","-96.35000","6668"
"EA053","mb","CDT","2023-06-09T05:00:00.000Z","2023-06-19T14:01:00.000Z","OUT","N","FUL","10.50","52.33028","-96.60194","6668"
"EA049","mb","CDT","2023-06-07T05:00:00.000Z","2023-06-19T13:56:00.000Z","OUT","N","FUL","5.40","52.88389","-96.84694","6668"
"WE016","mb","CDT","2023-06-16T05:00:00.000Z","2023-06-19T13:32:00.000Z","OUT","H","FUL","0.50","54.60417","-101.70611","6668"
"23DN-JUKES","sk","CST","2023-06-13T14:32:26.000Z","2023-06-19T11:43:41.000Z","OUT","N","FUL","3.10","54.733167","-109.5185","6668"
"23BN-DONOVAN","sk","CST","2023-06-14T13:31:40.000Z","2023-06-19T08:19:51.000Z","OUT","N","MOD","0.30","56.426817","-109.1492","6668"
"2023JA6","pc","MDT","2023-06-19T18:44:58.000Z","2023-06-19T07:00:00.000Z","OUT","H","FUL","0.00","52.7994","-118.0477","6668"
"2023-G80802","bc","PDT","2023-06-16T19:54:00.000Z","2023-06-19T00:30:00.000Z","OUT","N","FUL","0.25","58.245432999999998","-121.67021699999999","6668"
"DRY_FIRE_018","on","GMT","2023-06-13T22:11:00.000Z","2023-06-18T23:30:00.000Z","OUT","N","FUL","3.30","50.1794","-90.1318","6668"
"2023-G70820","bc","PDT","2023-06-18T18:13:00.000Z","2023-06-18T20:30:00.000Z","OUT","H","FUL","0.01","55.840032999999998","-120.32170000000001","6668"
"NIP_FIRE_018","on","GMT","2023-06-12T23:59:00.000Z","2023-06-18T20:00:00.000Z","OUT","N","FUL","5.40","50.9619","-88.149","6668"
"NIP_FIRE_016","on","GMT","2023-06-11T20:07:00.000Z","2023-06-18T19:30:00.000Z","OUT","N","FUL","3.70","49.9862","-87.9827","6668"
"LWF-155-2023","ab","MST","2023-06-19T00:21:00.000Z","2023-06-18T18:22:00.000Z","OUT","H","FUL","0.01","55.913783","-110.734133","6668"
"WE017","mb","CDT","2023-06-16T05:00:00.000Z","2023-06-18T15:31:00.000Z","OUT","H","FUL","0.10","53.70250","-100.32361","6668"
"RED_FIRE_030","on","GMT","2023-06-10T23:10:00.000Z","2023-06-18T15:00:00.000Z","OUT","N","FUL","8.00","51.1032","-92.2665","6668"
"EA061","mb","CDT","2023-06-11T05:00:00.000Z","2023-06-18T14:56:00.000Z","OUT","N","FUL","1.40","50.83667","-95.80389","6668"
"SLK_FIRE_043","on","GMT","2023-06-17T20:09:00.000Z","2023-06-18T14:30:00.000Z","OUT","H","FUL","0.20","50.1069","-92.2288","6668"
"WWF-044-2023","ab","MST","2023-06-18T04:14:00.000Z","2023-06-18T12:58:00.000Z","OUT","U","FUL","0.01","54.094487","-115.610542","6668"
"THU_FIRE_023","on","GMT","2023-06-17T21:32:00.000Z","2023-06-18T12:28:00.000Z","OUT","N","FUL","0.10","48.6656","-89.0867","6668"
"2023-G90808","bc","PDT","2023-06-17T04:12:00.000Z","2023-06-18T02:30:00.000Z","OUT","N","FUL","0.10","58.3005","-122.63933299999999","6668"
"23DB-JAN","sk","CST","2023-06-16T02:18:51.000Z","2023-06-17T20:47:34.000Z","OUT","H","FUL","0.20","54.883817","-102.767833","6668"
"EWF-071-2023","ab","MST","2023-06-18T01:47:00.000Z","2023-06-17T20:18:00.000Z","OUT","U","FUL","0.10","53.376108","-117.731935","6668"
"2023-G90798","bc","PDT","2023-06-16T04:58:00.000Z","2023-06-17T19:00:00.000Z","OUT","N","FUL","0.50","59.687283000000001","-122.98545","6668"
"LWF-154-2023","ab","MST","2023-06-17T21:56:00.000Z","2023-06-17T18:03:26.000Z","OUT","N","FUL","0.01","54.998617","-111.7593","6668"
"23DB-PUMPER","sk","CST","2023-06-17T16:39:54.000Z","2023-06-17T17:47:14.000Z","OUT","H","MOD","0.10","55.185944","-102.942772","6668"
"23DB-WILSON","sk","CST","2023-06-15T20:42:36.000Z","2023-06-17T17:17:25.000Z","OUT","N","MOD","0.10","54.7654","-102.099033","6668"
"23LX-PELICAN","sk","CST","2023-06-06T16:37:41.000Z","2023-06-17T17:03:13.000Z","OUT","N","MOD","67.30","55.5407","-108.310717","6668"
"SLK_FIRE_042","on","GMT","2023-06-16T22:41:00.000Z","2023-06-17T17:00:00.000Z","OUT","H","FUL","0.60","51.4588","-90.2042","6668"
"THU_FIRE_022","on","GMT","2023-06-16T23:30:00.000Z","2023-06-17T16:20:00.000Z","OUT","H","FUL","0.10","49.1828","-90.8814","6668"
"EWF-069-2023","ab","MST","2023-06-10T21:03:00.000Z","2023-06-17T14:31:00.000Z","OUT","H","FUL","1.00","53.805167","-116.722967","6668"
"23DN-BRIDGE","sk","CST","2023-06-14T15:32:16.000Z","2023-06-17T13:29:56.000Z","OUT","N","MOD","0.20","54.4111","-108.57695","6668"
"SLK_FIRE_038","on","GMT","2023-06-15T18:55:00.000Z","2023-06-17T13:00:00.000Z","OUT","N","FUL","0.20","50.525","-91.2278","6668"
"COC_FIRE_008","on","GMT","2023-06-03T17:57:00.000Z","2023-06-17T12:30:00.000Z","OUT","N","FUL","35.00","49.0704","-80.5995","6668"
"EA036","mb","CDT","2023-06-04T05:00:00.000Z","2023-06-17T08:41:00.000Z","OUT","N","FUL","14.00","52.43417","-95.55722","6668"
"SLK_FIRE_041","on","GMT","2023-06-15T23:09:00.000Z","2023-06-17T00:43:00.000Z","OUT","N","FUL","0.10","50.8089","-91.542","6668"
"NIP_FIRE_020","on","GMT","2023-06-13T22:19:00.000Z","2023-06-17T00:42:00.000Z","OUT","N","FUL","1.00","50.1226","-87.7756","6668"
"CHA_FIRE_011","on","GMT","2023-06-16T23:43:00.000Z","2023-06-17T00:40:00.000Z","OUT","H","FUL","0.10","47.8279","-83.355","6668"
"2023-K50729","bc","PDT","2023-06-11T21:17:00.000Z","2023-06-16T23:00:00.000Z","OUT","H","FUL","0.70","49.938699999999997","-119.527917","6668"
"2023-V70519","bc","PDT","2023-05-28T22:35:00.000Z","2023-06-16T23:00:00.000Z","OUT","H","FUL","0.02","49.224200000000003","-124.432333","6668"
"2023-R30777","bc","PDT","2023-06-14T06:44:00.000Z","2023-06-16T22:00:00.000Z","OUT","H","FUL","2.80","55.11471667","-126.57453332999999","6668"
"2023-N50764","bc","PDT","2023-06-13T22:36:00.000Z","2023-06-16T21:00:00.000Z","OUT","N","FUL","0.07","49.968567","-117.3509","6668"
"23LF-GRASSY","sk","CST","2023-06-08T14:28:34.000Z","2023-06-16T20:32:51.000Z","OUT","H","FUL","62.00","53.83131","-104.35728","6668"
"2023-N50758","bc","PDT","2023-06-13T02:32:00.000Z","2023-06-16T19:30:00.000Z","OUT","N","FUL","0.01","50.000450000000001","-117.420717","6668"
"APK_FIRE_007","on","GMT","2023-06-03T20:06:00.000Z","2023-06-16T19:22:00.000Z","OUT","N","FUL","2.10","45.9374","-77.964","6668"
"2023-K40761","bc","PDT","2023-06-13T05:15:00.000Z","2023-06-16T19:00:00.000Z","OUT","N","FUL","0.40","50.435833000000002","-118.462217","6668"
"2023-V50257","bc","PDT","2023-05-10T21:11:00.000Z","2023-06-16T18:00:00.000Z","OUT","H","FUL","0.05","49.619633","-124.405433","6668"
"FOR_FIRE_010","on","GMT","2023-06-15T19:18:00.000Z","2023-06-16T17:00:00.000Z","OUT","N","FUL","1.10","48.9187","-91.9425","6668"
"MWF-031-2023","ab","MST","2023-06-04T16:56:00.000Z","2023-06-16T16:30:00.000Z","OUT","N","FUL","3.00","59.919417","-111.491302","6668"
"EA062","mb","CDT","2023-06-13T05:00:00.000Z","2023-06-16T16:06:00.000Z","OUT","H","FUL","1.20","50.66056","-96.50167","6668"
"COC_FIRE_003","on","GMT","2023-06-01T19:41:00.000Z","2023-06-16T16:00:00.000Z","OUT","N","FUL","80.00","48.9046","-81.0934","6668"
"WE015","mb","CDT","2023-06-13T05:00:00.000Z","2023-06-16T15:57:00.000Z","OUT","N","FUL","0.10","55.30639","-101.21861","6668"
"DRY_FIRE_019","on","GMT","2023-06-15T15:23:00.000Z","2023-06-16T12:00:00.000Z","OUT","N","FUL","0.10","49.9636","-91.7346","6668"
"62302","nb","ADT","2023-06-15T20:21:55.000Z","2023-06-16T08:43:00.000Z","OUT","U","FUL","0.10","47.37593","-68.56332","6668"
"RED_FIRE_033","on","GMT","2023-06-11T22:53:00.000Z","2023-06-16T01:00:00.000Z","OUT","N","FUL","1.20","50.6357","-94.156","6668"
"SLK_FIRE_035","on","GMT","2023-06-12T19:08:00.000Z","2023-06-16T00:00:00.000Z","OUT","N","FUL","0.10","51.1513","-91.6195","6668"
"SUD_FIRE_018","on","GMT","2023-06-04T15:33:00.000Z","2023-06-15T23:30:00.000Z","OUT","N","FUL","1.50","46.607","-82.3249","6668"
"2023-G90788","bc","PDT","2023-06-15T00:38:00.000Z","2023-06-15T22:30:00.000Z","OUT","N","FUL","0.02","58.324950000000001","-122.670783","6668"
"2023-R50575","bc","PDT","2023-06-03T03:04:00.000Z","2023-06-15T22:30:00.000Z","OUT","H","FUL","0.20","54.526200000000003","-128.71363299999999","6668"
"2023-G70659","bc","PDT","2023-06-07T21:29:00.000Z","2023-06-15T22:00:00.000Z","OUT","N","FUL","0.10","55.461750000000002","-121.954967","6668"
"SLK_FIRE_037","on","GMT","2023-06-15T17:30:00.000Z","2023-06-15T22:00:00.000Z","OUT","N","FUL","0.30","50.1099","-91.9276","6668"
"2023-N20772","bc","PDT","2023-06-14T00:49:00.000Z","2023-06-15T21:30:00.000Z","OUT","N","FUL","0.01","50.577517","-116.185","6668"
"SLK_FIRE_034","on","GMT","2023-06-12T18:45:00.000Z","2023-06-15T21:00:00.000Z","OUT","N","FUL","0.60","50.8174","-91.5962","6668"
"SAU_FIRE_004","on","GMT","2023-06-06T19:21:00.000Z","2023-06-15T20:00:00.000Z","OUT","N","FUL","14.40","46.2295","-82.7615","6668"
"2023-K20716","bc","PDT","2023-06-11T00:15:00.000Z","2023-06-15T20:00:00.000Z","OUT","N","FUL","0.01","50.742466999999998","-120.133667","6668"
"WWF-043-2023","ab","MST","2023-06-15T23:17:00.000Z","2023-06-15T19:43:00.000Z","OUT","N","FUL","0.02","54.285115","-116.174423","6668"
"2023-K20721","bc","PDT","2023-06-11T03:07:00.000Z","2023-06-15T19:30:00.000Z","OUT","N","FUL","0.01","51.196399999999997","-120.20569999999999","6668"
"23LA-CLINCH","sk","CST","2023-06-13T17:04:43.000Z","2023-06-15T19:18:41.000Z","OUT","N","MOD","1.00","56.5297","-105.511483","6668"
"2023-K20725","bc","PDT","2023-06-11T17:03:00.000Z","2023-06-15T19:00:00.000Z","OUT","N","FUL","0.01","50.775967000000001","-120.38325","6668"
"HWF-067-2023","ab","MST","2023-06-15T23:49:00.000Z","2023-06-15T18:45:00.000Z","OUT","H","FUL","0.01","58.540917","-115.623283","6668"
"23LA-LYNX","sk","CST","2023-06-13T17:47:59.000Z","2023-06-15T18:25:28.000Z","OUT","N","MOD","0.50","55.337033","-105.01125","6668"
"KEN_FIRE_023","on","GMT","2023-06-12T19:21:00.000Z","2023-06-15T18:16:00.000Z","OUT","N","FUL","0.60","50.3997","-94.0053","6668"
"EA034","mb","CDT","2023-06-03T05:00:00.000Z","2023-06-15T17:26:00.000Z","OUT","N","MOD","21.00","52.87861","-96.56472","6668"
"MWF-033-2023","ab","MST","2023-06-13T22:27:00.000Z","2023-06-15T17:25:00.000Z","OUT","N","FUL","0.99","56.465967","-112.101583","6668"
"EA039","mb","CDT","2023-06-04T05:00:00.000Z","2023-06-15T17:12:00.000Z","OUT","N","FUL","48.00","52.31417","-95.47417","6668"
"2023-K40785","bc","PDT","2023-06-14T23:11:00.000Z","2023-06-15T17:00:00.000Z","OUT","N","FUL","0.01","50.561782999999998","-118.986617","6668"
"WWF-002-2023","ab","MST","2023-04-09T01:15:00.000Z","2023-06-15T16:40:00.000Z","OUT","H","FUL","35.00","54.428527","-114.725355","6668"
"SUD_FIRE_015","on","GMT","2023-06-04T00:18:00.000Z","2023-06-15T16:00:00.000Z","OUT","N","FUL","3.40","46.1244","-82.0876","6668"
"APK_FIRE_006","on","GMT","2023-06-03T19:54:00.000Z","2023-06-15T15:11:00.000Z","OUT","N","FUL","30.00","45.9237","-77.9212","6668"
"13","qc","EST","2023-04-15T19:20:00.000Z","2023-06-15T14:56:25.000Z","OUT","H","FUL","0.40","45.605","-70.9319","6668"
"23PA-DITCH08","sk","CST","2023-06-15T13:42:00.000Z","2023-06-15T14:30:18.000Z","OUT","H","MOD","0.20","52.324983","-103.82085","6668"
"SUD_FIRE_016","on","GMT","2023-06-04T14:24:00.000Z","2023-06-15T14:30:00.000Z","OUT","N","FUL","14.10","46.6557","-82.1163","6668"
"3","qc","EST","2023-04-10T20:00:00.000Z","2023-06-15T14:00:33.000Z","OUT","H","FUL","0.40","45.2189","-74.1219","6668"
"6","qc","EST","2023-04-13T21:15:00.000Z","2023-06-15T14:00:14.000Z","OUT","H","FUL","0.70","45.4044","-72.3347","6668"
"THU_FIRE_021","on","GMT","2023-06-14T14:23:00.000Z","2023-06-15T13:00:00.000Z","OUT","H","FUL","0.30","50.2546","-89.711","6668"
"23LA-CLOUT","sk","CST","2023-06-11T13:31:43.000Z","2023-06-15T12:51:55.000Z","OUT","N","MOD","0.50","55.4489","-104.1815","6668"
"23SF-DITCH10","sk","CST","2023-06-10T19:20:43.000Z","2023-06-15T12:41:32.000Z","OUT","H","MOD","2.00","52.143797","-106.075372","6668"
"RWF-055-2023","ab","MST","2023-06-11T15:32:00.000Z","2023-06-15T12:33:00.000Z","OUT","N","FUL","0.20","52.6887","-115.604967","6668"
"NIP_FIRE_021","on","GMT","2023-06-14T19:00:00.000Z","2023-06-15T11:30:00.000Z","OUT","N","FUL","0.70","48.8027","-87.2648","6668"
"2023-G90266","bc","PDT","2023-05-11T02:40:00.000Z","2023-06-15T06:30:00.000Z","OUT","H","FUL","14.50","59.493167","-126.32033300000001","6668"
"2023XY012","yt","PDT","2023-06-15T00:39:00.000Z","2023-06-15T00:46:00.000Z","OUT","H","FUL","0.01","60.74056","-135.05846","6668"
"2023-G30664","bc","PDT","2023-06-07T23:54:00.000Z","2023-06-15T00:00:00.000Z","OUT","N","FUL","0.20","52.860117000000002","-119.38800000000001","6668"
"2023-V70482","bc","PDT","2023-05-22T02:42:00.000Z","2023-06-14T23:30:00.000Z","OUT","H","FUL","0.01","49.270617000000001","-124.777383","6668"
"2023-K50563","bc","PDT","2023-06-02T14:07:00.000Z","2023-06-14T23:30:00.000Z","OUT","H","FUL","0.01","49.479033000000001","-119.61655","6668"
"2023-K50564","bc","PDT","2023-06-02T06:59:00.000Z","2023-06-14T23:00:00.000Z","OUT","N","FUL","0.10","49.477367000000001","-119.678117","6668"
"DRY_FIRE_017","on","GMT","2023-06-13T15:19:00.000Z","2023-06-14T22:43:00.000Z","OUT","N","FUL","0.10","50.0328","-90.6501","6668"
"DRY_FIRE_016","on","GMT","2023-06-13T00:32:00.000Z","2023-06-14T22:14:00.000Z","OUT","N","FUL","0.10","50.0777","-90.6712","6668"
"14","qc","EST","2023-04-15T19:20:00.000Z","2023-06-14T22:09:52.000Z","OUT","H","FUL","0.40","45.6078","-70.9408","6668"
"DRY_FIRE_012","on","GMT","2023-06-12T00:18:00.000Z","2023-06-14T22:00:00.000Z","OUT","N","FUL","0.20","50.1818","-90.1431","6668"
"2023-G40745","bc","PDT","2023-06-12T18:27:00.000Z","2023-06-14T22:00:00.000Z","OUT","H","FUL","0.01","53.944383000000002","-124.113967","6668"
"2023-V60367","bc","PDT","2023-05-18T22:35:00.000Z","2023-06-14T22:00:00.000Z","OUT","H","FUL","0.01","48.425617000000003","-124.06226599999999","6668"
"11","qc","EST","2023-04-15T19:20:00.000Z","2023-06-14T21:59:14.000Z","OUT","H","FUL","0.10","45.6033","-70.9267","6668"
"2023-V50516","bc","PDT","2023-05-28T18:32:00.000Z","2023-06-14T21:30:00.000Z","OUT","H","FUL","0.01","49.899667000000001","-124.40173299999999","6668"
"2023-G30728","bc","PDT","2023-06-11T21:00:00.000Z","2023-06-14T21:30:00.000Z","OUT","N","FUL","0.01","52.073450000000001","-119.36239999999999","6668"
"2023-G30554","bc","PDT","2023-06-01T04:33:00.000Z","2023-06-14T21:30:00.000Z","OUT","N","FUL","0.10","52.687716999999999","-119.07766700000001","6668"
"15","qc","EST","2023-04-22T16:00:00.000Z","2023-06-14T21:03:04.000Z","OUT","H","FUL","0.20","45.2986","-71.8169","6668"
"EWF-070-2023","ab","MST","2023-06-15T01:57:00.000Z","2023-06-14T20:15:00.000Z","OUT","H","FUL","0.01","53.377867","-117.651667","6668"
"2023-C50335","bc","PDT","2023-05-16T03:57:00.000Z","2023-06-14T18:00:00.000Z","OUT","H","FUL","0.01","51.937882999999999","-123.141167","6668"
"DRY_FIRE_015","on","GMT","2023-06-13T00:22:00.000Z","2023-06-14T17:40:00.000Z","OUT","N","FUL","0.20","50.0651","-90.629","6668"
"EA054","mb","CDT","2023-06-09T05:00:00.000Z","2023-06-14T16:07:00.000Z","OUT","N","FUL","0.60","51.26250","-96.27639","6668"
"DRY_FIRE_013","on","GMT","2023-06-12T22:30:00.000Z","2023-06-14T15:21:00.000Z","OUT","N","FUL","0.30","49.4216","-92.5447","6668"
"CHA_FIRE_010","on","GMT","2023-06-09T23:21:00.000Z","2023-06-14T15:00:00.000Z","OUT","N","FUL","2.50","48.255","-82.8814","6668"
"RED_FIRE_031","on","GMT","2023-06-11T00:03:00.000Z","2023-06-14T13:30:00.000Z","OUT","N","FUL","1.00","52.2738","-94.2684","6668"
"23DB-HAMMELL","sk","CST","2023-06-08T14:18:42.000Z","2023-06-14T11:22:44.000Z","OUT","N","FUL","2.70","54.821633","-101.950783","6668"
"RWF-058-2023","ab","MST","2023-06-14T01:35:00.000Z","2023-06-14T11:20:00.000Z","OUT","H","FUL","0.05","53.058","-115.004833","6668"
"62282","nb","ADT","2023-06-15T11:34:29.000Z","2023-06-14T10:00:00.000Z","OUT","U","FUL","0.10","46.63388","-64.95022","6668"
"GWF-042-2023","ab","MST","2023-06-12T23:18:00.000Z","2023-06-14T09:52:00.000Z","OUT","H","FUL","0.10","55.800017","-119.3447","6668"
"23DB-SHORE","sk","CST","2023-06-13T17:12:19.000Z","2023-06-14T08:34:23.000Z","OUT","H","MOD","0.10","55.184417","-102.9433","6668"
"DRY_FIRE_011","on","GMT","2023-06-11T17:44:00.000Z","2023-06-14T01:26:00.000Z","OUT","N","FUL","0.30","49.333","-92.3359","6668"
"2023-R20685","bc","PDT","2023-06-09T00:39:00.000Z","2023-06-14T00:00:00.000Z","OUT","H","FUL","0.10","54.807882999999997","-126.13905","6668"
"SUD_FIRE_013","on","GMT","2023-06-03T18:14:00.000Z","2023-06-13T23:20:00.000Z","OUT","N","FUL","0.10","46.7511","-81.9388","6668"
"2023-V80681","bc","PDT","2023-06-08T23:56:00.000Z","2023-06-13T23:00:00.000Z","OUT","H","FUL","0.46","50.109682999999997","-125.419567","6668"
"2023-K20751","bc","PDT","2023-06-12T23:19:00.000Z","2023-06-13T23:00:00.000Z","OUT","N","FUL","0.01","51.011082999999999","-120.14536699999999","6668"
"SAU_FIRE_006","on","GMT","2023-06-06T22:56:00.000Z","2023-06-13T22:30:00.000Z","OUT","N","FUL","4.00","46.9847","-83.6434","6668"
"2023-G30534","bc","PDT","2023-05-30T18:05:00.000Z","2023-06-13T22:00:00.000Z","OUT","N","FUL","0.01","52.145367","-119.1825","6668"
"2023-N60692","bc","PDT","2023-06-09T05:01:00.000Z","2023-06-13T21:30:00.000Z","OUT","N","FUL","0.02","49.138133000000003","-118.27975000000001","6668"
"DRY_FIRE_014","on","GMT","2023-06-13T00:20:00.000Z","2023-06-13T20:30:00.000Z","OUT","N","FUL","0.10","50.0167","-90.8001","6668"
"2023-K50756","bc","PDT","2023-06-13T01:33:00.000Z","2023-06-13T20:00:00.000Z","OUT","H","FUL","0.01","49.522582999999997","-119.62603300000001","6668"
"62262","nb","ADT","2023-06-13T19:32:02.000Z","2023-06-13T19:56:00.000Z","OUT","U","FUL","0.10","45.53716","-66.62401","6668"
"LWF-153-2023","ab","MST","2023-06-14T01:09:00.000Z","2023-06-13T19:55:00.000Z","OUT","H","FUL","0.10","54.914633","-111.938867","6668"
"RWF-057-2023","ab","MST","2023-06-13T23:50:00.000Z","2023-06-13T19:40:00.000Z","OUT","N","FUL","0.10","52.732133","-115.870117","6668"
"RWF-056-2023","ab","MST","2023-06-13T23:30:00.000Z","2023-06-13T19:16:00.000Z","OUT","N","FUL","0.10","52.61195","-115.999417","6668"
"LWF-152-2023","ab","MST","2023-06-13T23:52:00.000Z","2023-06-13T19:07:00.000Z","OUT","N","FUL","0.01","55.690667","-111.150333","6668"
"2023-N10166","bc","PDT","2023-05-02T20:04:00.000Z","2023-06-13T19:00:00.000Z","OUT","H","FUL","3.00","49.653700000000001","-116.034817","6668"
"DRY_FIRE_009","on","GMT","2023-06-10T21:08:00.000Z","2023-06-13T17:00:00.000Z","OUT","N","FUL","0.30","49.7168","-91.1653","6668"
"NIP_FIRE_017","on","GMT","2023-06-12T19:39:00.000Z","2023-06-13T16:00:00.000Z","OUT","N","FUL","0.10","49.8593","-87.3832","6668"
"THU_FIRE_019","on","GMT","2023-06-12T21:14:00.000Z","2023-06-13T15:57:00.000Z","OUT","N","FUL","0.30","50.1987","-88.9539","6668"
"RED_FIRE_022","on","GMT","2023-06-05T15:48:00.000Z","2023-06-13T15:25:00.000Z","OUT","N","FUL","15.20","52.9263","-94.6549","6668"
"THU_FIRE_020","on","GMT","2023-06-13T01:16:00.000Z","2023-06-13T14:55:00.000Z","OUT","N","FUL","0.10","48.9703","-90.3415","6668"
"EA058","mb","CDT","2023-06-11T05:00:00.000Z","2023-06-13T14:35:00.000Z","OUT","H","FUL","0.10","51.32083","-96.35972","6668"
"NIP_FIRE_014","on","GMT","2023-06-11T19:38:00.000Z","2023-06-13T14:30:00.000Z","OUT","N","FUL","0.20","49.3115","-87.3029","6668"
"23BN-AARON","sk","CST","2023-05-29T13:10:00.000Z","2023-06-13T14:03:28.000Z","OUT","N","MOD","2240.00","56.565","-109.301833","6668"
"EWF-050-2023","ab","MST","2023-05-27T23:40:00.000Z","2023-06-13T13:30:00.000Z","OUT","N","FUL","1.10","53.40655","-115.483583","6668"
"23DB-MERIDIAN","sk","CST","2023-06-09T08:58:54.000Z","2023-06-13T08:23:22.000Z","OUT","N","MOD","0.10","54.741117","-101.994933","6668"
"2023-G80753","bc","PDT","2023-06-13T00:23:00.000Z","2023-06-13T03:00:00.000Z","OUT","H","FUL","0.01","56.6541","-121.7094","6668"
"2023-G10733","bc","PDT","2023-06-11T23:55:00.000Z","2023-06-13T01:30:00.000Z","OUT","N","FUL","0.02","54.052950000000003","-120.79949999999999","6668"
"RED_FIRE_034","on","GMT","2023-06-11T23:59:00.000Z","2023-06-13T01:00:00.000Z","OUT","N","FUL","0.20","50.6252","-93.4785","6668"
"2023-G40698","bc","PDT","2023-06-09T22:38:00.000Z","2023-06-13T00:00:00.000Z","OUT","H","FUL","0.20","54.099417000000003","-124.815617","6668"
"2023-K50375","bc","PDT","2023-05-19T03:08:00.000Z","2023-06-12T23:30:00.000Z","OUT","N","FUL","0.01","49.935949999999998","-119.5454","6668"
"2023-R50707","bc","PDT","2023-06-10T16:19:00.000Z","2023-06-12T22:30:00.000Z","OUT","H","FUL","0.10","54.535916999999998","-128.550217","6668"
"2023-G10411","bc","PDT","2023-05-20T02:04:00.000Z","2023-06-12T22:00:00.000Z","OUT","N","FUL","55.00","53.556800000000003","-121.76683300000001","6668"
"THU_FIRE_017","on","GMT","2023-06-11T23:26:00.000Z","2023-06-12T22:00:00.000Z","OUT","N","FUL","0.10","50.5254","-89.2653","6668"
"2023-K60674","bc","PDT","2023-06-08T22:07:00.000Z","2023-06-12T20:00:00.000Z","OUT","H","FUL","0.01","50.266117000000001","-120.423917","6668"
"2023-R30687","bc","PDT","2023-06-09T01:43:00.000Z","2023-06-12T19:30:00.000Z","OUT","H","FUL","0.50","54.877749999999999","-127.166467","6668"
"2023-R50744","bc","PDT","2023-06-12T06:43:00.000Z","2023-06-12T19:30:00.000Z","OUT","H","FUL","0.30","54.708382999999998","-128.77025","6668"
"SAU_FIRE_003","on","GMT","2023-06-04T16:56:00.000Z","2023-06-12T19:00:00.000Z","OUT","N","FUL","3.10","46.3717","-82.8768","6668"
"2023-K60616","bc","PDT","2023-06-04T23:35:00.000Z","2023-06-12T19:00:00.000Z","OUT","N","FUL","0.30","49.742666999999997","-120.7135","6668"
"DRY_FIRE_010","on","GMT","2023-06-11T17:43:00.000Z","2023-06-12T18:55:00.000Z","OUT","N","FUL","0.20","50.2304","-92.7987","6668"
"2023-V60626","bc","PDT","2023-06-05T06:16:00.000Z","2023-06-12T18:30:00.000Z","OUT","H","FUL","0.01","49.059032999999999","-123.96808299999999","6668"
"SLK_FIRE_028","on","GMT","2023-06-09T22:56:00.000Z","2023-06-12T18:05:00.000Z","OUT","N","FUL","2.60","51.7615","-90.2256","6668"
"2023-K60672","bc","PDT","2023-06-08T20:34:00.000Z","2023-06-12T18:00:00.000Z","OUT","H","FUL","0.01","50.278449999999999","-120.404467","6668"
"FOR_FIRE_007","on","GMT","2023-06-08T22:19:00.000Z","2023-06-12T17:30:00.000Z","OUT","N","FUL","2.50","49.0446","-92.6149","6668"
"2023-N50604","bc","PDT","2023-06-04T16:39:00.000Z","2023-06-12T17:00:00.000Z","OUT","N","FUL","0.03","49.337966999999999","-117.61505","6668"
"62222","nb","ADT","2023-06-05T13:15:17.000Z","2023-06-12T16:09:00.000Z","OUT","U","FUL","0.10","47.30355","-65.42328","6668"
"FOR_FIRE_009","on","GMT","2023-06-10T21:16:00.000Z","2023-06-12T16:00:00.000Z","OUT","N","FUL","0.20","48.9057","-91.726","6668"
"NIP_FIRE_015","on","GMT","2023-06-11T19:52:00.000Z","2023-06-12T15:35:00.000Z","OUT","N","FUL","0.10","50.9909","-87.8442","6668"
"DRY_FIRE_008","on","GMT","2023-06-10T04:59:00.000Z","2023-06-12T15:27:00.000Z","OUT","N","FUL","0.20","49.6255","-91.6624","6668"
"WWF-040-2023","ab","MST","2023-06-07T17:36:00.000Z","2023-06-12T15:10:00.000Z","OUT","H","FUL","0.03","54.355488","-115.086762","6668"
"EA052","mb","CDT","2023-06-08T05:00:00.000Z","2023-06-12T15:06:00.000Z","OUT","N","FUL","0.80","52.59944","-96.66056","6668"
"EA038","mb","CDT","2023-06-04T05:00:00.000Z","2023-06-12T15:06:00.000Z","OUT","N","FUL","17.00","51.76889","-95.68306","6668"
"23BN-BNIR02","sk","CST","2023-05-29T13:16:41.000Z","2023-06-12T14:23:58.000Z","OUT","H","MOD","55.00","56.462665","-108.663825","6668"
"THU_FIRE_016","on","GMT","2023-06-10T23:10:00.000Z","2023-06-12T12:30:00.000Z","OUT","N","FUL","0.20","50.8955","-89.6897","6668"
"RWF-031-2023","ab","MST","2023-05-04T22:00:00.000Z","2023-06-12T08:30:00.000Z","OUT","N","FUL","80.00","52.353495","-115.896247","6668"
"2023PR3","pc","PDT","2023-06-11T19:34:12.000Z","2023-06-12T08:00:00.000Z","OUT","U","FUL","0.00","49.0802","-125.8206","6668"
"SLK_FIRE_027","on","GMT","2023-06-09T21:35:00.000Z","2023-06-12T01:33:00.000Z","OUT","N","FUL","0.40","51.1399","-90.6277","6668"
"2023-R50682","bc","PDT","2023-06-09T00:13:00.000Z","2023-06-12T00:30:00.000Z","OUT","H","FUL","0.10","54.447867000000002","-128.59223299999999","6668"
"2023-K50660","bc","PDT","2023-06-07T22:04:00.000Z","2023-06-12T00:00:00.000Z","OUT","H","FUL","0.10","49.50685","-119.579117","6668"
"SWF-099-2023","ab","MST","2023-06-12T02:59:00.000Z","2023-06-11T21:20:00.000Z","OUT","H","FUL","0.01","55.389433","-114.791767","6668"
"SWF-098-2023","ab","MST","2023-06-11T22:02:00.000Z","2023-06-11T21:15:00.000Z","OUT","N","FUL","0.01","57.074583","-114.617483","6668"
"23SF-DITCH09","sk","CST","2023-06-11T18:16:59.000Z","2023-06-11T20:00:56.000Z","OUT","H","MOD","0.20","51.474452","-107.478739","6668"
"HEA_FIRE_004","on","GMT","2023-06-03T21:50:00.000Z","2023-06-11T19:10:00.000Z","OUT","N","FUL","12.00","49.4624","-83.8582","6668"
"23LF-PLAKE","sk","CST","2023-05-29T16:11:53.000Z","2023-06-11T18:44:44.000Z","OUT","N","FUL","80.00","54.093492","-104.871359","6668"
"DRY_FIRE_007","on","GMT","2023-06-10T19:19:00.000Z","2023-06-11T18:17:00.000Z","OUT","N","FUL","0.20","49.6505","-91.9428","6668"
"SAU_FIRE_007","on","GMT","2023-06-08T16:25:00.000Z","2023-06-11T18:00:00.000Z","OUT","N","FUL","1.20","47.2088","-83.6432","6668"
"KEN_FIRE_022","on","GMT","2023-06-11T00:02:00.000Z","2023-06-11T18:00:00.000Z","OUT","N","FUL","0.10","50.4549","-94.2973","6668"
"CHA_FIRE_009","on","GMT","2023-06-08T15:57:00.000Z","2023-06-11T17:00:00.000Z","OUT","N","FUL","0.50","47.6893","-83.7372","6668"
"RWF-012-2023","ab","MST","2023-04-28T16:30:00.000Z","2023-06-11T16:19:00.000Z","OUT","H","FUL","46.00","52.440283","-115.370667","6668"
"SLK_FIRE_025","on","GMT","2023-06-09T15:35:00.000Z","2023-06-11T15:30:00.000Z","OUT","N","FUL","1.00","51.602","-92.3884","6668"
"THU_FIRE_009","on","GMT","2023-06-04T14:04:00.000Z","2023-06-11T14:20:00.000Z","OUT","N","FUL","15.00","50.4991","-89.5601","6668"
"THU_FIRE_015","on","GMT","2023-06-09T22:01:00.000Z","2023-06-11T00:30:00.000Z","OUT","N","FUL","0.10","50.4182","-89.2064","6668"
"SLK_FIRE_026","on","GMT","2023-06-09T21:20:00.000Z","2023-06-11T00:00:00.000Z","OUT","N","FUL","0.10","51.0097","-90.7797","6668"
"THU_FIRE_012","on","GMT","2023-06-07T00:00:00.000Z","2023-06-10T23:34:00.000Z","OUT","N","FUL","3.40","50.9217","-89.6457","6668"
"SAU_FIRE_005","on","GMT","2023-06-06T22:42:00.000Z","2023-06-10T23:00:00.000Z","OUT","N","FUL","2.00","46.9798","-83.595","6668"
"KEN_FIRE_021","on","GMT","2023-06-10T16:04:00.000Z","2023-06-10T22:30:00.000Z","OUT","N","FUL","0.10","50.41","-92.9589","6668"
"SUD_FIRE_022","on","GMT","2023-06-10T20:02:00.000Z","2023-06-10T21:00:00.000Z","OUT","H","FUL","0.10","46.7192","-80.5899","6668"
"SUD_FIRE_021","on","GMT","2023-06-09T19:28:00.000Z","2023-06-10T20:15:00.000Z","OUT","N","FUL","0.10","46.7292","-81.9522","6668"
"FOR_FIRE_008","on","GMT","2023-06-10T15:05:00.000Z","2023-06-10T20:10:00.000Z","OUT","N","FUL","0.10","48.7048","-93.2031","6668"
"GWF-019-2023","ab","MST","2023-05-05T20:57:00.000Z","2023-06-10T19:12:00.000Z","UC","N","FUL","19435.00","54.735667","-119.032783","6668"
"APK_FIRE_008","on","GMT","2023-06-10T17:55:00.000Z","2023-06-10T19:10:00.000Z","OUT","H","FUL","0.10","45.3703","-78.4493","6668"
"KEN_FIRE_020","on","GMT","2023-06-09T23:17:00.000Z","2023-06-10T19:10:00.000Z","OUT","N","FUL","0.10","49.3329","-94.2862","6668"
"LWF-151-2023","ab","MST","2023-06-11T00:05:00.000Z","2023-06-10T18:05:01.000Z","OUT","H","FUL","0.01","54.786083","-111.856717","6668"
"SWF-097-2023","ab","MST","2023-06-10T20:31:00.000Z","2023-06-10T15:30:00.000Z","OUT","H","FUL","0.10","56.483017","-115.357083","6668"
"EA051","mb","CDT","2023-06-08T05:00:00.000Z","2023-06-10T15:09:00.000Z","OUT","N","FUL","0.10","51.72528","-95.60944","6668"
"RED_FIRE_021","on","GMT","2023-06-05T00:07:00.000Z","2023-06-10T14:50:00.000Z","OUT","N","FUL","3.50","52.0241","-92.7354","6668"
"EWF-068-2023","ab","MST","2023-06-10T03:08:00.000Z","2023-06-10T14:46:00.000Z","OUT","N","FUL","0.01","52.878533","-116.881","6668"
"THU_FIRE_014","on","GMT","2023-06-07T22:07:00.000Z","2023-06-10T14:30:00.000Z","OUT","N","FUL","0.80","50.5261","-89.7463","6668"
"RED_FIRE_025","on","GMT","2023-06-10T02:01:00.000Z","2023-06-10T14:00:00.000Z","OUT","N","FUL","0.10","50.9681","-93.8907","6668"
"LWF-150-2023","ab","MST","2023-06-10T18:50:00.000Z","2023-06-10T12:51:00.000Z","OUT","H","FUL","0.01","55.902408","-110.745758","6668"
"COC_FIRE_002","on","GMT","2023-06-01T18:41:00.000Z","2023-06-10T12:10:00.000Z","OUT","N","FUL","0.40","49.0354","-80.9308","6668"
"COC_FIRE_009","on","GMT","2023-06-04T21:29:00.000Z","2023-06-10T12:10:00.000Z","OUT","N","FUL","5.00","48.8428","-81.3877","6668"
"CWF-022-2023","ab","MST","2023-06-10T16:55:00.000Z","2023-06-10T11:00:00.000Z","OUT","H","FUL","0.01","51.576","-114.962","6668"
"2023-N70307","bc","PDT","2023-05-14T19:34:00.000Z","2023-06-10T00:00:00.000Z","OUT","H","FUL","0.03","49.587983000000001","-117.243983","6668"
"SLK_FIRE_021","on","GMT","2023-06-07T20:06:00.000Z","2023-06-10T00:00:00.000Z","OUT","N","FUL","1.00","50.4284","-90.8099","6668"
"2023-K50464","bc","PDT","2023-05-21T05:31:00.000Z","2023-06-09T23:30:00.000Z","OUT","N","FUL","0.01","49.753132999999998","-119.658933","6668"
"2023-K20627","bc","PDT","2023-06-05T13:48:00.000Z","2023-06-09T23:30:00.000Z","OUT","H","FUL","1.60","50.775799999999997","-120.71420000000001","6668"
"140","qc","EST","2023-05-19T20:00:00.000Z","2023-06-09T22:25:54.000Z","OUT","H","FUL","2.20","47.8631","-69.3039","6668"
"2023-N20466","bc","PDT","2023-05-21T19:28:00.000Z","2023-06-09T21:30:00.000Z","OUT","N","MOD","40.00","50.687517","-115.82633300000001","6668"
"23LX-PARKER","sk","CST","2023-06-07T18:03:12.000Z","2023-06-09T21:28:20.000Z","OUT","N","MOD","1.50","55.26035","-108.090583","6668"
"SLK_FIRE_024","on","GMT","2023-06-09T15:22:00.000Z","2023-06-09T21:15:00.000Z","OUT","N","FUL","0.20","51.5965","-92.3611","6668"
"129","qc","EST","2023-05-17T18:30:00.000Z","2023-06-09T20:31:21.000Z","OUT","H","FUL","0.00","48.2689","-67.2258","6668"
"2023-C30573","bc","PDT","2023-06-03T00:35:00.000Z","2023-06-09T19:00:00.000Z","OUT","N","FUL","0.10","52.685167","-120.46420000000001","6668"
"2023-G40677","bc","PDT","2023-06-08T23:18:00.000Z","2023-06-09T19:00:00.000Z","OUT","H","FUL","0.01","54.102867000000003","-124.663617","6668"
"2023-K50445","bc","PDT","2023-05-21T01:19:00.000Z","2023-06-09T18:00:00.000Z","OUT","N","FUL","0.01","49.323416999999999","-120.0188","6668"
"RED_FIRE_013","on","GMT","2023-06-03T22:36:00.000Z","2023-06-09T17:50:00.000Z","OUT","N","FUL","15.00","52.3362","-93.8299","6668"
"EWF-065-2023","ab","MST","2023-06-09T01:11:00.000Z","2023-06-09T17:42:00.000Z","OUT","N","FUL","0.32","53.023883","-117.175967","6668"
"NIP_FIRE_003","on","GMT","2023-06-03T20:06:00.000Z","2023-06-09T17:20:00.000Z","OUT","N","FUL","13.00","51.1289","-88.8342","6668"
"23LA-KOLWASKIE","sk","CST","2023-05-12T17:23:55.000Z","2023-06-09T16:51:39.000Z","OUT","N","MOD","4538.90","57.2352","-102.716033","6668"
"SWF-096-2023","ab","MST","2023-06-09T19:58:00.000Z","2023-06-09T16:25:00.000Z","OUT","H","FUL","0.01","55.30185","-115.879783","6668"
"NIP_FIRE_012","on","GMT","2023-06-08T19:11:00.000Z","2023-06-09T16:00:00.000Z","OUT","N","FUL","0.80","49.5219","-87.4068","6668"
"THU_FIRE_013","on","GMT","2023-06-07T00:58:00.000Z","2023-06-09T16:00:00.000Z","OUT","N","FUL","0.50","50.8929","-89.8403","6668"
"CHA_FIRE_008","on","GMT","2023-06-06T23:19:00.000Z","2023-06-09T15:40:00.000Z","OUT","N","FUL","0.10","47.9838","-83.5656","6668"
"EA037","mb","CDT","2023-06-04T05:00:00.000Z","2023-06-09T15:23:00.000Z","OUT","N","FUL","12.00","52.18389","-96.24861","6668"
"EA046","mb","CDT","2023-06-06T05:00:00.000Z","2023-06-09T15:23:00.000Z","OUT","N","FUL","0.10","51.00194","-95.66694","6668"
"EA045","mb","CDT","2023-06-06T05:00:00.000Z","2023-06-09T15:23:00.000Z","OUT","N","FUL","0.10","51.09278","-95.68778","6668"
"RED_FIRE_024","on","GMT","2023-06-08T22:31:00.000Z","2023-06-09T15:09:00.000Z","OUT","N","FUL","0.10","51.3514","-92.9261","6668"
"NIP_FIRE_002","on","GMT","2023-06-03T19:16:00.000Z","2023-06-09T15:00:00.000Z","OUT","N","FUL","2.00","49.1711","-87.5961","6668"
"SWF-094-2023","ab","MST","2023-06-07T22:05:00.000Z","2023-06-09T09:15:00.000Z","OUT","H","FUL","0.02","55.363467","-115.516483","6668"
"2023-G40676","bc","PDT","2023-06-08T22:44:00.000Z","2023-06-09T01:00:00.000Z","OUT","H","FUL","0.01","54.066833000000003","-124.95545","6668"
"KLK_FIRE_006","on","GMT","2023-06-07T22:20:00.000Z","2023-06-09T00:16:00.000Z","OUT","N","FUL","0.20","48.7373","-80.3712","6668"
"THU_FIRE_011","on","GMT","2023-06-06T19:15:00.000Z","2023-06-09T00:00:00.000Z","OUT","N","FUL","0.90","50.6649","-88.9916","6668"
"2023-C10431","bc","PDT","2023-05-20T23:21:00.000Z","2023-06-09T00:00:00.000Z","OUT","N","FUL","75.00","52.627217000000002","-123.040667","6668"
"NIP_FIRE_010","on","GMT","2023-06-06T21:15:00.000Z","2023-06-08T23:00:00.000Z","OUT","N","FUL","1.30","51.3426","-88.8514","6668"
"2023-N10492","bc","PDT","2023-05-22T18:57:00.000Z","2023-06-08T23:00:00.000Z","OUT","N","FUL","0.01","49.093333000000001","-115.121566","6668"
"MWF-032-2023","ab","MST","2023-06-09T03:30:00.000Z","2023-06-08T21:53:00.000Z","OUT","H","FUL","0.03","56.488667","-111.348917","6668"
"2023-K20636","bc","PDT","2023-06-05T20:01:00.000Z","2023-06-08T21:30:00.000Z","OUT","H","FUL","3.40","50.712000000000003","-120.340333","6668"
"2023-K60634","bc","PDT","2023-06-05T19:47:00.000Z","2023-06-08T21:00:00.000Z","OUT","H","FUL","7.62","50.239632999999998","-120.457633","6668"
"23SF-DITCH08","sk","CST","2023-06-08T17:53:20.000Z","2023-06-08T18:30:46.000Z","OUT","H","MOD","0.10","49.233758","-103.127245","6668"
"EWF-064-2023","ab","MST","2023-06-08T23:45:00.000Z","2023-06-08T18:30:00.000Z","OUT","H","FUL","0.01","53.944133","-116.604667","6668"
"102","qc","EST","2023-05-14T20:00:00.000Z","2023-06-08T18:28:49.000Z","OUT","H","FUL","0.00","48.9028","-68.6339","6668"
"2023-K20653","bc","PDT","2023-06-07T00:35:00.000Z","2023-06-08T18:01:00.000Z","OUT","N","FUL","0.01","50.958416999999997","-119.79255000000001","6668"
"57","qc","EST","2023-05-09T21:00:00.000Z","2023-06-08T17:56:03.000Z","OUT","H","FUL","0.00","48.4161","-68.2981","6668"
"FOR_FIRE_006","on","GMT","2023-06-07T14:09:00.000Z","2023-06-08T17:15:00.000Z","OUT","N","FUL","0.30","48.8106","-93.3261","6668"
"EWF-061-2023","ab","MST","2023-06-08T20:43:00.000Z","2023-06-08T16:50:00.000Z","OUT","N","FUL","0.01","53.555667","-115.690833","6668"
"EWF-060-2023","ab","MST","2023-06-08T18:35:00.000Z","2023-06-08T16:45:00.000Z","OUT","N","FUL","0.01","53.786717","-116.9871","6668"
"23HB-TROPH","sk","CST","2023-06-05T17:01:41.000Z","2023-06-08T16:35:38.000Z","OUT","N","MOD","1.70","53.3671","-102.939683","6668"
"2023-K50607","bc","PDT","2023-06-04T19:07:00.000Z","2023-06-08T16:30:00.000Z","OUT","H","FUL","0.01","49.777166999999999","-119.45545","6668"
"WWF-042-2023","ab","MST","2023-06-08T02:28:00.000Z","2023-06-08T16:28:00.000Z","OUT","N","FUL","0.10","54.541412","-115.607018","6668"
"23DN-RUSTY","sk","CST","2023-06-06T12:36:30.000Z","2023-06-08T15:36:56.000Z","OUT","N","MOD","0.10","54.4034","-108.745067","6668"
"GWF-020-2023","ab","MST","2023-05-05T20:53:00.000Z","2023-06-08T15:12:00.000Z","OUT","H","FUL","21.20","55.074133","-117.883083","6668"
"EA042","mb","CDT","2023-06-05T05:00:00.000Z","2023-06-08T14:53:00.000Z","OUT","N","FUL","0.20","51.55861","-95.81722","6668"
"EA047","mb","CDT","2023-06-06T05:00:00.000Z","2023-06-08T14:53:00.000Z","OUT","N","FUL","0.10","50.99000","-95.60889","6668"
"EA033","mb","CDT","2023-06-03T05:00:00.000Z","2023-06-08T14:53:00.000Z","OUT","N","FUL","3.00","52.14778","-96.62083","6668"
"EA030","mb","CDT","2023-06-03T05:00:00.000Z","2023-06-08T14:53:00.000Z","OUT","N","FUL","2.50","51.55778","-96.19056","6668"
"EA029","mb","CDT","2023-06-03T05:00:00.000Z","2023-06-08T14:53:00.000Z","OUT","N","FUL","1.00","52.29000","-96.91028","6668"
"HWF-060-2023","ab","MST","2023-06-07T19:04:00.000Z","2023-06-08T14:00:00.000Z","OUT","N","FUL","0.39","58.11","-119.783167","6668"
"TIM_FIRE_008","on","GMT","2023-06-05T19:50:00.000Z","2023-06-08T14:00:00.000Z","OUT","N","FUL","0.80","47.7665","-81.8454","6668"
"LWF-149-2023","ab","MST","2023-06-07T23:12:00.000Z","2023-06-08T12:00:00.000Z","OUT","N","FUL","0.08","54.733833","-114.05","6668"
"2023BA7","pc","MDT","2023-06-06T17:38:50.000Z","2023-06-08T07:00:00.000Z","OUT","U","FUL","0.00","51.1682","-115.4609","6668"
"2023-G30422","bc","PDT","2023-05-20T19:43:00.000Z","2023-06-08T04:30:00.000Z","OUT","N","FUL","0.01","52.462716999999998","-119.1203","6668"
"2023-G30551","bc","PDT","2023-06-01T02:36:00.000Z","2023-06-08T01:30:00.000Z","OUT","N","FUL","0.04","52.68","-119.070667","6668"
"2023-G90623","bc","PDT","2023-06-05T02:56:00.000Z","2023-06-08T01:30:00.000Z","OUT","N","FUL","0.01","58.830182999999998","-122.46729999999999","6668"
"KEN_FIRE_019","on","GMT","2023-06-06T21:32:00.000Z","2023-06-08T01:10:00.000Z","OUT","N","FUL","0.50","50.118","-94.4498","6668"
"2023-C10418","bc","PDT","2023-05-20T18:22:00.000Z","2023-06-08T00:00:00.000Z","OUT","N","FUL","0.01","53.037033000000001","-121.96125000000001","6668"
"2023-C50023","bc","PDT","2023-04-10T21:34:00.000Z","2023-06-08T00:00:00.000Z","OUT","H","FUL","10.40","52.033217","-123.1865","6668"
"2023-C50188","bc","PDT","2023-05-03T23:36:00.000Z","2023-06-08T00:00:00.000Z","OUT","H","FUL","0.09","52.459774000000003","-125.309551","6668"
"2023-C30401","bc","PDT","2023-05-19T21:39:00.000Z","2023-06-08T00:00:00.000Z","OUT","N","FUL","2.30","52.622799999999998","-121.647183","6668"
"SUD_FIRE_014","on","GMT","2023-06-03T19:08:00.000Z","2023-06-07T23:47:00.000Z","OUT","N","MON","14.80","46.5548","-81.8095","6668"
"2023-K40541","bc","PDT","2023-05-31T09:16:00.000Z","2023-06-07T23:30:00.000Z","OUT","H","FUL","4.27","50.460132999999999","-119.37861700000001","6668"
"2023-N60330","bc","PDT","2023-05-16T01:15:00.000Z","2023-06-07T22:01:00.000Z","OUT","N","FUL","0.10","49.034599999999998","-118.38601667","6668"
"2023-V80498","bc","PDT","2023-05-25T17:17:00.000Z","2023-06-07T21:30:00.000Z","OUT","H","FUL","0.01","49.661417","-125.158083","6668"
"WWF-041-2023","ab","MST","2023-06-07T22:14:00.000Z","2023-06-07T20:00:00.000Z","OUT","N","FUL","0.01","54.58273","-116.423932","6668"
"2023-V80494","bc","PDT","2023-05-23T22:57:00.000Z","2023-06-07T19:30:00.000Z","OUT","H","FUL","0.01","50.190300000000001","-125.2015","6668"
"RED_FIRE_023","on","GMT","2023-06-05T23:08:00.000Z","2023-06-07T19:30:00.000Z","OUT","N","FUL","1.70","52.8378","-94.5901","6668"
"HWF-063-2023","ab","MST","2023-06-07T20:59:00.000Z","2023-06-07T19:15:00.000Z","OUT","N","FUL","0.01","59.096117","-119.4167","6668"
"HWF-062-2023","ab","MST","2023-06-07T20:58:00.000Z","2023-06-07T19:15:00.000Z","OUT","N","FUL","0.01","59.095967","-119.4153","6668"
"2023-N10165","bc","PDT","2023-05-01T17:27:00.000Z","2023-06-07T19:00:00.000Z","OUT","H","FUL","0.10","49.142800000000001","-115.10078300000001","6668"
"EWF-059-2023","ab","MST","2023-06-07T21:15:00.000Z","2023-06-07T18:45:00.000Z","OUT","N","FUL","0.01","53.451833","-115.902567","6668"
"LWF-147-2023","ab","MST","2023-06-07T16:34:00.000Z","2023-06-07T18:04:00.000Z","OUT","N","FUL","0.01","55.046433","-111.318167","6668"
"HWF-061-2023","ab","MST","2023-06-07T19:46:00.000Z","2023-06-07T18:04:00.000Z","OUT","N","FUL","0.10","58.144383","-118.976967","6668"
"PWF-056-2023","ab","MST","2023-06-07T23:08:00.000Z","2023-06-07T17:41:00.000Z","OUT","H","FUL","0.01","57.119","-117.533817","6668"
"KEN_FIRE_017","on","GMT","2023-06-03T22:49:00.000Z","2023-06-07T17:30:00.000Z","OUT","N","FUL","1.70","50.0812","-93.7951","6668"
"RED_FIRE_020","on","GMT","2023-06-04T21:00:00.000Z","2023-06-07T15:50:00.000Z","OUT","N","FUL","4.00","51.7117","-92.9712","6668"
"EA035","mb","CDT","2023-06-03T05:00:00.000Z","2023-06-07T14:57:00.000Z","OUT","N","FUL","0.30","52.12583","-96.73056","6668"
"2023-G80619","bc","PDT","2023-06-05T01:03:00.000Z","2023-06-07T14:00:00.000Z","OUT","N","FUL","0.50","57.171166999999997","-120.810833","6668"
"2023-G80642","bc","PDT","2023-06-06T01:05:00.000Z","2023-06-07T13:30:00.000Z","OUT","N","FUL","0.01","57.047516999999999","-122.935683","6668"
"WWF-039-2023","ab","MST","2023-06-07T16:28:00.000Z","2023-06-07T11:05:00.000Z","OUT","N","FUL","0.01","54.522408","-115.485603","6668"
"2023KO1","pc","MDT","2023-05-18T18:55:12.000Z","2023-06-07T07:00:00.000Z","OUT","N","FUL","307.00","50.6743","-115.8377","6668"
"04-022-2023","ns","ADT","2023-06-07T06:34:22.000Z","2023-06-07T06:34:22.000Z","OUT","N","FUL","161.40","43.60990524","-65.75172424","6668"
"NIP_FIRE_005","on","GMT","2023-06-04T14:40:00.000Z","2023-06-07T00:00:00.000Z","OUT","N","FUL","1.00","49.1947","-87.5675","6668"
"2023-V30013","bc","PDT","2023-04-06T01:43:00.000Z","2023-06-07T00:00:00.000Z","OUT","H","FUL","0.70","50.261082999999999","-122.505708","6668"
"RED_FIRE_018","on","GMT","2023-06-04T18:55:00.000Z","2023-06-07T00:00:00.000Z","OUT","N","FUL","1.10","52.1819","-93.7628","6668"
"SUD_FIRE_011","on","GMT","2023-06-02T23:04:00.000Z","2023-06-06T23:26:00.000Z","OUT","N","MON","63.00","46.5852","-81.8167","6668"
"CHA_FIRE_007","on","GMT","2023-06-04T23:15:00.000Z","2023-06-06T22:30:00.000Z","OUT","N","FUL","1.00","48.1567","-83.611","6668"
"2023-K40591","bc","PDT","2023-06-03T23:44:00.000Z","2023-06-06T20:30:00.000Z","OUT","N","FUL","0.01","50.276133000000002","-118.2958","6668"
"THU_FIRE_010","on","GMT","2023-06-05T22:12:00.000Z","2023-06-06T20:30:00.000Z","OUT","N","FUL","0.20","50.7886","-88.4074","6668"
"01-027-2023","ns","ADT","2023-06-01T20:00:00.000Z","2023-06-06T19:00:00.000Z","OUT","N","FUL","0.01","44.25368118","-64.39394379","6668"
"SLK_FIRE_017","on","GMT","2023-06-06T15:25:00.000Z","2023-06-06T18:20:00.000Z","OUT","N","FUL","0.10","50.5522","-90.2817","6668"
"03-013-2023","ns","ADT","2023-05-29T19:00:00.000Z","2023-06-06T17:34:42.000Z","OUT","N","FUL","0.50","43.80817413","-65.26544189","6668"
"SWF-089-2023","ab","MST","2023-06-03T00:40:00.000Z","2023-06-06T17:00:00.000Z","OUT","U","FUL","0.50","56.608733","-114.2232","6668"
"RED_FIRE_017","on","GMT","2023-06-04T18:36:00.000Z","2023-06-06T15:20:00.000Z","OUT","N","FUL","1.00","51.1907","-92.3929","6668"
"EA032","mb","CDT","2023-06-03T05:00:00.000Z","2023-06-06T15:09:00.000Z","OUT","N","FUL","0.20","52.33417","-96.89417","6668"
"EA031","mb","CDT","2023-06-03T05:00:00.000Z","2023-06-06T15:09:00.000Z","OUT","N","MON","0.10","51.99667","-96.52000","6668"
"EA040","mb","CDT","2023-06-04T05:00:00.000Z","2023-06-06T15:09:00.000Z","OUT","N","MON","0.10","52.28778","-96.98667","6668"
"LWF-145-2023","ab","MST","2023-06-04T21:30:00.000Z","2023-06-06T14:45:00.000Z","OUT","H","FUL","0.01","54.926067","-112.546775","6668"
"23SF-DITCH07","sk","CST","2023-06-06T12:57:08.000Z","2023-06-06T14:08:52.000Z","OUT","H","MOD","1.00","50.463165","-106.093964","6668"
"61902","nb","ADT","2023-05-29T02:27:39.000Z","2023-06-06T10:08:00.000Z","OUT","U","FUL","40.00","45.62778","-65.91528","6668"
"62062","nb","ADT","2023-05-31T17:38:31.000Z","2023-06-06T08:16:00.000Z","OUT","U","FUL","4.00","46.53157","-64.95737","6668"
"HWF-059-2023","ab","MST","2023-06-06T13:08:00.000Z","2023-06-06T07:10:00.000Z","OUT","H","FUL","0.01","58.159133","-116.266533","6668"
"2023-G80613","bc","PDT","2023-06-04T23:52:00.000Z","2023-06-06T04:30:00.000Z","OUT","N","FUL","0.90","56.421832999999999","-122.177667","6668"
"2023-G80630","bc","PDT","2023-06-05T16:14:00.000Z","2023-06-06T02:30:00.000Z","OUT","N","FUL","0.20","57.575533","-120.53281699999999","6668"
"KEN_FIRE_018","on","GMT","2023-06-04T21:35:00.000Z","2023-06-06T01:40:00.000Z","OUT","N","FUL","0.50","49.9458","-94.3869","6668"
"NIP_FIRE_007","on","GMT","2023-06-04T21:05:00.000Z","2023-06-06T01:30:00.000Z","OUT","N","FUL","1.00","49.7713","-86.0825","6668"
"2023-G90631","bc","PDT","2023-06-05T17:14:00.000Z","2023-06-06T00:30:00.000Z","OUT","N","FUL","0.01","59.216217","-121.24375000000001","6668"
"FOR_FIRE_004","on","GMT","2023-06-03T22:25:00.000Z","2023-06-06T00:08:00.000Z","OUT","N","FUL","0.40","48.6193","-91.0575","6668"
"2023-C10439","bc","PDT","2023-05-21T00:16:00.000Z","2023-06-06T00:01:00.000Z","OUT","N","FUL","1.20","53.160966999999999","-123.387817","6668"
"SUD_FIRE_020","on","GMT","2023-06-04T20:40:00.000Z","2023-06-06T00:00:00.000Z","OUT","N","FUL","0.50","46.8214","-81.2045","6668"
"RED_FIRE_019","on","GMT","2023-06-04T20:22:00.000Z","2023-06-05T23:10:00.000Z","OUT","N","FUL","0.10","51.2626","-94.0526","6668"
"2023-C40409","bc","PDT","2023-05-20T01:41:00.000Z","2023-06-05T22:31:00.000Z","OUT","N","FUL","0.10","51.812950000000001","-121.34","6668"
"2023-C40345","bc","PDT","2023-05-17T00:14:00.000Z","2023-06-05T21:30:00.000Z","OUT","H","FUL","0.20","51.76455","-121.37996699999999","6668"
"PWF-053-2023","ab","MST","2023-06-06T01:39:00.000Z","2023-06-05T20:38:00.000Z","OUT","N","FUL","0.30","57.462883","-117.902533","6668"
"2023-G70583","bc","PDT","2023-06-03T21:29:00.000Z","2023-06-05T20:30:00.000Z","OUT","N","FUL","0.20","55.862133","-122.007583","6668"
"2023-C20371","bc","PDT","2023-05-19T01:43:00.000Z","2023-06-05T20:30:00.000Z","OUT","N","FUL","0.01","52.421332999999997","-122.064217","6668"
"LWF-146-2023","ab","MST","2023-06-06T00:51:00.000Z","2023-06-05T20:06:00.000Z","OUT","H","FUL","0.01","55.9205","-110.73545","6668"
"2023-C20426","bc","PDT","2023-05-20T20:50:00.000Z","2023-06-05T20:01:00.000Z","OUT","N","FUL","0.01","52.624282999999998","-122.13415000000001","6668"
"2023-N50311","bc","PDT","2023-05-14T21:57:00.000Z","2023-06-05T19:31:00.000Z","OUT","H","FUL","0.10","50.039299999999997","-117.900417","6668"
"FOR_FIRE_005","on","GMT","2023-06-05T15:50:00.000Z","2023-06-05T18:30:00.000Z","OUT","N","FUL","0.10","48.8179","-93.2758","6668"
"NIP_FIRE_008","on","GMT","2023-06-05T15:10:00.000Z","2023-06-05T18:30:00.000Z","OUT","N","FUL","0.10","49.5952","-87.2289","6668"
"GWF-037-2023","ab","MST","2023-06-05T01:30:00.000Z","2023-06-05T18:20:00.000Z","OUT","N","FUL","0.01","55.670333","-119.4135","6668"
"23WY-MEYAK","sk","CST","2023-05-07T14:47:25.000Z","2023-06-05T17:56:56.000Z","OUT","H","FUL","1570.00","54.82195","-105.7656","6668"
"TIM_FIRE_006","on","GMT","2023-05-31T21:06:00.000Z","2023-06-05T17:30:00.000Z","OUT","H","FUL","8.50","48.4509","-81.5335","6668"
"EWF-058-2023","ab","MST","2023-06-05T20:47:00.000Z","2023-06-05T16:50:00.000Z","OUT","N","FUL","0.08","53.137267","-116.473733","6668"
"2023-K20006","bc","PDT","2023-04-04T21:25:00.000Z","2023-06-05T16:30:00.000Z","OUT","H","FUL","16.03","50.56506667","-121.29665","6668"
"EA025","mb","CDT","2023-05-28T05:00:00.000Z","2023-06-05T15:10:00.000Z","OUT","H","FUL","22.00","51.97972","-96.81389","6668"
"HWF-057-2023","ab","MST","2023-06-05T01:08:00.000Z","2023-06-05T15:05:00.000Z","OUT","N","FUL","0.32","58.131333","-118.3725","6668"
"SLK_FIRE_015","on","GMT","2023-06-04T01:20:00.000Z","2023-06-05T14:00:00.000Z","OUT","N","FUL","0.30","53.2098","-89.9751","6668"
"WWF-036-2023","ab","MST","2023-05-30T23:42:00.000Z","2023-06-05T13:00:00.000Z","OUT","N","FUL","0.02","54.332958","-116.004357","6668"
"WWF-038-2023","ab","MST","2023-06-05T01:45:00.000Z","2023-06-05T12:25:00.000Z","OUT","N","FUL","0.05","54.196738","-116.203314","6668"
"HWF-055-2023","ab","MST","2023-05-31T16:15:00.000Z","2023-06-05T12:01:00.000Z","OUT","H","FUL","0.01","58.017188","-116.506436","6668"
"62202","nb","ADT","2023-06-02T16:06:08.000Z","2023-06-05T08:36:00.000Z","OUT","U","FUL","0.10","46.51585","-67.74707","6668"
"61886","nb","ADT","2023-05-28T22:27:53.000Z","2023-06-05T08:34:00.000Z","OUT","U","FUL","32.00","46.12582","-65.99117","6668"
"61982","nb","ADT","2023-05-30T07:06:34.000Z","2023-06-05T08:07:00.000Z","OUT","U","FUL","0.10","46.41343","-67.46727","6668"
"2023-G90532","bc","PDT","2023-05-30T16:52:00.000Z","2023-06-05T03:30:00.000Z","OUT","N","FUL","0.13","59.487333","-123.5605","6668"
"2023-G80609","bc","PDT","2023-06-04T22:29:00.000Z","2023-06-05T02:00:00.000Z","OUT","H","FUL","0.01","56.532832999999997","-121.759333","6668"
"NOR_FIRE_004","on","GMT","2023-06-03T21:17:00.000Z","2023-06-04T23:20:00.000Z","OUT","N","FUL","0.30","47.1065","-80.3249","6668"
"EWF-057-2023","ab","MST","2023-06-05T02:08:00.000Z","2023-06-04T22:22:00.000Z","OUT","N","FUL","0.01","53.303833","-117.01545","6668"
"EWF-056-2023","ab","MST","2023-06-05T00:46:00.000Z","2023-06-04T21:08:00.000Z","OUT","N","FUL","0.04","53.944383","-117.019883","6668"
"KLK_FIRE_003","on","GMT","2023-06-01T16:20:00.000Z","2023-06-04T21:05:00.000Z","OUT","H","FUL","2.00","48.3277","-80.3031","6668"
"RED_FIRE_015","on","GMT","2023-06-04T14:36:00.000Z","2023-06-04T21:00:00.000Z","OUT","N","FUL","0.10","51.4044","-93.7439","6668"
"RED_FIRE_014","on","GMT","2023-06-03T22:41:00.000Z","2023-06-04T20:48:00.000Z","OUT","N","FUL","0.10","52.1937","-94.015","6668"
"CHA_FIRE_004","on","GMT","2023-06-02T19:10:00.000Z","2023-06-04T20:30:00.000Z","OUT","N","FUL","0.60","47.61","-82.3122","6668"
"EWF-055-2023","ab","MST","2023-06-05T00:16:00.000Z","2023-06-04T20:27:00.000Z","OUT","N","FUL","0.01","53.2352","-117.1503","6668"
"SWF-092-2023","ab","MST","2023-06-05T01:57:00.000Z","2023-06-04T20:15:00.000Z","OUT","H","FUL","0.02","55.94835","-113.920433","6668"
"SWF-091-2023","ab","MST","2023-06-04T23:37:00.000Z","2023-06-04T19:21:00.000Z","OUT","N","FUL","0.01","54.881173","-116.692059","6668"
"RED_FIRE_016","on","GMT","2023-06-04T14:39:00.000Z","2023-06-04T19:16:00.000Z","OUT","N","FUL","0.10","51.4142","-93.7541","6668"
"SUD_FIRE_007","on","GMT","2023-06-02T21:57:00.000Z","2023-06-04T19:00:00.000Z","OUT","N","FUL","0.30","46.7917","-81.3645","6668"
"SUD_FIRE_008","on","GMT","2023-06-02T22:45:00.000Z","2023-06-04T18:00:00.000Z","OUT","N","FUL","0.30","46.3926","-81.6447","6668"
"RED_FIRE_008","on","GMT","2023-05-31T12:00:00.000Z","2023-06-04T17:30:00.000Z","OUT","N","FUL","3.60","51.5706","-93.8938","6668"
"EWF-054-2023","ab","MST","2023-06-03T21:13:00.000Z","2023-06-04T17:30:00.000Z","OUT","N","FUL","0.90","53.82475","-116.866717","6668"
"EA027","mb","CDT","2023-05-29T05:00:00.000Z","2023-06-04T17:05:00.000Z","OUT","H","FUL","19.20","51.54194","-98.62889","6668"
"SUD_FIRE_012","on","GMT","2023-06-02T23:21:00.000Z","2023-06-04T17:00:00.000Z","OUT","N","FUL","0.10","46.7315","-82.0463","6668"
"62123","nb","ADT","2023-06-01T17:47:33.000Z","2023-06-04T16:48:00.000Z","OUT","U","FUL","2.00","46.37468","-65.32207","6668"
"62126","nb","ADT","2023-06-01T19:09:05.000Z","2023-06-04T16:44:00.000Z","OUT","U","FUL","1.00","46.429","-65.1525","6668"
"SLK_FIRE_014","on","GMT","2023-06-03T00:58:00.000Z","2023-06-04T16:30:00.000Z","OUT","N","FUL","0.50","50.5031","-90.3368","6668"
"GWF-036-2023","ab","MST","2023-06-04T21:57:00.000Z","2023-06-04T16:00:00.000Z","OUT","H","FUL","0.01","55.497117","-119.47405","6668"
"COC_FIRE_004","on","GMT","2023-06-01T20:01:00.000Z","2023-06-04T16:00:00.000Z","OUT","N","FUL","4.80","48.9577","-80.9569","6668"
"NIP_FIRE_006","on","GMT","2023-06-03T14:00:00.000Z","2023-06-04T16:00:00.000Z","OUT","N","FUL","0.10","52.948","-87.3787","6668"
"EA024","mb","CDT","2023-05-26T05:00:00.000Z","2023-06-04T15:29:00.000Z","OUT","H","FUL","18.10","50.39944","-95.75333","6668"
"NIP_FIRE_004","on","GMT","2023-06-03T20:30:00.000Z","2023-06-04T15:10:00.000Z","OUT","N","FUL","0.10","49.1341","-87.623","6668"
"CWF-020-2023","ab","MST","2023-06-04T18:56:00.000Z","2023-06-04T15:00:00.000Z","OUT","H","FUL","0.01","50.965467","-115.091917","6668"
"RED_FIRE_011","on","GMT","2023-06-03T18:56:00.000Z","2023-06-04T14:17:00.000Z","OUT","N","FUL","0.10","51.3621","-93.7432","6668"
"61887","nb","ADT","2023-05-28T22:47:20.000Z","2023-06-04T14:00:00.000Z","OUT","U","FUL","32.00","45.66217","-66.58708","6668"
"MWF-028-2023","ab","MST","2023-06-01T19:30:00.000Z","2023-06-04T14:00:00.000Z","OUT","N","FUL","4.40","57.084667","-112.474283","6668"
"THU_FIRE_007","on","GMT","2023-06-02T23:03:00.000Z","2023-06-04T13:45:00.000Z","OUT","N","FUL","0.70","50.4498","-89.927","6668"
"THU_FIRE_008","on","GMT","2023-06-03T22:40:00.000Z","2023-06-04T12:30:00.000Z","OUT","N","FUL","0.10","49.0737","-89.9898","6668"
"62143","nb","ADT","2023-06-01T21:53:34.000Z","2023-06-04T08:12:00.000Z","OUT","U","FUL","0.50","46.7765","-66.59517","6668"
"2023BA6","pc","MDT","2023-06-04T22:22:45.000Z","2023-06-04T07:00:00.000Z","OUT","H","FUL","0.00","51.151","-115.6848","6668"
"2023JA4","pc","MDT","2023-06-04T06:13:16.000Z","2023-06-04T07:00:00.000Z","OUT","U","FUL","0.00","52.8783","-118.0743","6668"
"2023JA5","pc","MDT","2023-06-04T06:17:37.000Z","2023-06-04T07:00:00.000Z","OUT","H","FUL","1.70","52.7986","-118.0343","6668"
"RED_FIRE_012","on","GMT","2023-06-03T21:50:00.000Z","2023-06-04T00:00:00.000Z","OUT","N","FUL","0.10","51.9495","-93.8596","6668"
"CHA_FIRE_005","on","GMT","2023-06-03T21:47:00.000Z","2023-06-04T00:00:00.000Z","OUT","N","FUL","0.10","47.5535","-82.3565","6668"
"SUD_FIRE_006","on","GMT","2023-06-02T21:21:00.000Z","2023-06-03T23:45:00.000Z","OUT","N","FUL","0.30","46.7018","-81.5981","6668"
"2023-G30570","bc","PDT","2023-06-02T22:51:00.000Z","2023-06-03T23:30:00.000Z","OUT","H","FUL","0.50","52.859682999999997","-118.560417","6668"
"09-016-2023","ns","ADT","2023-05-28T20:00:00.000Z","2023-06-03T20:31:40.000Z","OUT","N","FUL","0.80","44.78126526","-63.65370941","6668"
"06-013-2023","ns","ADT","2023-06-03T20:00:00.000Z","2023-06-03T20:11:07.000Z","OUT","N","FUL","0.20","44.97473145","-65.21067810","6668"
"DRY_FIRE_006","on","GMT","2023-06-01T18:54:00.000Z","2023-06-03T18:30:00.000Z","OUT","H","FUL","0.90","49.3305","-91.3765","6668"
"RED_FIRE_009","on","GMT","2023-06-01T23:01:00.000Z","2023-06-03T17:15:00.000Z","OUT","N","FUL","0.60","51.1986","-92.6786","6668"
"APK_FIRE_004","on","GMT","2023-06-02T20:59:00.000Z","2023-06-03T16:13:00.000Z","OUT","N","FUL","0.10","45.7988","-78.2957","6668"
"APK_FIRE_005","on","GMT","2023-06-02T21:07:00.000Z","2023-06-03T16:13:00.000Z","OUT","N","FUL","0.10","45.791","-78.31","6668"
"NO012","mb","CDT","2023-05-30T05:00:00.000Z","2023-06-03T16:11:00.000Z","OUT","H","FUL","0.10","56.51833","-94.12389","6668"
"SUD_FIRE_009","on","GMT","2023-06-02T22:53:00.000Z","2023-06-03T15:30:00.000Z","OUT","N","FUL","0.10","45.9956","-81.2117","6668"
"WWF-037-2023","ab","MST","2023-06-03T18:10:00.000Z","2023-06-03T15:05:00.000Z","OUT","H","FUL","0.08","54.207245","-116.766587","6668"
"LWF-106-2023","ab","MST","2023-05-10T21:09:00.000Z","2023-06-03T15:00:00.000Z","OUT","N","FUL","2.10","55.928706","-112.434684","6668"
"PAR_FIRE_007","on","GMT","2023-06-02T23:50:00.000Z","2023-06-03T14:42:00.000Z","OUT","N","FUL","0.10","45.209","-79.8391","6668"
"APK_FIRE_003","on","GMT","2023-06-02T20:50:00.000Z","2023-06-03T14:00:00.000Z","OUT","N","FUL","0.10","45.8109","-78.3061","6668"
"RED_FIRE_010","on","GMT","2023-06-02T23:05:00.000Z","2023-06-03T13:30:00.000Z","OUT","N","FUL","0.10","51.6197","-93.1131","6668"
"KLK_FIRE_002","on","GMT","2023-05-31T21:48:00.000Z","2023-06-03T13:30:00.000Z","OUT","H","FUL","2.00","48.1428","-80.226","6668"
"CWF-021-2023","ab","MST","2023-06-03T18:20:00.000Z","2023-06-03T12:25:00.000Z","OUT","H","FUL","0.01","51.279","-115.148","6668"
"WAW_FIRE_005","on","GMT","2023-06-02T20:48:00.000Z","2023-06-03T12:00:00.000Z","OUT","H","FUL","0.10","48.6839","-85.5106","6668"
"62142","nb","ADT","2023-06-01T21:29:57.000Z","2023-06-03T11:42:00.000Z","OUT","U","FUL","1.30","46.79565","-65.34508","6668"
"61864","nb","ADT","2023-05-28T16:44:00.000Z","2023-06-03T09:00:00.000Z","OUT","U","FUL","3.50","46.64948","-65.81522","6668"
"62162","nb","ADT","2023-06-02T09:07:34.000Z","2023-06-03T08:36:00.000Z","OUT","U","FUL","0.10","46.22322","-65.98628","6668"
"SWF-090-2023","ab","MST","2023-06-03T11:15:00.000Z","2023-06-03T06:30:00.000Z","OUT","H","FUL","0.10","55.95805","-113.9157","6668"
"HEA_FIRE_003","on","GMT","2023-06-01T20:04:00.000Z","2023-06-03T00:52:00.000Z","OUT","N","FUL","0.70","49.6014","-83.5154","6668"
"WAW_FIRE_006","on","GMT","2023-06-02T22:33:00.000Z","2023-06-02T23:03:00.000Z","OUT","N","FUL","0.10","47.4874","-84.8076","6668"
"2023-K20063","bc","PDT","2023-04-19T23:00:00.000Z","2023-06-02T23:00:00.000Z","OUT","H","FUL","0.90","50.677799999999998","-120.35036667","6668"
"2023-K20029","bc","PDT","2023-04-14T21:24:00.000Z","2023-06-02T23:00:00.000Z","OUT","H","FUL","3.13","50.661099999999998","-120.54000000000001","6668"
"2023-K20012","bc","PDT","2023-04-05T23:10:00.000Z","2023-06-02T23:00:00.000Z","OUT","H","FUL","0.50","51.002116999999998","-120.221717","6668"
"SUD_FIRE_005","on","GMT","2023-05-31T22:41:00.000Z","2023-06-02T21:30:00.000Z","OUT","H","FUL","1.00","46.4995","-81.1139","6668"
"2023-V70546","bc","PDT","2023-05-31T21:56:00.000Z","2023-06-02T21:00:00.000Z","OUT","H","FUL","0.04","48.787100000000002","-125.173616","6668"
"09-017-2023","ns","ADT","2023-06-02T19:00:00.000Z","2023-06-02T21:00:00.000Z","OUT","N","FUL","0.01","44.62461090","-63.65443420","6668"
"SLK_FIRE_013","on","GMT","2023-06-02T18:38:00.000Z","2023-06-02T21:00:00.000Z","OUT","N","FUL","0.10","50.0476","-91.8469","6668"
"2023-G60301","bc","PDT","2023-05-14T03:32:00.000Z","2023-06-02T20:30:00.000Z","OUT","N","FUL","2.00","54.993633000000003","-123.72716699999999","6668"
"62122","nb","ADT","2023-06-01T17:41:20.000Z","2023-06-02T19:40:00.000Z","OUT","U","FUL","0.10","46.3297","-65.60725","6668"
"DRY_FIRE_005","on","GMT","2023-05-27T22:38:00.000Z","2023-06-02T19:10:00.000Z","OUT","H","FUL","8.90","49.9852","-93.1537","6668"
"62203","nb","ADT","2023-06-02T17:30:31.000Z","2023-06-02T16:15:00.000Z","OUT","U","FUL","0.10","46.12162","-66.68753","6668"
"01-026-2023","ns","ADT","2023-05-28T20:00:00.000Z","2023-06-02T16:03:13.000Z","OUT","N","FUL","0.20","44.44513321","-64.38618469","6668"
"EA028","mb","CDT","2023-05-31T05:00:00.000Z","2023-06-02T14:45:00.000Z","OUT","H","FUL","0.10","49.80167","-95.18361","6668"
"EA022","mb","CDT","2023-05-25T05:00:00.000Z","2023-06-02T14:45:00.000Z","OUT","H","FUL","2.20","50.62500","-96.45389","6668"
"WAW_FIRE_004","on","GMT","2023-06-01T21:13:00.000Z","2023-06-02T14:30:00.000Z","OUT","N","FUL","0.10","49.1531","-85.7774","6668"
"KLK_FIRE_004","on","GMT","2023-06-01T22:54:00.000Z","2023-06-02T14:00:00.000Z","OUT","N","FUL","0.10","48.5589","-80.1592","6668"
"327","qc","EDT","2000-01-01T05:00:00.000Z","2023-06-02T13:51:46.000Z","OC","N","FUL","30.00","46.9528","-74.2703","6668"
"LWF-144-2023","ab","MST","2023-06-01T20:45:00.000Z","2023-06-02T13:05:00.000Z","OUT","N","FUL","0.10","54.856217","-112.763667","6668"
"LWF-142-2023","ab","MST","2023-05-30T21:11:00.000Z","2023-06-02T12:09:00.000Z","OUT","H","FUL","0.10","55.27984","-113.23274","6668"
"62102","nb","ADT","2023-06-01T14:49:27.000Z","2023-06-02T09:00:00.000Z","OUT","U","FUL","0.10","45.90118","-64.62868","6668"
"62182","nb","ADT","2023-06-02T09:37:14.000Z","2023-06-02T08:30:00.000Z","OUT","U","FUL","0.10","47.74162","-64.63203","6668"
"CHA_FIRE_002","on","GMT","2023-06-01T19:01:00.000Z","2023-06-02T01:00:00.000Z","OUT","N","FUL","0.10","47.7806","-83.3088","6668"
"2023-G80173","bc","PDT","2023-05-03T00:33:00.000Z","2023-06-01T23:30:00.000Z","OUT","H","FUL","4.00","56.933967000000003","-120.97795000000001","6668"
"09-014-2023","ns","ADT","2023-06-01T20:00:00.000Z","2023-06-01T22:19:39.000Z","OUT","N","FUL","0.06","44.80675507","-63.59123993","6668"
"09-015-2023","ns","ADT","2023-06-01T20:00:00.000Z","2023-06-01T22:18:35.000Z","OUT","N","FUL","0.45","44.62134933","-63.62488556","6668"
"2023-G80122","bc","PDT","2023-04-29T02:53:00.000Z","2023-06-01T22:00:00.000Z","OUT","H","FUL","154.00","56.710732999999998","-121.06953300000001","6668"
"2023-G70110","bc","PDT","2023-04-28T21:39:00.000Z","2023-06-01T22:00:00.000Z","OUT","H","FUL","2.00","55.752066999999997","-120.47884999999999","6668"
"2023-N70284","bc","PDT","2023-05-13T16:46:00.000Z","2023-06-01T21:30:00.000Z","OUT","H","FUL","0.01","49.6629","-116.80115000000001","6668"
"62082","nb","ADT","2023-06-01T08:25:08.000Z","2023-06-01T21:00:00.000Z","OUT","U","FUL","0.10","46.73412","-65.81757","6668"
"07-015-2023","ns","ADT","2023-05-31T20:00:00.000Z","2023-06-01T20:58:45.000Z","OUT","N","FUL","0.01","45.07327652","-64.69518280","6668"
"06-012-2023","ns","ADT","2023-06-01T19:47:05.000Z","2023-06-01T20:47:39.000Z","OUT","N","FUL","0.01","44.90895462","-65.21799469","6668"
"01-024-2023","ns","ADT","2023-05-28T20:00:00.000Z","2023-06-01T20:32:34.000Z","OUT","N","FUL","0.20","44.50694275","-64.30695343","6668"
"2023-K50484","bc","PDT","2023-05-22T03:42:00.000Z","2023-06-01T20:30:00.000Z","OUT","N","FUL","0.01","49.457883000000002","-119.689967","6668"
"MWF-029-2023","ab","MST","2023-06-02T01:55:00.000Z","2023-06-01T20:03:00.000Z","OUT","H","FUL","0.01","56.428333","-111.33045","6668"
"GWF-034-2023","ab","MST","2023-06-01T22:54:00.000Z","2023-06-01T19:11:00.000Z","OUT","H","FUL","1.00","55.056665","-118.729748","6668"
"62125","nb","ADT","2023-06-01T18:50:25.000Z","2023-06-01T19:01:00.000Z","OUT","U","FUL","0.10","47.07558","-67.60653","6668"
"GWF-023-2023","ab","MST","2023-05-06T21:14:00.000Z","2023-06-01T19:00:00.000Z","UC","U","FUL","3851.00","55.157413","-117.330653","6668"
"17-001-2023","ns","ADT","2023-06-21T20:00:00.000Z","2023-06-01T19:00:00.000Z","OUT","N","FUL","0.01","46.10874176","-60.92490387","6668"
"10-011-2023","ns","ADT","2023-06-01T19:00:00.000Z","2023-06-01T19:00:00.000Z","OUT","N","FUL","0.60","45.62096024","-63.65851212","6668"
"2023-R50524","bc","PDT","2023-05-29T02:10:00.000Z","2023-06-01T19:00:00.000Z","OUT","H","FUL","0.83","54.748449999999998","-128.77253300000001","6668"
"SLK_FIRE_011","on","GMT","2023-05-31T01:00:00.000Z","2023-06-01T19:00:00.000Z","OUT","N","FUL","0.30","52.2709","-90.7495","6668"
"GWF-017-2023","ab","MST","2023-05-05T18:04:00.000Z","2023-06-01T18:58:00.000Z","UC","U","FUL","5478.53","55.066576","-117.391322","6668"
"62124","nb","ADT","2023-06-01T18:22:12.000Z","2023-06-01T18:28:00.000Z","OUT","U","FUL","0.10","45.94878","-67.40818","6668"
"PWF-038-2023","ab","MST","2023-05-06T05:24:00.000Z","2023-06-01T18:00:02.000Z","UC","U","FUL","6534.00","56.386752","-116.809335","6668"
"SLK_FIRE_012","on","GMT","2023-06-01T00:39:00.000Z","2023-06-01T17:30:00.000Z","OUT","N","FUL","0.10","51.0113","-90.2607","6668"
"MWF-022-2023","ab","MST","2023-05-28T01:53:00.000Z","2023-06-01T16:50:31.000Z","OUT","N","FUL","1552.00","57.7063","-113.125317","6668"
"LWF-141-2023","ab","MST","2023-05-30T19:22:00.000Z","2023-06-01T16:15:06.000Z","OUT","N","FUL","0.30","55.110833","-113.189167","6668"
"CWF-016-2023","ab","MST","2023-05-20T22:20:00.000Z","2023-06-01T15:30:00.000Z","OUT","H","FUL","0.01","51.223033","-114.85285","6668"
"MWF-027-2023","ab","MST","2023-05-30T23:13:00.000Z","2023-06-01T15:00:00.000Z","OUT","N","FUL","0.04","59.670333","-111.427167","6668"
"WE014","mb","CDT","2023-05-29T05:00:00.000Z","2023-06-01T14:44:00.000Z","OUT","H","FUL","0.10","54.60472","-101.14417","6668"
"SUD_FIRE_004","on","GMT","2023-05-28T18:38:00.000Z","2023-06-01T13:45:00.000Z","OUT","H","FUL","5.00","46.1992","-80.7207","6668"
"23SF-DITCH06","sk","CST","2023-06-01T13:18:28.000Z","2023-06-01T13:32:39.000Z","OUT","H","MOD","0.10","51.042893","-106.459796","6668"
"TIM_FIRE_005","on","GMT","2023-05-28T19:54:00.000Z","2023-06-01T13:30:00.000Z","OUT","H","FUL","2.00","47.3713","-81.5479","6668"
"61962","nb","ADT","2023-05-29T20:06:48.000Z","2023-06-01T13:24:00.000Z","OUT","U","FUL","0.70","45.93333","-67.58532","6668"
"LWF-134-2023","ab","MST","2023-05-28T21:19:00.000Z","2023-06-01T13:01:00.000Z","OUT","N","FUL","0.84","55.022833","-110.641333","6668"
"HWF-053-2023","ab","MST","2023-05-30T01:24:00.000Z","2023-06-01T13:00:00.000Z","OUT","H","FUL","0.69","58.3365","-115.899417","6668"
"WWF-031-2023","ab","MST","2023-05-22T14:45:00.000Z","2023-06-01T12:50:00.000Z","OUT","N","FUL","0.03","54.340062","-115.698807","6668"
"LWF-143-2023","ab","MST","2023-06-01T17:00:00.000Z","2023-06-01T11:10:00.000Z","OUT","H","FUL","0.10","55.677267","-111.1078","6668"
"61942","nb","ADT","2023-05-29T16:32:15.000Z","2023-06-01T09:30:00.000Z","OUT","U","FUL","0.80","46.59017","-65.04617","6668"
"61922","nb","ADT","2023-05-29T10:35:46.000Z","2023-06-01T09:00:00.000Z","OUT","U","FUL","0.50","46.57133","-64.98988","6668"
"62042","nb","ADT","2023-05-31T10:16:08.000Z","2023-06-01T08:59:00.000Z","OUT","U","FUL","0.10","45.9772","-64.66787","6668"
"2023JA3","pc","MDT","2023-06-02T01:16:39.000Z","2023-06-01T07:00:00.000Z","OUT","H","FUL","0.05","53.0231","-118.0857","6668"
"2023BA5","pc","MDT","2023-06-02T01:47:34.000Z","2023-06-01T07:00:00.000Z","OUT","U","FUL","0.00","51.1763","-115.6362","6668"
"06-011-2023","ns","ADT","2023-05-31T23:00:00.000Z","2023-06-01T05:31:08.000Z","OUT","N","FUL","0.05","44.93024445","-65.28164673","6668"
"2023-G30550","bc","PDT","2023-06-01T01:45:00.000Z","2023-06-01T05:30:00.000Z","OUT","H","FUL","0.01","53.655450000000002","-120.82599999999999","6668"
"2023TN1","pc","NDT","2023-06-02T00:22:16.000Z","2023-06-01T03:30:52.000Z","OUT","U","FUL","0.00","48.649","-53.9602","6668"
"01-023-2023","ns","ADT","2023-05-18T20:00:00.000Z","2023-06-01T03:03:55.000Z","OUT","N","FUL","0.03","44.55650711","-64.32022858","6668"
"14-006-2023","ns","ADT","2023-05-31T23:00:00.000Z","2023-06-01T03:00:00.000Z","OUT","N","FUL","0.27","45.28751373","-62.08914948","6668"
"THU_FIRE_006","on","GMT","2023-05-31T23:21:00.000Z","2023-06-01T00:41:00.000Z","OUT","N","FUL","0.10","50.2282","-88.8036","6668"
"2023-G80051","bc","PDT","2023-04-16T22:36:00.000Z","2023-06-01T00:00:00.000Z","OUT","H","FUL","0.20","56.387549999999997","-121.230583","6668"
"2023-K40455","bc","PDT","2023-05-21T01:49:00.000Z","2023-06-01T00:00:00.000Z","OUT","N","FUL","0.01","50.896616999999999","-118.75794999999999","6668"
"2023-K40424","bc","PDT","2023-05-19T17:43:00.000Z","2023-06-01T00:00:00.000Z","OUT","N","FUL","0.01","50.929633000000003","-118.738917","6668"
"2023-K40419","bc","PDT","2023-05-20T19:18:00.000Z","2023-06-01T00:00:00.000Z","OUT","N","FUL","0.40","51.340533000000001","-118.69801699999999","6668"
"2023-G50540","bc","PDT","2023-05-31T01:02:00.000Z","2023-06-01T00:00:00.000Z","OUT","H","FUL","0.50","55.122399999999999","-125.83353332999999","6668"
"2023-K40402","bc","PDT","2023-05-19T21:40:00.000Z","2023-05-31T23:30:00.000Z","OUT","N","FUL","0.01","50.928216999999997","-118.708333","6668"
"10-010-2023","ns","ADT","2023-05-30T20:00:00.000Z","2023-05-31T23:23:04.000Z","OUT","N","FUL","0.47","45.77276230","-63.78227615","6668"
"CHA_FIRE_001","on","GMT","2023-05-29T15:35:00.000Z","2023-05-31T22:30:00.000Z","OUT","H","FUL","2.30","47.7964","-83.2654","6668"
"2023-G30078","bc","PDT","2023-04-23T02:03:00.000Z","2023-05-31T22:00:00.000Z","OUT","H","FUL","0.20","53.604067000000001","-120.70825000000001","6668"
"2023-K50276","bc","PDT","2023-05-12T22:27:00.000Z","2023-05-31T21:01:00.000Z","OUT","H","FUL","0.01","49.834133000000001","-119.792517","6668"
"KLK_FIRE_001","on","GMT","2023-05-30T22:14:00.000Z","2023-05-31T20:31:00.000Z","OUT","H","FUL","0.30","48.3345","-80.249","6668"
"DRY_FIRE_003","on","GMT","2023-05-26T22:57:00.000Z","2023-05-31T20:00:00.000Z","OUT","H","FUL","1.60","49.6525","-93.2354","6668"
"08-017-2023","ns","ADT","2023-05-29T20:00:00.000Z","2023-05-31T19:23:57.000Z","OUT","N","FUL","0.78","45.12902069","-63.61254120","6668"
"09-013-2023","ns","ADT","2023-05-30T20:00:00.000Z","2023-05-31T19:03:35.000Z","OUT","N","FUL","7.21","44.72922134","-63.72248840","6668"
"2023-K50186","bc","PDT","2023-05-03T22:58:00.000Z","2023-05-31T19:01:00.000Z","OUT","N","FUL","0.01","49.254783000000003","-119.58655","6668"
"61842","nb","ADT","2023-05-27T17:00:46.000Z","2023-05-31T18:36:00.000Z","OUT","U","FUL","4.80","46.04653","-66.02328","6668"
"2023-K50387","bc","PDT","2023-05-19T06:22:00.000Z","2023-05-31T17:00:00.000Z","OUT","N","FUL","0.01","49.760717","-119.60505000000001","6668"
"SLK_FIRE_009","on","GMT","2023-05-31T00:17:00.000Z","2023-05-31T17:00:00.000Z","OUT","N","FUL","0.10","52.3433","-90.6151","6668"
"61963","nb","ADT","2023-05-29T22:34:10.000Z","2023-05-31T16:48:00.000Z","OUT","U","FUL","0.30","46.25093","-65.68888","6668"
"KEN_FIRE_013","on","GMT","2023-05-26T23:19:00.000Z","2023-05-31T15:30:00.000Z","OUT","H","FUL","0.30","50.1884","-94.9304","6668"
"WE013","mb","CDT","2023-05-25T05:00:00.000Z","2023-05-31T14:47:00.000Z","OUT","H","FUL","1.00","49.69167","-99.20583","6668"
"LWF-136-2023","ab","MST","2023-05-29T02:05:00.000Z","2023-05-31T13:50:00.000Z","OUT","H","FUL","0.10","55.8935","-110.814383","6668"
"FOR_FIRE_003","on","GMT","2023-05-30T21:19:00.000Z","2023-05-31T13:30:00.000Z","OUT","N","FUL","0.10","48.8736","-93.5584","6668"
"LWF-133-2023","ab","MST","2023-05-27T19:45:00.000Z","2023-05-31T13:16:51.000Z","OUT","H","FUL","0.49","55.729808","-110.979653","6668"
"LWF-140-2023","ab","MST","2023-05-30T18:03:00.000Z","2023-05-31T12:46:51.000Z","OUT","N","FUL","0.16","55.646301","-112.250185","6668"
"LWF-139-2023","ab","MST","2023-05-29T22:42:00.000Z","2023-05-31T11:33:07.000Z","OUT","N","FUL","0.20","55.345217","-111.253817","6668"
"SWF-006-2023","ab","MST","2023-04-16T22:20:00.000Z","2023-05-31T11:05:00.000Z","OUT","H","FUL","2.00","55.672667","-116.405117","6668"
"62022","nb","ADT","2023-05-31T06:03:23.000Z","2023-05-31T10:00:00.000Z","OUT","U","FUL","0.10","47.66845","-67.46043","6668"
"LWF-135-2023","ab","MST","2023-05-29T01:40:00.000Z","2023-05-31T09:53:31.000Z","OUT","H","FUL","0.10","55.102783","-112.49725","6668"
"61888","nb","ADT","2023-05-28T23:31:37.000Z","2023-05-31T09:36:00.000Z","OUT","U","FUL","3.10","45.80787","-65.81812","6668"
"62043","nb","ADT","2023-05-31T10:23:10.000Z","2023-05-31T09:00:00.000Z","OUT","U","FUL","0.10","47.64957","-67.35019","6668"
"62002","nb","ADT","2023-05-30T14:21:06.000Z","2023-05-31T09:00:00.000Z","OUT","U","FUL","0.10","46.04135","-64.78767","6668"
"2023PR2","pc","PDT","2023-06-01T00:35:41.000Z","2023-05-31T08:00:00.000Z","OUT","U","FUL","0.04","48.7877","-125.1731","6668"
"HWF-054-2023","ab","MST","2023-05-31T06:10:00.000Z","2023-05-31T01:52:00.000Z","OUT","H","FUL","0.04","58.6938","-118.712217","6668"
"2023-G70124","bc","PDT","2023-04-29T05:31:00.000Z","2023-05-30T23:30:00.000Z","OUT","H","FUL","120.00","55.835417","-121.84786699999999","6668"
"KEN_FIRE_016","on","GMT","2023-05-30T21:40:00.000Z","2023-05-30T22:35:00.000Z","OUT","N","FUL","0.10","49.7398","-93.9369","6668"
"2023-G10137","bc","PDT","2023-04-29T23:31:00.000Z","2023-05-30T22:00:00.000Z","OUT","H","FUL","0.62","54.089416999999997","-122.58586699999999","6668"
"RED_FIRE_003","on","GMT","2023-05-24T20:27:00.000Z","2023-05-30T22:00:00.000Z","OUT","H","FUL","9.90","51.0156","-92.3415","6668"
"2023-K40529","bc","PDT","2023-05-30T00:38:00.000Z","2023-05-30T21:30:00.000Z","OUT","H","FUL","0.01","50.197082999999999","-119.174083","6668"
"2023-N60465","bc","PDT","2023-05-21T18:10:00.000Z","2023-05-30T20:30:00.000Z","OUT","N","FUL","3.30","49.317166999999998","-118.92186700000001","6668"
"61883","nb","ADT","2023-05-28T19:45:33.000Z","2023-05-30T20:00:00.000Z","OUT","U","FUL","0.30","46.45293","-66.46098","6668"
"2023-V70525","bc","PDT","2023-05-29T17:16:00.000Z","2023-05-30T20:00:00.000Z","OUT","H","FUL","0.01","49.292516999999997","-125.2701","6668"
"01-022-2023","ns","ADT","2023-05-28T20:00:00.000Z","2023-05-30T20:00:00.000Z","OUT","N","FUL","7.20","44.55828857","-64.33602142","6668"
"01-025-2023","ns","ADT","2023-05-29T20:00:00.000Z","2023-05-30T20:00:00.000Z","OUT","N","FUL","0.04","44.55164719","-64.22780609","6668"
"PAR_FIRE_006","on","GMT","2023-05-30T14:55:00.000Z","2023-05-30T20:00:00.000Z","OUT","H","FUL","0.30","45.2064","-79.5846","6668"
"GWF-033-2023","ab","MST","2023-05-31T01:45:00.000Z","2023-05-30T19:50:00.000Z","OUT","H","FUL","0.01","55.21625","-117.961417","6668"
"KEN_FIRE_015","on","GMT","2023-05-29T19:05:00.000Z","2023-05-30T19:35:00.000Z","OUT","H","FUL","0.10","50.1415","-93.2168","6668"
"2023-V50296","bc","PDT","2023-05-14T00:33:00.000Z","2023-05-30T19:30:00.000Z","OUT","H","FUL","0.10","50.560116999999998","-124.05838300000001","6668"
"196","qc","EDT","2000-01-01T05:00:00.000Z","2023-05-30T19:08:33.000Z","BH","U","FUL","8.20","48.2961","-72.0186","6668"
"2023-N20403","bc","PDT","2023-05-19T21:42:00.000Z","2023-05-30T19:00:00.000Z","OUT","N","FUL","0.42","50.149217","-115.855367","6668"
"07-014-2023","ns","ADT","2023-05-29T21:00:00.000Z","2023-05-30T18:59:21.000Z","OUT","N","FUL","0.09","45.07290649","-64.64009857","6668"
"05-010-2023","ns","ADT","2023-05-29T20:00:00.000Z","2023-05-30T18:39:18.000Z","OUT","N","FUL","0.01","44.43857193","-66.13458252","6668"
"23BR-FROG","sk","CST","2023-05-29T13:36:01.000Z","2023-05-30T17:26:15.000Z","OUT","N","FUL","0.10","53.529417","-108.234883","6668"
"05-009-2023","ns","ADT","2023-05-29T21:00:00.000Z","2023-05-30T16:13:09.000Z","OUT","N","FUL","2.32","44.40816498","-65.85904694","6668"
"14-005-2023","ns","ADT","2023-05-30T00:00:00.000Z","2023-05-30T16:05:23.000Z","OUT","N","FUL","1.10","45.20379639","-61.63889313","6668"
"61862","nb","ADT","2023-05-28T15:26:14.000Z","2023-05-30T15:30:00.000Z","OUT","U","FUL","1.50","47.44017","-64.97638","6668"
"EA026","mb","CDT","2023-05-28T05:00:00.000Z","2023-05-30T14:41:00.000Z","OUT","H","FUL","2.50","50.57556","-96.24111","6668"
"PAR_FIRE_005","on","GMT","2023-05-28T21:22:00.000Z","2023-05-30T13:30:00.000Z","OUT","H","FUL","0.40","45.9684","-80.5175","6668"
"62243","nb","ADT","2023-06-08T13:08:41.000Z","2023-05-30T12:00:00.000Z","OUT","U","FUL","0.10","46.03153","-65.90417","6668"
"61885","nb","ADT","2023-05-28T21:58:07.000Z","2023-05-30T11:00:00.000Z","OUT","U","FUL","0.30","45.71437","-66.66847","6668"
"EWF-053-2023","ab","MST","2023-05-30T00:05:00.000Z","2023-05-30T09:46:00.000Z","OUT","N","FUL","0.18","53.5028","-116.7968","6668"
"61923","nb","ADT","2023-05-29T10:52:24.000Z","2023-05-30T08:35:00.000Z","OUT","U","FUL","0.10","46.40462","-64.81927","6668"
"01-021-2023","ns","ADT","2023-05-29T23:00:00.000Z","2023-05-30T00:49:15.000Z","OUT","N","FUL","0.02","44.47689056","-64.51154327","6668"
"01-020-2023","ns","ADT","2023-05-29T22:00:00.000Z","2023-05-29T23:49:45.000Z","OUT","N","FUL","0.01","44.30211258","-64.39127350","6668"
"02-009-2023","ns","ADT","2023-05-28T20:00:00.000Z","2023-05-29T23:10:42.000Z","OUT","N","FUL","0.50","44.19542313","-64.84098816","6668"
"2023-N50518","bc","PDT","2023-05-28T22:21:00.000Z","2023-05-29T23:01:00.000Z","OUT","N","FUL","0.01","49.372317000000002","-117.575017","6668"
"2023-K70407","bc","PDT","2023-05-20T00:33:00.000Z","2023-05-29T23:01:00.000Z","OUT","H","FUL","0.40","50.604799999999997","-121.842533","6668"
"2023-G80295","bc","PDT","2023-05-14T00:21:00.000Z","2023-05-29T22:01:00.000Z","OUT","H","FUL","0.76","56.515967000000003","-122.24815","6668"
"NOR_FIRE_003","on","GMT","2023-05-27T20:03:00.000Z","2023-05-29T22:00:00.000Z","OUT","H","FUL","0.70","46.4196","-79.911","6668"
"RED_FIRE_007","on","GMT","2023-05-28T23:17:00.000Z","2023-05-29T22:00:00.000Z","OUT","H","FUL","0.10","51.8105","-93.9918","6668"
"2023-V80514","bc","PDT","2023-05-28T03:42:00.000Z","2023-05-29T21:01:00.000Z","OUT","H","FUL","0.01","49.593800000000002","-126.62903300000001","6668"
"08-015-2023","ns","ADT","2023-05-28T20:00:00.000Z","2023-05-29T20:54:19.000Z","OUT","N","FUL","0.44","45.04402542","-64.18662262","6668"
"NIP_FIRE_001","on","GMT","2023-05-29T19:30:00.000Z","2023-05-29T20:05:00.000Z","OUT","H","FUL","0.10","48.8378","-87.5103","6668"
"08-016-2023","ns","ADT","2023-05-29T00:00:00.000Z","2023-05-29T19:53:17.000Z","OUT","N","FUL","0.57","44.92644882","-63.93170166","6668"
"23SR-SINGER","sk","CST","2023-05-23T10:56:04.000Z","2023-05-29T19:26:14.000Z","OUT","N","MOD","88.50","59.884889","-108.940589","6668"
"KEN_FIRE_014","on","GMT","2023-05-28T19:49:00.000Z","2023-05-29T19:20:00.000Z","OUT","H","FUL","0.20","49.7724","-94.6107","6668"
"07-013-2023","ns","ADT","2023-05-28T20:00:00.000Z","2023-05-29T18:18:49.000Z","OUT","N","FUL","0.10","44.99879456","-64.28778076","6668"
"09-012-2023","ns","ADT","2023-05-28T20:00:00.000Z","2023-05-29T18:17:36.000Z","OUT","N","FUL","0.37","44.65155411","-63.40940094","6668"
"16-008-2023","ns","ADT","2023-05-28T19:00:00.000Z","2023-05-29T18:16:25.000Z","OUT","N","FUL","0.03","46.04726791","-61.27673340","6668"
"4","qc","EST","2023-04-12T23:20:00.000Z","2023-05-29T18:13:18.000Z","OUT","H","FUL","0.30","45.9447","-75.9653","6668"
"2023-G40506","bc","PDT","2023-05-27T19:27:00.000Z","2023-05-29T18:01:00.000Z","OUT","H","FUL","0.50","53.998117000000001","-124.410833","6668"
"NOR_FIRE_002","on","GMT","2023-05-26T20:40:00.000Z","2023-05-29T18:00:00.000Z","OUT","H","FUL","4.50","46.4497","-79.4799","6668"
"23DN-LLIR10","sk","CST","2023-05-29T04:16:32.000Z","2023-05-29T17:02:28.000Z","OUT","H","MOD","0.20","54.033767","-109.165717","6668"
"28","qc","EST","2023-05-06T20:00:00.000Z","2023-05-29T16:48:45.000Z","OUT","H","FUL","26.90","48.0281","-66.68","6668"
"EWF-052-2023","ab","MST","2023-05-29T16:35:00.000Z","2023-05-29T16:00:00.000Z","OUT","N","FUL","0.01","53.4017","-115.162217","6668"
"WWF-035-2023","ab","MST","2023-05-29T21:46:00.000Z","2023-05-29T15:47:00.000Z","OUT","H","FUL","0.01","54.271015","-115.706925","6668"
"APK_FIRE_002","on","GMT","2023-05-28T19:38:00.000Z","2023-05-29T15:11:00.000Z","OUT","H","FUL","0.20","45.5491","-78.4203","6668"
"23BR-SKPWR01","sk","CST","2023-05-28T11:00:33.000Z","2023-05-29T15:04:03.000Z","OUT","H","MOD","0.10","53.746867","-107.7293","6668"
"RED_FIRE_006","on","GMT","2023-05-26T15:37:00.000Z","2023-05-29T15:00:00.000Z","OUT","H","FUL","0.80","51.8181","-93.8366","6668"
"GWF-031-2023","ab","MST","2023-05-22T03:40:00.000Z","2023-05-29T13:30:00.000Z","OUT","N","FUL","0.30","55.350571","-117.11932","6668"
"EWF-051-2023","ab","MST","2023-05-29T01:09:00.000Z","2023-05-29T13:23:00.000Z","OUT","N","FUL","0.50","53.512117","-115.48875","6668"
"62242","nb","ADT","2023-06-08T12:58:38.000Z","2023-05-29T13:01:00.000Z","OUT","U","FUL","0.10","46.07735","-65.88378","6668"
"THU_FIRE_005","on","GMT","2023-05-29T00:25:00.000Z","2023-05-29T12:00:00.000Z","OUT","N","FUL","0.10","48.3511","-88.8903","6668"
"62003","nb","ADT","2023-05-30T14:43:04.000Z","2023-05-29T09:00:00.000Z","OUT","U","FUL","0.10","47.838","-66.88572","6668"
"12-013-2023","ns","ADT","2023-05-28T20:00:00.000Z","2023-05-29T07:00:00.000Z","OUT","N","FUL","0.33","45.46358871","-62.64668655","6668"
"RED_FIRE_004","on","GMT","2023-05-24T22:59:00.000Z","2023-05-29T01:37:00.000Z","OUT","H","FUL","1.90","51.223","-93.0997","6668"
"LWF-137-2023","ab","MST","2023-05-29T05:55:00.000Z","2023-05-29T00:30:00.000Z","OUT","H","FUL","0.30","55.932831","-110.730933","6668"
"HEA_FIRE_002","on","GMT","2023-05-27T18:13:00.000Z","2023-05-28T23:00:00.000Z","OUT","H","FUL","0.60","49.8249","-83.7231","6668"
"06-010-2023","ns","ADT","2023-05-27T22:00:00.000Z","2023-05-28T21:18:02.000Z","OUT","N","FUL","0.19","44.43727493","-65.19346619","6668"
"08-014-2023","ns","ADT","2023-05-27T20:00:00.000Z","2023-05-28T20:30:00.000Z","OUT","N","FUL","0.80","45.01051331","-63.77468491","6668"
"SUD_FIRE_003","on","GMT","2023-05-27T17:24:00.000Z","2023-05-28T20:15:00.000Z","OUT","H","FUL","0.50","46.6893","-81.042","6668"
"09-011-2023","ns","ADT","2023-05-28T20:00:00.000Z","2023-05-28T20:00:00.000Z","OUT","N","FUL","969.53","44.72334671","-63.87653351","6668"
"PAR_FIRE_004","on","GMT","2023-05-27T19:37:00.000Z","2023-05-28T19:50:00.000Z","OUT","H","FUL","0.20","44.9868","-79.9368","6668"
"23LX-PINE","sk","CST","2023-05-12T12:21:25.000Z","2023-05-28T19:34:34.000Z","OUT","H","FUL","4.00","55.473833","-106.597833","6668"
"61865","nb","ADT","2023-05-28T16:45:39.000Z","2023-05-28T17:24:00.000Z","OUT","U","FUL","0.10","47.48915","-68.14507","6668"
"SWF-088-2023","ab","MST","2023-05-28T22:54:00.000Z","2023-05-28T17:15:00.000Z","OUT","H","FUL","0.01","56.4379","-115.32515","6668"
"RWF-053-2023","ab","MST","2023-05-28T21:50:00.000Z","2023-05-28T17:05:00.000Z","OUT","N","FUL","0.10","52.652833","-114.771","6668"
"61866","nb","ADT","2023-05-28T17:00:10.000Z","2023-05-28T17:00:00.000Z","OUT","U","FUL","0.20","47.31918","-68.14845","6668"
"HWF-042-2023","ab","MST","2023-05-06T18:53:00.000Z","2023-05-28T15:49:00.000Z","OUT","H","FUL","181.80","58.420217","-116.123117","6668"
"61863","nb","ADT","2023-05-28T16:16:40.000Z","2023-05-28T15:40:00.000Z","OUT","U","FUL","0.10","46.80365","-66.64995","6668"
"GWF-032-2023","ab","MST","2023-05-28T20:36:00.000Z","2023-05-28T15:20:00.000Z","OUT","H","FUL","0.01","55.345417","-117.052517","6668"
"EA016","mb","CDT","2023-05-15T05:00:00.000Z","2023-05-28T15:00:00.000Z","OUT","H","FUL","36.30","51.98222","-99.60778","6668"
"WAW_FIRE_001","on","GMT","2023-05-25T21:24:00.000Z","2023-05-28T12:45:00.000Z","OUT","H","FUL","1.20","48.6876","-85.721","6668"
"2023-V10512","bc","PDT","2023-05-28T01:40:00.000Z","2023-05-28T06:00:00.000Z","OUT","H","FUL","0.01","49.069966999999998","-121.721","6668"
"11-008-2023","ns","ADT","2023-05-29T20:00:00.000Z","2023-05-28T02:07:00.000Z","OUT","N","FUL","0.14","45.41587448","-63.30349731","6668"
"01-019-2023","ns","ADT","2023-05-27T22:00:00.000Z","2023-05-28T00:00:00.000Z","OUT","N","FUL","0.34","44.30671310","-64.52090454","6668"
"2023-G30425","bc","PDT","2023-05-20T20:16:00.000Z","2023-05-27T23:30:00.000Z","OUT","N","FUL","0.50","52.145133000000001","-119.183283","6668"
"FOR_FIRE_002","on","GMT","2023-05-26T22:52:00.000Z","2023-05-27T23:00:00.000Z","OUT","N","FUL","0.60","48.722","-91.0958","6668"
"03-010-2023","ns","ADT","2023-05-27T20:00:00.000Z","2023-05-27T22:00:00.000Z","OUT","N","FUL","23379.22","43.62857819","-65.58327484","6668"
"2023-R90373","bc","PDT","2023-05-19T03:16:00.000Z","2023-05-27T21:30:00.000Z","OUT","H","MOD","0.10","57.839117000000002","-131.390717","6668"
"KEN_FIRE_012","on","GMT","2023-05-26T21:42:00.000Z","2023-05-27T21:00:00.000Z","OUT","H","FUL","0.30","49.9799","-94.6797","6668"
"09-010-2023","ns","ADT","2023-05-27T19:00:00.000Z","2023-05-27T20:00:00.000Z","OUT","N","FUL","0.01","45.02770233","-63.29742050","6668"
"DRY_FIRE_004","on","GMT","2023-05-27T17:51:00.000Z","2023-05-27T19:51:00.000Z","OUT","H","FUL","0.10","49.6892","-92.7648","6668"
"RED_FIRE_002","on","GMT","2023-05-20T22:32:00.000Z","2023-05-27T18:30:00.000Z","OUT","H","FUL","0.10","52.481","-92.9953","6668"
"THU_FIRE_004","on","GMT","2023-05-26T23:56:00.000Z","2023-05-27T17:50:00.000Z","OUT","H","FUL","0.50","48.7229","-88.6017","6668"
"SAU_FIRE_002","on","GMT","2023-05-26T21:30:00.000Z","2023-05-27T17:30:00.000Z","OUT","H","FUL","0.10","46.7185","-84.3463","6668"
"WE010","mb","CDT","2023-05-19T05:00:00.000Z","2023-05-27T14:08:00.000Z","OUT","H","FUL","10.00","53.71694","-100.32472","6668"
"GWF-022-2023","ab","MST","2023-05-06T20:41:00.000Z","2023-05-27T09:42:00.000Z","OUT","H","FUL","15.40","54.840422","-118.95621","6668"
"2023GI1","pc","EDT","2023-05-27T21:12:55.000Z","2023-05-27T05:00:00.000Z","OUT","H","FUL","0.00","48.7354","-123.3705","6668"
"12-012-2023","ns","ADT","2023-05-25T19:00:00.000Z","2023-05-27T04:24:37.000Z","OUT","N","FUL","0.08","45.51902771","-62.74399185","6668"
"07-012-2023","ns","ADT","2023-05-20T05:00:00.000Z","2023-05-27T01:30:22.000Z","OUT","N","FUL","0.01","45.00048447","-64.29562378","6668"
"2023-K20474","bc","PDT","2023-05-21T18:34:00.000Z","2023-05-27T00:00:00.000Z","OUT","N","FUL","0.10","51.650382999999998","-119.5188","6668"
"2023-G30379","bc","PDT","2023-05-19T04:19:00.000Z","2023-05-26T23:30:00.000Z","OUT","N","FUL","0.20","53.037883000000001","-119.276483","6668"
"2023-C30362","bc","PDT","2023-05-18T19:52:00.000Z","2023-05-26T23:00:00.000Z","OUT","H","FUL","0.01","52.294383000000003","-121.443133","6668"
"2023XY010","yt","PDT","2023-05-26T21:31:00.000Z","2023-05-26T21:50:00.000Z","OUT","N","FUL","0.00","60.28333","-135.41667","6668"
"2023-G40503","bc","PDT","2023-05-26T18:19:00.000Z","2023-05-26T20:00:00.000Z","OUT","H","FUL","0.01","54.003833","-124.442033","6668"
"KEN_FIRE_011","on","GMT","2023-05-26T00:00:00.000Z","2023-05-26T18:30:00.000Z","OUT","H","FUL","0.10","49.7178","-94.5201","6668"
"2023-R10502","bc","PDT","2023-05-25T23:01:00.000Z","2023-05-26T18:30:00.000Z","OUT","H","FUL","0.01","54.19135","-125.5591","6668"
"23DN-WHIR07","sk","CST","2023-05-13T13:21:08.000Z","2023-05-26T17:10:44.000Z","OUT","H","MOD","8.00","54.486833","-108.397217","6668"
"2023WL001","yt","PDT","2023-05-12T18:27:00.000Z","2023-05-26T16:57:00.000Z","OUT","N","FUL","0.01","60.06278","-128.80233","6668"
"61802","nb","ADT","2023-05-24T16:58:32.000Z","2023-05-26T16:05:00.000Z","OUT","U","FUL","1.00","46.04107","-65.57487","6668"
"LWF-040-2023","ab","MST","2023-04-23T21:26:00.000Z","2023-05-26T15:55:04.000Z","OUT","H","FUL","150.00","55.94405","-110.735717","6668"
"SLK_FIRE_005","on","GMT","2023-05-25T19:46:00.000Z","2023-05-26T15:00:00.000Z","OUT","H","FUL","0.20","50.4916","-92.293","6668"
"WE012","mb","CDT","2023-05-24T05:00:00.000Z","2023-05-26T14:27:00.000Z","OUT","H","FUL","0.10","52.73417","-100.70083","6668"
"WWF-034-2023","ab","MST","2023-05-23T14:33:00.000Z","2023-05-26T14:00:00.000Z","OUT","N","FUL","0.02","54.077417","-115.62045","6668"
"2023-G70356","bc","PDT","2023-05-17T23:47:00.000Z","2023-05-26T00:00:00.000Z","OUT","H","FUL","1.40","56.100499999999997","-120.859717","6668"
"2023-N50398","bc","PDT","2023-05-19T20:49:00.000Z","2023-05-26T00:00:00.000Z","OUT","N","FUL","0.01","49.964033000000001","-117.3515","6668"
"SLK_FIRE_006","on","GMT","2023-05-25T22:30:00.000Z","2023-05-25T23:30:00.000Z","OUT","H","FUL","0.10","51.2192","-90.2127","6668"
"2023-V70463","bc","PDT","2023-05-21T16:45:00.000Z","2023-05-25T23:00:00.000Z","OUT","H","FUL","0.01","49.223083330000001","-124.20353333","6668"
"2023-V60282","bc","PDT","2023-05-13T02:59:00.000Z","2023-05-25T22:00:00.000Z","OUT","H","FUL","0.70","48.609082999999998","-124.430133","6668"
"12-011-2023","ns","ADT","2023-05-24T19:00:00.000Z","2023-05-25T21:29:07.000Z","OUT","N","FUL","0.66","45.54698944","-62.78801346","6668"
"PAR_FIRE_003","on","GMT","2023-05-23T18:47:00.000Z","2023-05-25T20:30:00.000Z","OUT","H","FUL","5.90","45.759","-80.5096","6668"
"KEN_FIRE_010","on","GMT","2023-05-25T20:10:00.000Z","2023-05-25T20:25:00.000Z","OUT","H","FUL","0.10","49.815","-94.247","6668"
"12-010-2023","ns","ADT","2023-05-24T19:00:00.000Z","2023-05-25T19:00:00.000Z","OUT","N","FUL","3.79","45.51760101","-62.53816223","6668"
"LWF-038-2023","ab","MST","2023-04-23T18:13:00.000Z","2023-05-25T17:00:00.000Z","OUT","H","FUL","56.70","55.904833","-110.765883","6668"
"SWF-083-2023","ab","MST","2023-05-15T19:39:00.000Z","2023-05-25T16:45:00.000Z","OUT","N","FUL","42.50","56.119858","-114.550332","6668"
"SWF-072-2023","ab","MST","2023-05-08T22:25:00.000Z","2023-05-25T16:28:00.000Z","OUT","H","FUL","0.01","55.296002","-116.670694","6668"
"23BN-GEDAK","sk","CST","2023-05-24T17:05:18.000Z","2023-05-25T16:26:31.000Z","OUT","H","MOD","0.90","57.728125","-109.41493","6668"
"23BN-BNIR01","sk","CST","2023-05-24T17:13:44.000Z","2023-05-25T16:20:22.000Z","OUT","H","MOD","0.10","56.464933","-108.67395","6668"
"PWF-045-2023","ab","MST","2023-05-14T19:01:00.000Z","2023-05-25T16:18:00.000Z","OUT","H","FUL","4.19","57.626127","-117.442238","6668"
"WE011","mb","CDT","2023-05-23T05:00:00.000Z","2023-05-25T15:06:00.000Z","OUT","H","FUL","0.10","53.87417","-99.99000","6668"
"KEN_FIRE_009","on","GMT","2023-05-25T01:04:00.000Z","2023-05-25T15:00:00.000Z","OUT","H","FUL","0.10","49.7453","-94.348","6668"
"SLK_FIRE_003","on","GMT","2023-05-15T22:04:00.000Z","2023-05-25T13:15:00.000Z","OUT","H","FUL","25.00","50.3894","-91.2869","6668"
"LWF-129-2023","ab","MST","2023-05-21T22:19:00.000Z","2023-05-25T12:38:00.000Z","OUT","H","FUL","0.01","55.93515","-110.718783","6668"
"GWF-016-2023","ab","MST","2023-05-04T00:13:00.000Z","2023-05-25T12:10:00.000Z","OUT","H","FUL","3.00","55.79099","-119.192325","6668"
"23CIFFC-R055","sk","CST","2023-05-19T14:06:28.000Z","2023-05-25T10:05:39.000Z","OUT","N","FUL","0.00","55.142354","-105.268541","6668"
"61782","nb","ADT","2023-05-24T14:42:32.000Z","2023-05-25T09:39:00.000Z","OUT","U","FUL","0.30","46.65044","-65.81465","6668"
"12-009-2023","ns","ADT","2023-05-24T22:00:00.000Z","2023-05-25T05:54:29.000Z","OUT","N","FUL","1.16","45.43334961","-62.42174911","6668"
"2023-G70226","bc","PDT","2023-05-05T23:49:00.000Z","2023-05-25T01:00:00.000Z","OUT","H","FUL","3.40","56.082883000000002","-120.70795","6668"
"2023-K60347","bc","PDT","2023-05-17T02:36:00.000Z","2023-05-25T00:30:00.000Z","OUT","N","FUL","0.01","49.465466999999997","-120.556033","6668"
"2023-G70189","bc","PDT","2023-05-03T23:49:00.000Z","2023-05-24T23:30:00.000Z","OUT","H","FUL","63.00","55.883082999999999","-120.24468299999999","6668"
"2023-G40218","bc","PDT","2023-05-05T21:07:00.000Z","2023-05-24T23:30:00.000Z","OUT","H","FUL","0.20","53.996467000000003","-123.81914999999999","6668"
"2023-K20400","bc","PDT","2023-05-19T21:29:00.000Z","2023-05-24T23:00:00.000Z","OUT","H","FUL","0.80","50.867800000000003","-119.96811700000001","6668"
"2023-G10470","bc","PDT","2023-05-21T20:45:00.000Z","2023-05-24T22:30:00.000Z","OUT","N","FUL","0.01","54.872450000000001","-122.289033","6668"
"10-009-2023","ns","ADT","2023-05-24T19:00:00.000Z","2023-05-24T22:09:00.000Z","OUT","N","FUL","0.94","45.64135742","-64.04643250","6668"
"2023-V70496","bc","PDT","2023-05-24T05:35:00.000Z","2023-05-24T22:01:00.000Z","OUT","H","FUL","0.01","49.260449999999999","-124.76858300000001","6668"
"2023-V10417","bc","PDT","2023-05-20T17:45:00.000Z","2023-05-24T22:01:00.000Z","OUT","H","FUL","0.01","49.571300000000001","-121.811167","6668"
"61822","nb","ADT","2023-05-24T19:26:14.000Z","2023-05-24T19:38:00.000Z","OUT","U","FUL","0.10","45.68875","-66.81797","6668"
"2023-N50196","bc","PDT","2023-05-04T01:25:00.000Z","2023-05-24T19:30:00.000Z","OUT","H","FUL","3.50","49.418950000000002","-117.608333","6668"
"23LX-ERFN03","sk","CST","2023-05-14T13:56:17.000Z","2023-05-24T19:13:49.000Z","OUT","H","MOD","0.40","55.184227","-107.58208","6668"
"MWF-020-2023","ab","MST","2023-05-25T00:39:00.000Z","2023-05-24T18:49:00.000Z","OUT","H","FUL","0.01","56.4417","-111.177083","6668"
"23LX-VEDETTE","sk","CST","2023-05-11T17:31:44.000Z","2023-05-24T18:46:02.000Z","OUT","N","MOD","85148.10","56.3283","-106.763367","6668"
"01-018-2023","ns","ADT","2023-05-24T00:00:00.000Z","2023-05-24T18:31:48.000Z","OUT","N","FUL","0.10","44.30916977","-64.59107208","6668"
"PWF-033-2023","ab","MST","2023-05-05T19:19:00.000Z","2023-05-24T16:58:00.000Z","OUT","H","FUL","9.28","56.252648","-118.203382","6668"
"PWF-022-2023","ab","MST","2023-05-01T23:09:00.000Z","2023-05-24T16:30:25.000Z","OUT","H","FUL","0.03","57.7035","-117.950333","6668"
"2023-R30467","bc","PDT","2023-05-21T19:15:00.000Z","2023-05-24T16:30:00.000Z","OUT","H","FUL","1.50","54.585466670000002","-126.87778333","6668"
"WE007","mb","CDT","2023-05-14T05:00:00.000Z","2023-05-24T15:44:00.000Z","OUT","H","FUL","163.00","52.09528","-100.24583","6668"
"15-014-2023","ns","ADT","2023-05-20T19:00:00.000Z","2023-05-24T15:24:09.000Z","OUT","N","FUL","0.04","46.27755737","-60.31184006","6668"
"15-013-2023","ns","ADT","2023-05-19T19:00:00.000Z","2023-05-24T15:22:47.000Z","OUT","N","FUL","0.14","46.18736267","-60.02005005","6668"
"15-012-2023","ns","ADT","2023-05-19T07:00:00.000Z","2023-05-24T15:21:43.000Z","OUT","N","FUL","0.03","46.07353592","-60.24122620","6668"
"MWF-013-2023","ab","MST","2023-05-09T20:47:00.000Z","2023-05-24T15:15:00.000Z","OUT","N","FUL","0.53","57.241017","-112.033067","6668"
"GWF-011-2023","ab","MST","2023-04-30T00:56:00.000Z","2023-05-24T15:06:00.000Z","OUT","H","FUL","0.80","54.77695","-118.701067","6668"
"PWF-029-2023","ab","MST","2023-05-05T03:06:00.000Z","2023-05-24T14:55:24.000Z","OUT","H","FUL","0.30","56.378667","-119.315667","6668"
"NO011","mb","CDT","2023-05-21T05:00:00.000Z","2023-05-24T14:22:00.000Z","OUT","H","FUL","0.10","54.10361","-97.65806","6668"
"WWF-021-2023","ab","MST","2023-05-04T17:09:00.000Z","2023-05-24T14:14:00.000Z","OUT","N","FUL","0.02","54.602112","-116.283807","6668"
"PWF-043-2023","ab","MST","2023-05-12T00:45:00.000Z","2023-05-24T14:08:00.000Z","OUT","H","FUL","0.53","57.1668","-117.235467","6668"
"23SF-DITCH05","sk","CST","2023-05-24T13:05:47.000Z","2023-05-24T13:32:09.000Z","OUT","H","MOD","1.00","49.667647","-102.872718","6668"
"LWF-132-2023","ab","MST","2023-05-22T23:52:00.000Z","2023-05-24T13:30:00.000Z","OUT","H","FUL","0.45","54.91325","-111.938383","6668"
"WWF-020-2023","ab","MST","2023-05-04T16:57:00.000Z","2023-05-24T13:30:00.000Z","OUT","N","FUL","0.02","54.597988","-116.385117","6668"
"61783","nb","ADT","2023-05-24T14:48:43.000Z","2023-05-24T13:30:00.000Z","OUT","U","FUL","0.10","46.06028","-66.47693","6668"
"WWF-033-2023","ab","MST","2023-05-22T20:41:00.000Z","2023-05-24T12:15:00.000Z","OUT","N","FUL","0.13","54.211002","-117.430115","6668"
"CWF-019-2023","ab","MST","2023-05-24T18:01:00.000Z","2023-05-24T12:09:00.000Z","OUT","H","FUL","0.01","51.2663","-114.967333","6668"
"GWF-014-2023","ab","MST","2023-04-30T23:50:00.000Z","2023-05-24T11:45:00.000Z","OUT","H","FUL","15.23","55.865915","-119.286613","6668"
"2023-C40197","bc","PDT","2023-05-04T01:34:00.000Z","2023-05-24T02:00:00.000Z","OUT","N","FUL","53.00","51.285449999999997","-122.006767","6668"
"2023-K60343","bc","PDT","2023-05-16T23:37:00.000Z","2023-05-24T00:30:00.000Z","OUT","H","FUL","0.01","50.032966999999999","-120.870583","6668"
"2023-K40450","bc","PDT","2023-05-21T02:14:00.000Z","2023-05-24T00:00:00.000Z","OUT","N","FUL","0.02","51.328533","-118.688367","6668"
"2023-K20444","bc","PDT","2023-05-21T00:57:00.000Z","2023-05-24T00:00:00.000Z","OUT","N","FUL","0.15","50.621000000000002","-120.193","6668"
"2023-G80267","bc","PDT","2023-05-11T18:36:00.000Z","2023-05-23T23:01:00.000Z","OUT","H","FUL","0.87","56.527917000000002","-121.8935","6668"
"2023-G30360","bc","PDT","2023-05-18T04:06:00.000Z","2023-05-23T22:02:00.000Z","OUT","N","FUL","0.01","52.821866999999997","-119.361783","6668"
"2023-K20270","bc","PDT","2023-05-11T21:58:00.000Z","2023-05-23T20:01:00.000Z","OUT","H","FUL","0.01","50.863950000000003","-119.962717","6668"
"PMD-002-2023","ab","MST","2023-05-02T00:18:00.000Z","2023-05-23T19:00:01.000Z","OUT","N","FUL","2.50","56.157948","-118.105632","6668"
"06-009-2023","ns","ADT","2023-05-19T19:00:00.000Z","2023-05-23T19:00:00.000Z","OUT","N","FUL","0.01","44.59074402","-65.10192108","6668"
"10-008-2023","ns","ADT","2023-05-20T19:00:00.000Z","2023-05-23T19:00:00.000Z","OUT","N","FUL","0.18","45.40051270","-63.72533417","6668"
"09-009-2023","ns","ADT","2023-05-23T19:00:00.000Z","2023-05-23T19:00:00.000Z","OUT","N","FUL","0.56","44.61648560","-63.43849182","6668"
"04-021-2023","ns","ADT","2023-05-18T19:00:00.000Z","2023-05-23T19:00:00.000Z","OUT","N","FUL","0.01","43.66075516","-65.73727417","6668"
"14-003-2023","ns","ADT","2023-05-18T19:00:00.000Z","2023-05-23T19:00:00.000Z","OUT","N","FUL","0.01","45.28747177","-62.08941650","6668"
"PWF-028-2023","ab","MST","2023-05-05T02:00:00.000Z","2023-05-23T18:15:00.000Z","OUT","H","FUL","0.80","56.476883","-116.41275","6668"
"2023-G40299","bc","PDT","2023-05-14T01:32:00.000Z","2023-05-23T18:01:00.000Z","OUT","H","FUL","0.20","53.984366999999999","-123.824967","6668"
"WWF-029-2023","ab","MST","2023-05-15T20:24:00.000Z","2023-05-23T17:05:00.000Z","OUT","N","FUL","0.26","54.160432","-115.319443","6668"
"SLK_FIRE_004","on","GMT","2023-05-22T21:23:00.000Z","2023-05-23T16:44:00.000Z","OUT","H","FUL","0.10","53.4517","-89.1421","6668"
"14-004-2023","ns","ADT","2023-05-19T19:00:00.000Z","2023-05-23T16:18:25.000Z","OUT","N","FUL","0.01","45.37997055","-62.05628204","6668"
"GWF-003-2023","ab","MST","2023-04-20T21:39:00.000Z","2023-05-23T16:15:00.000Z","OUT","H","FUL","0.10","55.726917","-119.393383","6668"
"13-010-2023","ns","ADT","2023-05-20T19:00:00.000Z","2023-05-23T16:14:40.000Z","OUT","N","FUL","0.02","45.77098465","-62.14271164","6668"
"13-009-2023","ns","ADT","2023-05-19T19:00:00.000Z","2023-05-23T16:13:28.000Z","OUT","N","FUL","0.01","45.63127899","-61.83525467","6668"
"CWF-018-2023","ab","MST","2023-05-23T19:51:00.000Z","2023-05-23T15:29:00.000Z","OUT","H","FUL","0.01","51.127433","-115.3897","6668"
"61463","nb","ADT","2023-05-12T20:23:24.000Z","2023-05-23T15:14:00.000Z","OUT","U","FUL","0.10","48.03583","-66.46558","6668"
"EA019","mb","CDT","2023-05-21T05:00:00.000Z","2023-05-23T14:51:00.000Z","OUT","H","FUL","0.50","49.27417","-96.08361","6668"
"GWF-015-2023","ab","MST","2023-05-01T02:25:00.000Z","2023-05-23T12:50:00.000Z","OUT","H","FUL","7.20","55.652833","-119.004875","6668"
"MWF-019-2023","ab","MST","2023-05-23T08:24:00.000Z","2023-05-23T03:05:00.000Z","OUT","H","FUL","0.06","56.431617","-111.3097","6668"
"2023-C20374","bc","PDT","2023-05-19T03:25:00.000Z","2023-05-23T01:00:00.000Z","OUT","N","FUL","0.01","52.404249999999998","-122.090717","6668"
"SUD_FIRE_002","on","GMT","2023-05-22T20:33:00.000Z","2023-05-23T00:15:00.000Z","OUT","H","FUL","0.10","46.7107","-81.5592","6668"
"2023HJ005","yt","PDT","2023-05-20T03:15:00.000Z","2023-05-22T22:19:00.000Z","OUT","U","FUL","0.01","60.81386","-137.40964","6668"
"8","qc","EST","2023-04-14T01:00:00.000Z","2023-05-22T21:40:16.000Z","OUT","H","FUL","0.00","45.6331","-71.9744","6668"
"7","qc","EST","2023-04-13T22:05:00.000Z","2023-05-22T21:37:21.000Z","OUT","H","FUL","0.20","45.4644","-72.7692","6668"
"5","qc","EST","2023-04-11T13:00:00.000Z","2023-05-22T21:30:59.000Z","OUT","H","FUL","0.10","45.3831","-71.7194","6668"
"11-007-2023","ns","ADT","2023-05-19T19:00:00.000Z","2023-05-22T19:00:00.000Z","OUT","N","FUL","0.10","45.42315674","-63.50006485","6668"
"RWF-052-2023","ab","MST","2023-05-22T21:06:00.000Z","2023-05-22T18:05:00.000Z","OUT","N","FUL","0.10","51.823833","-115.303917","6668"
"PWF-046-2023","ab","MST","2023-05-19T00:47:00.000Z","2023-05-22T18:00:00.000Z","OUT","H","FUL","1.06","56.365788","-119.479882","6668"
"WWF-032-2023","ab","MST","2023-05-22T20:24:00.000Z","2023-05-22T17:50:00.000Z","OUT","N","FUL","0.01","54.206458","-117.446883","6668"
"23LF-CREEK","sk","CST","2023-05-16T16:12:10.000Z","2023-05-22T17:49:06.000Z","OUT","H","FUL","16.40","53.52595","-104.806067","6668"
"23HB-CHIR06","sk","CST","2023-05-22T15:55:34.000Z","2023-05-22T16:40:12.000Z","OUT","H","MOD","0.20","53.931483","-102.273283","6668"
"23BR-AIR04","sk","CST","2023-05-13T20:46:53.000Z","2023-05-22T16:40:02.000Z","OUT","H","MOD","275.00","53.42565","-106.893233","6668"
"61665","nb","ADT","2023-05-19T18:59:01.000Z","2023-05-22T16:40:00.000Z","OUT","U","FUL","1.00","47.34795","-64.98697","6668"
"PWF-012-2023","ab","MST","2023-04-26T00:00:00.000Z","2023-05-22T16:30:00.000Z","OUT","H","FUL","0.20","56.259067","-118.216083","6668"
"WWF-026-2023","ab","MST","2023-05-12T23:20:00.000Z","2023-05-22T16:20:00.000Z","OUT","N","FUL","0.01","54.462093","-115.335023","6668"
"CWF-017-2023","ab","MST","2023-05-22T19:43:00.000Z","2023-05-22T15:32:00.000Z","OUT","N","FUL","0.10","51.050633","-114.703117","6668"
"LWF-130-2023","ab","MST","2023-05-22T06:16:00.000Z","2023-05-22T15:20:00.000Z","OUT","H","FUL","0.02","55.968","-110.836167","6668"
"PWF-026-2023","ab","MST","2023-05-04T00:21:00.000Z","2023-05-22T15:00:00.000Z","OUT","H","FUL","0.20","56.5195","-119.2975","6668"
"RWF-051-2023","ab","MST","2023-05-22T01:24:00.000Z","2023-05-22T14:15:00.000Z","OUT","N","FUL","1.00","52.539633","-116.061217","6668"
"PWF-030-2023","ab","MST","2023-05-05T04:40:00.000Z","2023-05-22T14:00:00.000Z","OUT","H","FUL","0.50","56.476533","-116.418467","6668"
"HWF-052-2023","ab","MST","2023-05-22T03:18:00.000Z","2023-05-22T13:55:00.000Z","OUT","N","FUL","0.01","59.487833","-117.181333","6668"
"WWF-024-2023","ab","MST","2023-05-06T22:37:00.000Z","2023-05-22T13:50:00.000Z","OUT","H","FUL","3.00","54.234188","-116.052803","6668"
"SWF-076-2023","ab","MST","2023-05-13T20:36:00.000Z","2023-05-22T13:34:09.000Z","OUT","N","FUL","4.20","56.12043","-113.38676","6668"
"PWF-048-2023","ab","MST","2023-05-22T18:18:00.000Z","2023-05-22T13:31:30.000Z","OUT","H","FUL","0.01","55.9565","-116.838807","6668"
"PWF-031-2023","ab","MST","2023-05-05T11:50:00.000Z","2023-05-22T13:00:00.000Z","OUT","H","FUL","0.25","56.492267","-116.502883","6668"
"WWF-030-2023","ab","MST","2023-05-17T20:52:00.000Z","2023-05-22T12:20:00.000Z","OUT","H","FUL","0.10","54.095883","-115.804867","6668"
"PWF-017-2023","ab","MST","2023-04-28T22:33:00.000Z","2023-05-22T12:20:00.000Z","OUT","H","FUL","16.20","56.562883","-119.08275","6668"
"23PA-SLIR03","sk","CST","2023-05-14T13:54:00.000Z","2023-05-22T11:10:01.000Z","OUT","H","MOD","424.70","53.38445","-106.103533","6668"
"LWF-119-2023","ab","MST","2023-05-16T18:26:00.000Z","2023-05-22T10:45:00.000Z","OUT","H","FUL","0.01","55.16","-112.524833","6668"
"LWF-131-2023","ab","MST","2023-05-22T07:50:00.000Z","2023-05-22T10:35:00.000Z","OUT","H","FUL","0.10","56.215117","-110.875167","6668"
"PWF-047-2023","ab","MST","2023-05-22T15:46:00.000Z","2023-05-22T10:15:00.000Z","OUT","H","FUL","0.01","56.386502","-116.871567","6668"
"2023NA1","pc","MDT","2023-05-16T19:52:18.000Z","2023-05-22T07:00:00.000Z","OUT","N","MON","57130.00","61.8325","-123.9356","6668"
"EWF-049-2023","ab","MST","2023-05-21T22:37:00.000Z","2023-05-21T19:28:00.000Z","OUT","N","FUL","1.90","53.624583","-116.352333","6668"
"08-013-2023","ns","ADT","2023-05-21T19:00:00.000Z","2023-05-21T19:00:00.000Z","OUT","N","FUL","0.01","44.96741104","-63.50116730","6668"
"23DN-LLIR09","sk","CST","2023-05-21T01:15:22.000Z","2023-05-21T18:15:30.000Z","OUT","H","MOD","0.10","54.029717","-109.150133","6668"
"PWF-032-2023","ab","MST","2023-05-05T18:25:00.000Z","2023-05-21T17:16:17.000Z","OUT","H","FUL","0.01","56.32375","-117.654283","6668"
"SAU_FIRE_001","on","GMT","2023-05-15T20:26:00.000Z","2023-05-21T17:00:00.000Z","OUT","H","FUL","9.00","46.7534","-83.6962","6668"
"MWF-018-2023","ab","MST","2023-05-18T20:35:00.000Z","2023-05-21T16:30:00.000Z","OUT","H","FUL","0.20","56.22435","-111.69815","6668"
"PWF-037-2023","ab","MST","2023-05-06T00:34:00.000Z","2023-05-21T16:20:12.000Z","OUT","H","FUL","1.10","56.274063","-118.342833","6668"
"PWF-040-2023","ab","MST","2023-05-09T19:45:00.000Z","2023-05-21T16:20:00.000Z","OUT","H","FUL","2.99","57.948662","-117.496995","6668"
"PWF-020-2023","ab","MST","2023-04-30T23:27:00.000Z","2023-05-21T16:00:00.000Z","OUT","H","FUL","1.09","56.436028","-117.306303","6668"
"PWF-027-2023","ab","MST","2023-05-04T03:19:00.000Z","2023-05-21T16:00:00.000Z","OUT","H","FUL","1.70","56.415317","-118.697967","6668"
"PWF-025-2023","ab","MST","2023-05-03T22:38:00.000Z","2023-05-21T14:52:58.000Z","OUT","H","FUL","1.78","56.258832","-117.318267","6668"
"61762","nb","ADT","2023-05-21T00:47:18.000Z","2023-05-21T14:22:00.000Z","OUT","U","FUL","0.10","46.34749","-66.68268","6668"
"PWF-042-2023","ab","MST","2023-05-11T04:42:00.000Z","2023-05-21T13:16:00.000Z","OUT","H","FUL","0.01","56.988633","-117.493467","6668"
"61624","nb","ADT","2023-05-16T13:58:44.000Z","2023-05-21T12:16:00.000Z","OUT","U","FUL","0.50","46.33617","-65.03277","6668"
"61742","nb","ADT","2023-05-20T23:47:35.000Z","2023-05-21T11:30:00.000Z","OUT","U","FUL","0.10","47.52862","-64.92025","6668"
"23DN-LLIR08","sk","CST","2023-05-18T14:29:32.000Z","2023-05-21T10:26:29.000Z","OUT","H","MOD","0.10","54.04915","-109.23875","6668"
"61682","nb","ADT","2023-05-19T19:54:52.000Z","2023-05-21T09:04:00.000Z","OUT","U","FUL","0.20","46.68258","-64.96893","6668"
"2023-G70451","bc","PDT","2023-05-21T02:32:00.000Z","2023-05-21T07:04:00.000Z","OUT","N","FUL","0.01","54.755833000000003","-120.028667","6668"
"LWF-128-2023","ab","MST","2023-05-21T00:56:00.000Z","2023-05-20T21:35:00.000Z","OUT","H","FUL","0.80","55.390567","-111.119017","6668"
"23HB-THUNDER","sk","CST","2023-05-19T14:45:22.000Z","2023-05-20T20:49:10.000Z","OUT","H","FUL","1.00","53.710867","-103.262583","6668"
"23WY-MOLLY","sk","CST","2023-05-04T14:07:09.000Z","2023-05-20T20:45:08.000Z","OUT","H","FUL","19.80","54.502283","-105.5585","6668"
"61664","nb","ADT","2023-05-19T18:14:37.000Z","2023-05-20T19:00:00.000Z","OUT","U","FUL","0.10","47.32463","-65.03013","6668"
"2023-G80285","bc","PDT","2023-05-13T18:15:00.000Z","2023-05-20T18:00:00.000Z","OUT","H","FUL","0.20","56.348216999999998","-121.19241700000001","6668"
"GWF-030-2023","ab","MST","2023-05-20T22:12:00.000Z","2023-05-20T16:15:00.000Z","OUT","H","FUL","0.01","54.464","-118.652633","6668"
"EA018","mb","CDT","2023-05-16T05:00:00.000Z","2023-05-20T16:05:00.000Z","OUT","H","FUL","9.40","51.71139","-98.66444","6668"
"EA015","mb","CDT","2023-05-15T05:00:00.000Z","2023-05-20T16:03:00.000Z","OUT","H","FUL","52.60","51.71750","-98.53500","6668"
"MWF-010-2023","ab","MST","2023-05-03T18:24:00.000Z","2023-05-20T15:05:00.000Z","OUT","H","FUL","19.40","56.937483","-111.549817","6668"
"THU_FIRE_002","on","GMT","2023-05-14T00:32:00.000Z","2023-05-20T14:35:00.000Z","OUT","H","FUL","6.00","50.246","-89.3205","6668"
"RWF-048-2023","ab","MST","2023-05-20T17:45:00.000Z","2023-05-20T14:02:58.000Z","OUT","H","FUL","0.01","52.94908","-114.94419","6668"
"61683","nb","ADT","2023-05-19T21:50:36.000Z","2023-05-20T13:30:00.000Z","OUT","U","FUL","0.10","46.38348","-67.36467","6668"
"MWF-015-2023","ab","MST","2023-05-15T22:32:00.000Z","2023-05-20T12:50:00.000Z","OUT","H","FUL","0.30","57.0745","-111.589033","6668"
"RWF-050-2023","ab","MST","2023-05-20T18:00:00.000Z","2023-05-20T12:01:00.000Z","OUT","H","FUL","0.10","52.96056","-114.968312","6668"
"RWF-049-2023","ab","MST","2023-05-20T17:50:00.000Z","2023-05-20T11:51:00.000Z","OUT","H","FUL","0.01","52.95181","-114.944201","6668"
"RWF-046-2023","ab","MST","2023-05-20T17:40:00.000Z","2023-05-20T11:41:00.000Z","OUT","H","FUL","0.01","52.943324","-114.944192","6668"
"RWF-047-2023","ab","MST","2023-05-20T17:40:00.000Z","2023-05-20T11:41:00.000Z","OUT","H","FUL","0.01","52.943481","-114.9441","6668"
"LWF-125-2023","ab","MST","2023-05-17T21:35:00.000Z","2023-05-20T11:30:00.000Z","OUT","H","FUL","1.25","54.669967","-111.88635","6668"
"61644","nb","ADT","2023-05-19T14:52:04.000Z","2023-05-20T10:30:00.000Z","OUT","U","FUL","0.10","47.94543","-66.60272","6668"
"MWF-016-2023","ab","MST","2023-05-16T21:40:00.000Z","2023-05-20T10:20:00.000Z","OUT","H","FUL","0.30","56.448267","-111.29535","6668"
"2023KO2","pc","MDT","2023-05-18T21:54:12.000Z","2023-05-20T07:00:00.000Z","OUT","N","FUL","0.03","50.8077","-116.0345","6668"
"2023-G70366","bc","PDT","2023-05-18T21:58:00.000Z","2023-05-20T01:30:00.000Z","OUT","H","FUL","3.00","55.959783000000002","-120.610383","6668"
"2023-G30404","bc","PDT","2023-05-19T22:30:00.000Z","2023-05-20T00:30:00.000Z","OUT","H","FUL","0.01","53.602417000000003","-120.702417","6668"
"2023-G40363","bc","PDT","2023-05-18T19:52:00.000Z","2023-05-19T23:30:00.000Z","OUT","H","FUL","0.01","54.01005","-125.0337","6668"
"2023-V70001","bc","PDT","2023-04-02T00:19:00.000Z","2023-05-19T22:30:00.000Z","OUT","H","FUL","2.50","49.354916000000003","-125.087633","6668"
"BAN_FIRE_002","on","GMT","2023-05-15T19:36:00.000Z","2023-05-19T22:00:00.000Z","OUT","H","FUL","8.50","44.8212","-78.8226","6668"
"LWF-127-2023","ab","MST","2023-05-19T22:45:00.000Z","2023-05-19T21:30:00.000Z","OUT","H","FUL","0.18","55.79748","-110.861778","6668"
"23DB-PNIR12","sk","CST","2023-05-18T21:17:17.000Z","2023-05-19T21:27:24.000Z","OUT","H","MOD","0.20","55.171485","-102.926693","6668"
"2023-N20350","bc","PDT","2023-05-17T18:20:00.000Z","2023-05-19T20:00:00.000Z","OUT","N","FUL","0.01","49.961632999999999","-115.730633","6668"
"61702","nb","ADT","2023-05-20T12:32:41.000Z","2023-05-19T19:30:00.000Z","OUT","U","FUL","0.10","46.06268","-66.85783","6668"
"61663","nb","ADT","2023-05-19T17:09:19.000Z","2023-05-19T19:23:00.000Z","OUT","U","FUL","0.30","46.1853","-64.4165","6668"
"2023-R10368","bc","PDT","2023-05-19T00:45:00.000Z","2023-05-19T19:00:00.000Z","OUT","H","FUL","0.50","53.807282999999998","-126.04819999999999","6668"
"23LF-ROCKY","sk","CST","2023-05-02T14:27:34.000Z","2023-05-19T18:11:24.000Z","OUT","H","FUL","794.00","53.701691","-104.596457","6668"
"SUD_FIRE_001","on","GMT","2023-05-16T19:42:00.000Z","2023-05-19T18:00:00.000Z","OUT","H","FUL","4.50","46.0548","-81.7718","6668"
"61662","nb","ADT","2023-05-19T16:52:35.000Z","2023-05-19T17:21:00.000Z","OUT","U","FUL","0.10","47.78963","-65.73588","6668"
"RWF-044-2023","ab","MST","2023-05-17T18:00:00.000Z","2023-05-19T17:15:00.000Z","OUT","H","FUL","5.00","53.036133","-115.475333","6668"
"CWF-004-2023","ab","MST","2023-05-05T21:16:00.000Z","2023-05-19T17:00:00.000Z","OUT","H","FUL","0.80","51.228133","-114.857","6668"
"CWF-003-2023","ab","MST","2023-05-01T21:25:00.000Z","2023-05-19T17:00:00.000Z","OUT","H","FUL","0.70","51.222133","-114.849633","6668"
"EA017","mb","CDT","2023-05-16T05:00:00.000Z","2023-05-19T15:48:00.000Z","OUT","H","FUL","4.00","51.53417","-98.73222","6668"
"RWF-045-2023","ab","MST","2023-05-19T04:15:00.000Z","2023-05-19T15:45:00.000Z","OUT","H","FUL","0.75","52.764367","-114.943917","6668"
"LWF-121-2023","ab","MST","2023-05-16T21:30:00.000Z","2023-05-19T15:38:00.000Z","OUT","H","FUL","0.01","55.236467","-111.31975","6668"
"61643","nb","ADT","2023-05-19T14:46:47.000Z","2023-05-19T15:00:00.000Z","OUT","U","FUL","0.10","46.97408","-67.694","6668"
"WE005","mb","CDT","2023-05-10T05:00:00.000Z","2023-05-19T14:59:00.000Z","OUT","H","MON","266.00","53.66639","-100.32444","6668"
"61642","nb","ADT","2023-05-19T13:54:11.000Z","2023-05-19T14:58:00.000Z","OUT","U","FUL","0.10","45.90995","-66.56277","6668"
"LWF-126-2023","ab","MST","2023-05-19T16:20:00.000Z","2023-05-19T13:30:00.000Z","OUT","H","FUL","0.10","55.19955","-112.570567","6668"
"EWF-045-2023","ab","MST","2023-05-07T21:00:00.000Z","2023-05-19T12:06:00.000Z","OUT","H","FUL","0.01","53.656467","-116.570867","6668"
"23LA-SEIR03","sk","CST","2023-05-18T19:29:39.000Z","2023-05-19T11:25:07.000Z","OUT","H","MOD","0.80","56.329867","-103.248667","6668"
"23HB-ELM","sk","CST","2023-05-18T22:00:07.000Z","2023-05-19T10:59:31.000Z","OUT","H","MOD","0.10","53.90935","-102.7266","6668"
"23DN-LL01","sk","CST","2023-05-06T14:07:33.000Z","2023-05-19T10:11:53.000Z","OUT","H","FUL","4.40","53.9271","-109.23185","6668"
"2023-G50126","bc","PDT","2023-04-29T19:36:00.000Z","2023-05-19T02:30:00.000Z","OUT","H","FUL","0.20","54.630499999999998","-124.6567","6668"
"2023-G30361","bc","PDT","2023-05-18T18:16:00.000Z","2023-05-19T02:00:00.000Z","OUT","N","FUL","0.01","52.189833","-119.265433","6668"
"2023-K40277","bc","PDT","2023-05-12T22:17:00.000Z","2023-05-19T00:30:00.000Z","OUT","H","FUL","0.49","50.203467000000003","-119.275333","6668"
"2023-N20349","bc","PDT","2023-05-17T17:26:00.000Z","2023-05-18T23:00:00.000Z","OUT","H","FUL","0.01","50.495283000000001","-115.905333","6668"
"EWF-048-2023","ab","MST","2023-05-18T22:40:00.000Z","2023-05-18T18:59:00.000Z","OUT","H","FUL","0.14","53.2487","-115.503717","6668"
"HWF-051-2023","ab","MST","2023-05-19T00:17:00.000Z","2023-05-18T18:57:00.000Z","OUT","H","FUL","0.01","58.320667","-116.121967","6668"
"WWF-017-2023","ab","MST","2023-05-04T01:30:00.000Z","2023-05-18T17:02:00.000Z","OUT","N","FUL","4.00","54.442","-116.777167","6668"
"2023-N10334","bc","PDT","2023-05-16T03:31:00.000Z","2023-05-18T17:00:00.000Z","OUT","N","FUL","0.01","49.376333000000002","-115.858667","6668"
"23HB-CHIR05","sk","CST","2023-05-16T19:00:37.000Z","2023-05-18T16:31:28.000Z","OUT","H","MOD","0.30","53.946333","-102.23055","6668"
"23HB-CHIR04","sk","CST","2023-05-14T14:20:09.000Z","2023-05-18T16:29:42.000Z","OUT","H","MOD","3.00","53.932667","-102.267667","6668"
"23HB-CHIR03","sk","CST","2023-05-12T16:15:29.000Z","2023-05-18T16:28:07.000Z","OUT","H","MOD","1.00","53.941767","-102.27105","6668"
"23HB-CHIR02","sk","CST","2023-05-12T15:30:44.000Z","2023-05-18T16:26:18.000Z","OUT","H","MOD","0.50","53.9386","-102.257017","6668"
"23HB-CHIR01","sk","CST","2023-05-11T14:10:55.000Z","2023-05-18T16:24:12.000Z","OUT","H","MOD","0.10","53.9463","-102.2307","6668"
"23HB-DITCH04","sk","CST","2023-05-14T11:27:21.000Z","2023-05-18T16:20:51.000Z","OUT","H","MOD","0.10","51.589981","-102.430707","6668"
"23HB-DITCH03","sk","CST","2023-05-12T16:54:04.000Z","2023-05-18T16:01:37.000Z","OUT","H","MOD","16.00","53.92175","-102.373733","6668"
"WE009","mb","CDT","2023-05-16T05:00:00.000Z","2023-05-18T15:34:00.000Z","OUT","H","FUL","0.40","53.09917","-99.81472","6668"
"WE008","mb","CDT","2023-05-15T05:00:00.000Z","2023-05-18T15:27:00.000Z","OUT","H","FUL","2.00","53.71056","-100.33361","6668"
"WWF-028-2023","ab","MST","2023-05-13T23:43:00.000Z","2023-05-18T15:19:00.000Z","OUT","H","FUL","24.10","54.452367","-117.440717","6668"
"EA014","mb","CDT","2023-05-14T05:00:00.000Z","2023-05-18T15:09:00.000Z","OUT","H","FUL","10.40","51.91917","-99.56806","6668"
"EA012","mb","CDT","2023-05-11T05:00:00.000Z","2023-05-18T15:06:00.000Z","OUT","H","FUL","6.40","51.15667","-96.26778","6668"
"NO006","mb","CDT","2023-05-15T05:00:00.000Z","2023-05-18T14:30:00.000Z","OUT","H","FUL","1.50","54.10167","-97.76111","6668"
"TIM_FIRE_002","on","GMT","2023-05-13T23:05:00.000Z","2023-05-18T13:00:00.000Z","OUT","H","FUL","3.00","48.3528","-81.2773","6668"
"61722","nb","ADT","2023-05-20T17:57:41.000Z","2023-05-18T12:00:00.000Z","OUT","U","FUL","1.50","44.59955","-66.88623","6668"
"61626","nb","ADT","2023-05-16T17:02:23.000Z","2023-05-18T11:00:00.000Z","OUT","U","FUL","1.00","47.4313","-65.1895","6668"
"2023-N50341","bc","PDT","2023-05-16T19:22:00.000Z","2023-05-17T22:30:00.000Z","OUT","H","FUL","0.01","49.615833000000002","-117.74555599999999","6668"
"2023-V60328","bc","PDT","2023-05-15T22:57:00.000Z","2023-05-17T21:30:00.000Z","OUT","H","FUL","0.10","49.013782999999997","-124.22475","6668"
"2023-V60346","bc","PDT","2023-05-17T00:29:00.000Z","2023-05-17T18:30:00.000Z","OUT","H","FUL","0.01","49.053783000000003","-124.2085","6668"
"23DB-KPIR01","sk","CST","2023-05-15T15:43:22.000Z","2023-05-17T18:08:41.000Z","OUT","H","FUL","0.40","54.8724","-103.364483","6668"
"GWF-029-2023","ab","MST","2023-05-17T23:30:00.000Z","2023-05-17T18:00:00.000Z","OUT","H","FUL","0.01","55.114917","-117.594735","6668"
"2023-R40336","bc","PDT","2023-05-16T05:40:00.000Z","2023-05-17T18:00:00.000Z","OUT","H","FUL","0.01","55.661033000000003","-128.33728300000001","6668"
"2023-G30213","bc","PDT","2023-05-05T03:49:00.000Z","2023-05-17T18:00:00.000Z","OUT","H","FUL","0.01","52.998967","-119.30326700000001","6668"
"NO008","mb","CDT","2023-05-15T05:00:00.000Z","2023-05-17T17:16:00.000Z","OUT","H","FUL","0.40","53.86472","-94.62278","6668"
"61445","nb","ADT","2023-05-12T18:22:16.000Z","2023-05-17T16:00:00.000Z","OUT","U","FUL","1.00","47.44428","-65.80317","6668"
"LWF-112-2023","ab","MST","2023-05-12T01:16:00.000Z","2023-05-17T15:27:00.000Z","OUT","N","FUL","4.70","55.198333","-112.01005","6668"
"EA013","mb","CDT","2023-05-11T05:00:00.000Z","2023-05-17T14:44:00.000Z","OUT","H","FUL","166.20","51.61667","-98.67722","6668"
"23BN-BRIR01","sk","CST","2023-05-01T13:48:10.000Z","2023-05-17T14:41:08.000Z","OUT","H","FUL","36.00","55.90445","-108.91415","6668"
"EWF-047-2023","ab","MST","2023-05-17T18:03:00.000Z","2023-05-17T12:07:00.000Z","OUT","H","FUL","0.01","53.319133","-117.8518","6668"
"LWF-124-2023","ab","MST","2023-05-17T16:50:00.000Z","2023-05-17T11:45:00.000Z","OUT","H","FUL","0.03","55.670917","-111.089283","6668"
"61602","nb","ADT","2023-05-16T08:18:13.000Z","2023-05-17T10:31:00.000Z","OUT","U","FUL","1.00","45.21685","-67.31935","6668"
"MWF-017-2023","ab","MST","2023-05-17T15:50:00.000Z","2023-05-17T10:25:00.000Z","OUT","H","FUL","0.01","57.090833","-111.748783","6668"
"SWF-019-2023","ab","MST","2023-04-25T20:00:00.000Z","2023-05-17T08:00:00.000Z","OUT","H","FUL","1.10","55.168947","-116.340191","6668"
"11-006-2023","ns","ADT","2023-05-15T19:00:00.000Z","2023-05-16T23:11:17.000Z","OUT","N","FUL","0.13","45.41830063","-63.31122208","6668"
"2023DA001","yt","PDT","2023-05-16T01:46:00.000Z","2023-05-16T22:29:00.000Z","OUT","U","FUL","0.09","64.05257","-139.0142","6668"
"LWF-122-2023","ab","MST","2023-05-17T03:48:00.000Z","2023-05-16T22:00:00.000Z","OUT","H","FUL","0.10","56.3048","-110.956467","6668"
"EWF-046-2023","ab","MST","2023-05-17T03:27:00.000Z","2023-05-16T21:38:00.000Z","OUT","H","FUL","0.01","53.598417","-115.3803","6668"
"LWF-123-2023","ab","MST","2023-05-17T03:20:00.000Z","2023-05-16T21:30:00.000Z","OUT","H","FUL","0.01","56.268533","-110.931883","6668"
"18-003-2023","ns","ADT","2023-05-19T20:00:00.000Z","2023-05-16T21:00:00.000Z","OUT","N","FUL","0.29","45.63760757","-60.64848709","6668"
"12-008-2023","ns","ADT","2023-05-12T19:00:00.000Z","2023-05-16T20:24:34.000Z","OUT","N","FUL","0.05","45.58387756","-62.84292603","6668"
"05-007-2023","ns","ADT","2023-05-16T07:00:00.000Z","2023-05-16T20:17:29.000Z","OUT","N","FUL","0.01","44.39834976","-65.64577484","6668"
"01-017-2023","ns","ADT","2023-05-16T20:00:21.000Z","2023-05-16T20:00:29.000Z","OUT","N","FUL","1.64","44.38641739","-64.76646423","6668"
"2023-N10149","bc","PDT","2023-04-30T22:07:00.000Z","2023-05-16T20:00:00.000Z","OUT","H","FUL","0.20","49.602032999999999","-115.66421699999999","6668"
"2023-V10317","bc","PDT","2023-05-15T00:02:00.000Z","2023-05-16T19:31:00.000Z","OUT","H","FUL","0.01","49.074717","-121.754717","6668"
"10-007-2023","ns","ADT","2023-05-15T19:00:00.000Z","2023-05-16T17:28:40.000Z","OUT","N","FUL","7.86","45.61845779","-63.84107590","6668"
"23BN-WESTERLY","sk","CST","2023-05-13T08:35:48.000Z","2023-05-16T17:23:33.000Z","OUT","N","MOD","25.00","55.456","-109.729167","6668"
"23DN-HWY1701","sk","CST","2023-05-16T15:44:35.000Z","2023-05-16T17:08:00.000Z","OUT","H","MOD","0.10","53.3988","-110.005333","6668"
"TIM_FIRE_004","on","GMT","2023-05-14T22:36:00.000Z","2023-05-16T17:00:00.000Z","OUT","H","FUL","1.90","48.5805","-81.2704","6668"
"HWF-008-2023","ab","MST","2023-04-17T23:22:00.000Z","2023-05-16T16:30:00.000Z","OUT","H","FUL","0.01","58.478667","-114.536167","6668"
"SWF-084-2023","ab","MST","2023-05-16T21:22:00.000Z","2023-05-16T15:30:00.000Z","OUT","H","FUL","0.01","56.45911","-113.53952","6668"
"61625","nb","ADT","2023-05-16T15:19:40.000Z","2023-05-16T15:26:00.000Z","OUT","U","FUL","0.10","46.86559","-65.66653","6668"
"TIM_FIRE_003","on","GMT","2023-05-13T23:42:00.000Z","2023-05-16T15:00:00.000Z","OUT","H","FUL","0.40","47.076","-81.9279","6668"
"23WY-MLIR05","sk","CST","2023-05-14T18:59:01.000Z","2023-05-16T14:18:54.000Z","OUT","H","MOD","5.00","53.528906","-105.984396","6668"
"WE006","mb","CDT","2023-05-12T05:00:00.000Z","2023-05-16T14:17:00.000Z","OUT","H","FUL","0.50","53.74250","-100.64472","6668"
"61562","nb","ADT","2023-05-15T16:47:55.000Z","2023-05-16T13:59:00.000Z","OUT","U","FUL","0.10","45.96093","-65.73268","6668"
"23DB-WIR01","sk","CST","2023-05-15T14:03:49.000Z","2023-05-16T13:50:33.000Z","OUT","H","MOD","0.70","54.843257","-102.61653","6668"
"23LX-PAWR02","sk","CST","2023-05-13T18:45:31.000Z","2023-05-16T13:22:07.000Z","OUT","N","MOD","29790.20","55.290761","-109.988132","6668"
"61565","nb","ADT","2023-05-15T18:53:27.000Z","2023-05-16T12:30:00.000Z","OUT","U","FUL","0.70","46.10323","-67.22928","6668"
"SWF-059-2023","ab","MST","2023-05-04T22:00:00.000Z","2023-05-16T12:00:00.000Z","OUT","N","FUL","1036.00","56.054333","-115.008333","6668"
"61622","nb","ADT","2023-05-16T11:19:04.000Z","2023-05-16T11:19:00.000Z","OUT","U","FUL","0.10","47.34863","-64.98687","6668"
"CWF-015-2023","ab","MST","2023-05-16T04:45:00.000Z","2023-05-16T10:45:00.000Z","OUT","H","FUL","0.10","51.259083","-114.92825","6668"
"61563","nb","ADT","2023-05-15T17:10:39.000Z","2023-05-16T09:44:00.000Z","OUT","U","FUL","0.10","46.00504","-66.91408","6668"
"61543","nb","ADT","2023-05-15T12:23:50.000Z","2023-05-16T08:55:00.000Z","OUT","U","FUL","1.00","46.056","-64.0223","6668"
"23BR-AIR06","sk","CST","2023-05-14T16:30:51.000Z","2023-05-16T08:42:36.000Z","OUT","H","MOD","0.50","53.395967","-106.951","6668"
"23BR-AIR05","sk","CST","2023-05-14T18:30:30.000Z","2023-05-16T08:41:42.000Z","OUT","H","MOD","0.50","53.372167","-106.914717","6668"
"61443","nb","ADT","2023-05-12T14:35:32.000Z","2023-05-16T08:41:00.000Z","OUT","U","FUL","2.00","45.7477","-65.53622","6668"
"61522","nb","ADT","2023-05-15T07:39:04.000Z","2023-05-16T08:05:00.000Z","OUT","U","FUL","0.50","45.14595","-66.74653","6668"
"2023XY009","yt","PDT","2023-05-15T05:39:00.000Z","2023-05-15T23:45:00.000Z","OUT","U","FUL","0.40","60.10785","-133.85103","6668"
"HWF-050-2023","ab","MST","2023-05-16T04:31:00.000Z","2023-05-15T23:25:00.000Z","OUT","H","FUL","0.20","58.505833","-117.111833","6668"
"LWF-115-2023","ab","MST","2023-05-16T04:49:00.000Z","2023-05-15T22:49:30.000Z","OUT","H","FUL","0.02","55.671617","-111.099083","6668"
"23PA-DITCH07","sk","CST","2023-05-15T16:29:09.000Z","2023-05-15T22:23:30.000Z","OUT","H","MOD","8.00","52.67035","-106.122017","6668"
"01-016-2023","ns","ADT","2023-05-15T22:00:00.000Z","2023-05-15T22:00:00.000Z","OUT","N","FUL","0.10","44.22520828","-64.53603363","6668"
"23LA-SEIR02","sk","CST","2023-05-15T10:22:17.000Z","2023-05-15T21:15:23.000Z","OUT","H","MOD","0.10","56.325067","-103.2441","6668"
"23LX-PAWR01","sk","CST","2023-05-12T17:14:19.000Z","2023-05-15T20:54:30.000Z","OUT","N","MOD","1756.50","55.3215","-109.799333","6668"
"61582","nb","ADT","2023-05-15T20:25:34.000Z","2023-05-15T20:25:00.000Z","OUT","U","FUL","0.10","46.6607","-67.71967","6668"
"23PA-SLIR04","sk","CST","2023-05-15T18:38:46.000Z","2023-05-15T19:15:39.000Z","OUT","H","MOD","0.10","53.4146","-105.995467","6668"
"07-011-2023","ns","ADT","2023-05-07T19:00:00.000Z","2023-05-15T19:04:16.000Z","OUT","N","FUL","0.13","44.99425888","-64.81221008","6668"
"09-008-2023","ns","ADT","2023-05-15T19:00:00.000Z","2023-05-15T19:00:00.000Z","OUT","N","FUL","0.01","44.97921753","-63.20810699","6668"
"10-006-2023","ns","ADT","2023-04-17T19:00:00.000Z","2023-05-15T19:00:00.000Z","OUT","N","FUL","0.30","45.66151810","-64.19293213","6668"
"15-011-2023","ns","ADT","2023-05-12T19:00:00.000Z","2023-05-15T19:00:00.000Z","OUT","N","FUL","5.67","46.21509171","-60.11078644","6668"
"16-007-2023","ns","ADT","2023-05-12T19:00:00.000Z","2023-05-15T19:00:00.000Z","OUT","N","FUL","0.03","46.39398575","-61.07608414","6668"
"16-006-2023","ns","ADT","2023-05-12T19:00:00.000Z","2023-05-15T19:00:00.000Z","OUT","N","FUL","0.21","46.27445221","-61.03665161","6668"
"61564","nb","ADT","2023-05-15T17:13:37.000Z","2023-05-15T17:17:00.000Z","OUT","U","FUL","0.10","46.59851","-65.95163","6668"
"EWF-034-2023","ab","MST","2023-05-15T19:51:00.000Z","2023-05-15T17:00:00.000Z","OUT","N","FUL","0.01","53.630333","-115.83625","6668"
"APK_FIRE_001","on","GMT","2023-05-14T17:03:00.000Z","2023-05-15T15:59:00.000Z","OUT","H","FUL","0.10","46.0884","-78.3869","6668"
"03-009-2023","ns","ADT","2023-05-14T19:00:00.000Z","2023-05-15T15:00:00.000Z","OUT","N","FUL","0.15","43.58088684","-65.61463165","6668"
"23WY-MLIR04","sk","CST","2023-05-12T11:32:30.000Z","2023-05-15T14:40:21.000Z","OUT","H","MOD","15.00","53.526333","-106.029167","6668"
"23PA-JSFN03","sk","CST","2023-05-14T19:00:41.000Z","2023-05-15T14:20:17.000Z","OUT","H","MOD","30.00","53.041708","-104.910567","6668"
"SWF-082-2023","ab","MST","2023-05-14T22:06:00.000Z","2023-05-15T13:27:06.000Z","OUT","N","FUL","0.03","55.2473","-115.945717","6668"
"LWF-111-2023","ab","MST","2023-05-12T00:09:00.000Z","2023-05-15T12:49:00.000Z","OUT","H","FUL","0.20","55.926575","-110.717305","6668"
"LWF-113-2023","ab","MST","2023-05-12T16:10:00.000Z","2023-05-15T12:30:00.000Z","OUT","H","FUL","0.10","55.119217","-112.4723","6668"
"LWF-118-2023","ab","MST","2023-05-15T03:56:00.000Z","2023-05-15T12:20:00.000Z","OUT","H","FUL","0.01","55.926633","-110.72645","6668"
"23DB-PNIR11","sk","CST","2023-05-14T16:13:21.000Z","2023-05-15T12:07:57.000Z","OUT","H","MOD","0.40","55.181179","-102.940642","6668"
"61542","nb","ADT","2023-05-15T12:03:21.000Z","2023-05-15T12:03:00.000Z","OUT","U","FUL","0.10","46.09465","-67.5713","6668"
"61423","nb","ADT","2023-05-11T22:50:25.000Z","2023-05-15T12:02:00.000Z","OUT","U","FUL","0.40","45.9664","-67.57648","6668"
"LWF-117-2023","ab","MST","2023-05-15T01:55:00.000Z","2023-05-15T11:42:00.000Z","OUT","H","FUL","0.10","55.926533","-110.7267","6668"
"23HB-REFN01","sk","CST","2023-05-15T08:53:41.000Z","2023-05-15T11:40:48.000Z","OUT","H","MOD","0.10","53.4939","-102.85875","6668"
"23DB-PNIR10","sk","CST","2023-05-14T16:01:54.000Z","2023-05-15T11:27:07.000Z","OUT","H","FUL","2.00","55.178288","-102.92519","6668"
"SWF-078-2023","ab","MST","2023-05-14T05:05:00.000Z","2023-05-15T11:21:00.000Z","OUT","H","FUL","0.01","55.621383","-116.670833","6668"
"23LA-DUMP","sk","CST","2023-05-12T15:46:06.000Z","2023-05-15T10:16:46.000Z","OUT","H","MOD","0.30","56.330067","-103.426433","6668"
"SWF-077-2023","ab","MST","2023-05-13T20:54:00.000Z","2023-05-15T09:30:00.000Z","OUT","N","FUL","0.18","55.35645","-115.684233","6668"
"03-008-2023","ns","ADT","2023-05-14T21:00:00.000Z","2023-05-15T06:00:00.000Z","OUT","N","FUL","54.40","43.71408081","-65.03856659","6668"
"THU_FIRE_003","on","GMT","2023-05-14T23:43:00.000Z","2023-05-15T00:55:00.000Z","OUT","H","FUL","0.10","50.2813","-89.0761","6668"
"23LX-COOPER","sk","CST","2023-05-10T15:24:48.000Z","2023-05-14T23:50:36.000Z","OUT","N","FUL","0.10","55.258833","-107.217667","6668"
"CWF-014-2023","ab","MST","2023-05-15T03:25:00.000Z","2023-05-14T22:05:00.000Z","OUT","H","FUL","0.01","51.1689","-114.856867","6668"
"2","qc","EST","2023-04-08T21:15:00.000Z","2023-05-14T20:00:16.000Z","OUT","H","FUL","0.10","45.3497","-72.6489","6668"
"23LX-RIDGE","sk","CST","2023-05-13T16:33:33.000Z","2023-05-14T19:47:54.000Z","OUT","H","FUL","0.10","55.10735","-107.86795","6668"
"23LX-TIPPO","sk","CST","2023-05-10T14:52:54.000Z","2023-05-14T19:46:37.000Z","OUT","N","FUL","0.30","55.148333","-106.948333","6668"
"23LX-CINDER","sk","CST","2023-05-10T14:09:09.000Z","2023-05-14T19:45:38.000Z","OUT","N","FUL","1.40","55.335333","-107.341167","6668"
"23LX-GRANT","sk","CST","2023-05-11T11:30:16.000Z","2023-05-14T19:44:14.000Z","OUT","N","FUL","0.10","55.28","-107.2315","6668"
"SLK_FIRE_002","on","GMT","2023-05-13T20:52:00.000Z","2023-05-14T19:00:00.000Z","OUT","H","FUL","0.20","50.0883","-92.292","6668"
"23PA-LRRIR01","sk","CST","2023-05-08T10:03:08.000Z","2023-05-14T18:31:05.000Z","OUT","H","MOD","9.00","53.4543","-105.847283","6668"
"61502","nb","ADT","2023-05-14T18:17:06.000Z","2023-05-14T18:23:00.000Z","OUT","U","FUL","1.10","45.958","-66.82876","6668"
"23LA-SRIR01","sk","CST","2023-05-13T14:19:21.000Z","2023-05-14T17:17:09.000Z","OUT","H","MOD","0.50","55.28495","-105.173883","6668"
"CWF-013-2023","ab","MST","2023-05-14T23:12:00.000Z","2023-05-14T17:13:00.000Z","OUT","H","FUL","0.01","50.834273","-114.691262","6668"
"CWF-012-2023","ab","MST","2023-05-14T23:08:00.000Z","2023-05-14T17:09:00.000Z","OUT","H","FUL","0.01","50.900952","-114.69146","6668"
"CWF-011-2023","ab","MST","2023-05-14T23:00:00.000Z","2023-05-14T17:01:00.000Z","OUT","H","FUL","0.01","50.834105","-114.692062","6668"
"LWF-090-2023","ab","MST","2023-05-04T19:18:00.000Z","2023-05-14T16:50:00.000Z","OUT","N","FUL","0.16","54.827273","-113.586769","6668"
"CWF-010-2023","ab","MST","2023-05-14T21:06:00.000Z","2023-05-14T15:07:00.000Z","OUT","H","FUL","0.01","50.866283","-114.752487","6668"
"CWF-009-2023","ab","MST","2023-05-14T21:02:00.000Z","2023-05-14T15:03:00.000Z","OUT","H","FUL","0.01","50.866058","-114.753928","6668"
"CWF-008-2023","ab","MST","2023-05-14T20:50:00.000Z","2023-05-14T14:51:00.000Z","OUT","H","FUL","0.01","50.866233","-114.752357","6668"
"LWF-116-2023","ab","MST","2023-05-14T18:14:00.000Z","2023-05-14T14:40:00.000Z","OUT","H","FUL","0.20","55.164833","-114.044333","6668"
"61503","nb","ADT","2023-05-14T19:37:55.000Z","2023-05-14T14:30:00.000Z","OUT","U","FUL","0.10","45.90265","-66.53473","6668"
"RWF-043-2023","ab","MST","2023-05-12T21:51:00.000Z","2023-05-14T13:55:00.000Z","OUT","H","FUL","2.40","52.352617","-115.66145","6668"
"23LX-HUNTING","sk","CST","2023-05-13T07:55:05.000Z","2023-05-14T13:22:47.000Z","OUT","H","FUL","2.00","55.0245","-107.768","6668"
"23LX-DUBE","sk","CST","2023-05-12T19:06:37.000Z","2023-05-14T13:20:48.000Z","OUT","H","FUL","2.00","54.847167","-107.8265","6668"
"61623","nb","ADT","2023-05-16T12:55:17.000Z","2023-05-14T12:55:00.000Z","OUT","U","FUL","0.10","45.83152","-66.59284","6668"
"EA011","mb","CDT","2023-05-10T05:00:00.000Z","2023-05-14T11:13:00.000Z","OUT","H","FUL","1.40","50.29639","-95.61833","6668"
"SWF-080-2023","ab","MST","2023-05-14T16:30:00.000Z","2023-05-14T10:35:00.000Z","OUT","H","FUL","0.01","56.023983","-113.733383","6668"
"SWF-079-2023","ab","MST","2023-05-14T16:30:00.000Z","2023-05-14T10:35:00.000Z","OUT","H","FUL","0.01","56.060033","-113.7349","6668"
"23LX-PERCH","sk","CST","2023-05-08T13:26:16.000Z","2023-05-14T10:14:24.000Z","OUT","H","MOD","1.00","55.428083","-107.7718","6668"
"KEN_FIRE_007","on","GMT","2023-05-12T23:33:00.000Z","2023-05-13T23:00:00.000Z","OUT","H","FUL","1.20","49.7532","-94.5696","6668"
"HEA_FIRE_001","on","GMT","2023-05-13T19:08:00.000Z","2023-05-13T22:53:00.000Z","OUT","H","FUL","0.40","49.6717","-83.6687","6668"
"BAN_FIRE_001","on","GMT","2023-05-13T20:25:00.000Z","2023-05-13T22:20:00.000Z","OUT","H","FUL","0.10","45.0717","-78.8136","6668"
"GWF-028-2023","ab","MST","2023-05-14T01:16:00.000Z","2023-05-13T20:38:00.000Z","OUT","H","FUL","1.53","55.855568","-119.17241","6668"
"23WY-LRIR05","sk","CST","2023-05-11T13:57:21.000Z","2023-05-13T20:36:18.000Z","OUT","H","MOD","1.50","53.504017","-106.00305","6668"
"23DB-PNIR09","sk","CST","2023-05-13T18:52:30.000Z","2023-05-13T19:45:13.000Z","OUT","H","MOD","0.10","55.174383","-102.933117","6668"
"23BR-PLIR01","sk","CST","2023-05-12T11:24:23.000Z","2023-05-13T19:20:51.000Z","OUT","H","MOD","0.50","53.701933","-107.766167","6668"
"23DB-PNIR08","sk","CST","2023-05-13T17:55:44.000Z","2023-05-13T19:12:00.000Z","OUT","H","MOD","0.50","55.181302","-102.941134","6668"
"23DB-PNIR07","sk","CST","2023-05-13T16:46:30.000Z","2023-05-13T19:07:47.000Z","OUT","H","FUL","0.20","55.183693","-102.943155","6668"
"TIM_FIRE_001","on","GMT","2023-05-11T17:57:00.000Z","2023-05-13T18:40:00.000Z","OUT","H","FUL","1.20","47.1583","-81.9591","6668"
"23BR-HWY15501","sk","CST","2023-05-12T18:29:31.000Z","2023-05-13T18:13:11.000Z","OUT","H","FUL","0.20","54.641633","-107.816333","6668"
"61442","nb","ADT","2023-05-12T14:18:59.000Z","2023-05-13T17:36:00.000Z","OUT","U","FUL","0.30","45.99617","-66.74322","6668"
"CWF-007-2023","ab","MST","2023-05-13T20:45:00.000Z","2023-05-13T16:15:00.000Z","OUT","H","FUL","0.01","50.901237","-114.688637","6668"
"61444","nb","ADT","2023-05-12T15:56:53.000Z","2023-05-13T13:57:00.000Z","OUT","U","FUL","0.10","45.98678","-67.43608","6668"
"EWF-025-2023","ab","MST","2023-05-02T20:25:00.000Z","2023-05-13T13:00:00.000Z","OUT","H","FUL","1.80","53.47885","-115.2234","6668"
"61482","nb","ADT","2023-05-13T11:59:41.000Z","2023-05-13T10:00:00.000Z","OUT","U","FUL","0.10","45.76766","-66.47571","6668"
"2023PR1","pc","PDT","2023-05-14T00:16:52.000Z","2023-05-13T08:00:00.000Z","OUT","H","FUL","0.00","48.6051","-124.7294","6668"
"11-005-2023","ns","ADT","2023-05-12T19:00:00.000Z","2023-05-13T07:38:00.000Z","OUT","N","FUL","0.28","45.30315781","-63.29269791","6668"
"KEN_FIRE_006","on","GMT","2023-05-12T18:55:00.000Z","2023-05-12T23:52:00.000Z","OUT","H","FUL","0.50","50.1316","-94.9296","6668"
"PWF-044-2023","ab","MST","2023-05-13T04:01:00.000Z","2023-05-12T22:30:00.000Z","OUT","H","FUL","0.01","56.49975","-116.646033","6668"
"2023-G70240","bc","PDT","2023-05-06T21:38:00.000Z","2023-05-12T22:00:00.000Z","OUT","H","FUL","1.50","55.875933000000003","-121.4149","6668"
"2023-K70092","bc","PDT","2023-04-26T23:51:00.000Z","2023-05-12T22:00:00.000Z","OUT","H","FUL","7.70","50.761966999999999","-122.78321699999999","6668"
"HWF-049-2023","ab","MST","2023-05-13T02:45:00.000Z","2023-05-12T21:05:00.000Z","OUT","H","FUL","0.01","58.710783","-118.641483","6668"
"WWF-027-2023","ab","MST","2023-05-12T23:52:00.000Z","2023-05-12T20:15:00.000Z","OUT","N","FUL","0.03","54.090828","-116.05159","6668"
"61462","nb","ADT","2023-05-12T19:49:50.000Z","2023-05-12T20:00:00.000Z","OUT","U","FUL","0.10","45.84574","-66.60963","6668"
"23DB-GRASS","sk","CST","2023-05-11T17:19:42.000Z","2023-05-12T19:31:53.000Z","OUT","H","FUL","1.30","55.173","-102.93585","6668"
"GWF-025-2023","ab","MST","2023-05-12T19:55:00.000Z","2023-05-12T19:30:00.000Z","OUT","H","FUL","0.41","55.46244","-118.84116","6668"
"12-007-2023","ns","ADT","2023-05-10T19:00:00.000Z","2023-05-12T19:00:00.000Z","OUT","N","FUL","0.10","45.48293686","-62.42576218","6668"
"LWF-091-2023","ab","MST","2023-05-04T22:50:00.000Z","2023-05-12T18:55:00.000Z","UC","H","FUL","200.00","54.50045","-113.6563","6668"
"23SR-LLHIR02","sk","CST","2023-05-10T13:09:59.000Z","2023-05-12T18:30:58.000Z","OUT","H","MOD","0.10","58.112109","-103.152314","6668"
"2023-C50254","bc","PDT","2023-05-10T03:22:00.000Z","2023-05-12T17:30:00.000Z","OUT","H","FUL","1.00","52.458367000000003","-125.28316700000001","6668"
"23HB-DITCH02","sk","CST","2023-05-12T15:58:00.000Z","2023-05-12T16:22:26.000Z","OUT","H","MOD","0.30","51.670849","-102.590145","6668"
"PWF-039-2023","ab","MST","2023-05-09T05:21:00.000Z","2023-05-12T16:00:00.000Z","OUT","H","FUL","0.01","56.387217","-117.246467","6668"
"23DN-ILIR04","sk","CST","2023-04-22T18:51:39.000Z","2023-05-12T15:58:18.000Z","OUT","H","MOD","0.10","54.053433","-109.679467","6668"
"WE003","mb","CDT","2023-05-08T05:00:00.000Z","2023-05-12T15:46:00.000Z","OUT","H","FUL","0.60","53.86861","-101.36972","6668"
"WE004","mb","CDT","2023-05-08T05:00:00.000Z","2023-05-12T15:46:00.000Z","OUT","H","FUL","2.00","53.71056","-100.33361","6668"
"GWF-026-2023","ab","MST","2023-05-12T21:00:00.000Z","2023-05-12T15:05:00.000Z","OUT","H","FUL","0.01","55.201499","-117.241213","6668"
"EA007","mb","CDT","2023-05-05T05:00:00.000Z","2023-05-12T14:46:00.000Z","OUT","H","FUL","12.40","52.36583","-97.02833","6668"
"RWF-039-2023","ab","MST","2023-05-05T20:45:00.000Z","2023-05-12T14:44:00.000Z","OUT","N","FUL","2.50","52.832767","-114.918683","6668"
"61422","nb","ADT","2023-05-11T20:00:57.000Z","2023-05-12T13:58:00.000Z","OUT","U","FUL","0.40","45.32467","-65.8395","6668"
"61383","nb","ADT","2023-05-10T13:04:19.000Z","2023-05-12T12:18:00.000Z","OUT","U","FUL","1.50","45.1023","-66.67338","6668"
"HWF-048-2023","ab","MST","2023-05-11T20:53:00.000Z","2023-05-12T12:04:50.000Z","OUT","H","FUL","0.10","58.177617","-116.20945","6668"
"SWF-074-2023","ab","MST","2023-05-11T16:48:00.000Z","2023-05-12T12:00:00.000Z","OUT","H","FUL","0.01","55.345933","-114.9749","6668"
"61402","nb","ADT","2023-05-11T13:20:10.000Z","2023-05-12T08:23:00.000Z","OUT","U","FUL","0.20","46.19002","-64.3063","6668"
"2023-G10177","bc","PDT","2023-05-03T18:15:00.000Z","2023-05-11T23:00:00.000Z","OUT","H","FUL","2.00","53.761833000000003","-122.713167","6668"
"2023-R30084","bc","PDT","2023-04-24T23:24:00.000Z","2023-05-11T22:30:00.000Z","OUT","H","FUL","3.60","54.709899999999998","-127.05628333","6668"
"23DB-NORTHERN","sk","CST","2023-05-11T20:45:36.000Z","2023-05-11T22:05:22.000Z","OUT","H","FUL","0.20","55.166983","-102.936833","6668"
"05-006-2023","ns","ADT","2023-05-08T18:00:00.000Z","2023-05-11T21:43:03.000Z","OUT","N","FUL","118.73","44.34849548","-65.95704651","6668"
"SWF-075-2023","ab","MST","2023-05-11T23:45:00.000Z","2023-05-11T21:30:00.000Z","OUT","N","FUL","0.10","56.746833","-114.588","6668"
"2023-R30209","bc","PDT","2023-05-04T23:14:00.000Z","2023-05-11T20:30:00.000Z","OUT","H","MOD","1.30","54.799999999999997","-127.18966666999999","6668"
"2023-G30256","bc","PDT","2023-05-10T18:20:00.000Z","2023-05-11T19:30:00.000Z","OUT","H","FUL","0.01","53.473033000000001","-120.395167","6668"
"KEN_FIRE_005","on","GMT","2023-05-06T18:35:00.000Z","2023-05-11T19:30:00.000Z","OUT","H","FUL","1.30","50.1882","-94.9321","6668"
"04-019-2023","ns","ADT","2023-05-10T19:00:00.000Z","2023-05-11T19:00:00.000Z","OUT","N","FUL","0.01","43.87102127","-65.96311951","6668"
"09-007-2023","ns","ADT","2023-05-11T19:00:00.000Z","2023-05-11T19:00:00.000Z","OUT","N","FUL","0.11","44.81588364","-63.69572830","6668"
"09-006-2023","ns","ADT","2023-05-10T19:00:00.000Z","2023-05-11T19:00:00.000Z","OUT","N","FUL","0.01","45.08608627","-62.86796188","6668"
"01-015-2023","ns","ADT","2023-05-10T19:00:00.000Z","2023-05-11T19:00:00.000Z","OUT","N","FUL","0.30","44.62344360","-64.56271362","6668"
"23DN-WHIR05","sk","CST","2023-05-08T19:24:47.000Z","2023-05-11T18:56:40.000Z","OUT","H","MOD","0.60","54.42605","-108.324183","6668"
"CWF-006-2023","ab","MST","2023-05-12T00:30:00.000Z","2023-05-11T18:46:00.000Z","OUT","H","FUL","0.01","50.900952","-114.688027","6668"
"02-008-2023","ns","ADT","2023-05-10T20:00:00.000Z","2023-05-11T18:34:09.000Z","OUT","N","FUL","0.25","44.16318130","-64.66557312","6668"
"WWF-025-2023","ab","MST","2023-05-11T23:15:00.000Z","2023-05-11T17:25:00.000Z","OUT","H","FUL","0.01","54.194343","-115.831795","6668"
"2023-G30258","bc","PDT","2023-05-10T22:32:00.000Z","2023-05-11T16:30:00.000Z","OUT","H","FUL","0.50","53.569383000000002","-120.679366","6668"
"WE002","mb","CDT","2023-05-07T05:00:00.000Z","2023-05-11T15:02:00.000Z","OUT","H","FUL","0.10","54.05056","-100.94917","6668"
"SWF-066-2023","ab","MST","2023-05-05T17:43:00.000Z","2023-05-11T15:00:00.000Z","OUT","H","FUL","0.20","55.914167","-113.912783","6668"
"EA008","mb","CDT","2023-05-06T05:00:00.000Z","2023-05-11T14:50:00.000Z","OUT","H","FUL","327.50","51.71361","-98.61694","6668"
"EA010","mb","CDT","2023-05-07T05:00:00.000Z","2023-05-11T14:50:00.000Z","OUT","H","FUL","10.00","51.92306","-99.54083","6668"
"EA006","mb","CDT","2023-05-04T05:00:00.000Z","2023-05-11T14:50:00.000Z","OUT","H","FUL","13.00","49.63528","-95.66611","6668"
"SWF-073-2023","ab","MST","2023-05-10T20:15:00.000Z","2023-05-11T14:15:00.000Z","OUT","N","FUL","0.03","55.607167","-115.367333","6668"
"EWF-017-2023","ab","MST","2023-04-30T19:00:00.000Z","2023-05-11T13:30:00.000Z","OUT","H","FUL","0.30","53.164083","-116.9845","6668"
"SWF-047-2023","ab","MST","2023-04-30T00:50:00.000Z","2023-05-11T13:01:00.000Z","OUT","H","FUL","0.10","55.305217","-115.298417","6668"
"LWF-107-2023","ab","MST","2023-05-10T22:09:00.000Z","2023-05-11T12:37:00.000Z","OUT","H","FUL","0.25","54.5075","-110.476633","6668"
"LWF-110-2023","ab","MST","2023-05-11T01:15:00.000Z","2023-05-11T12:30:00.000Z","OUT","N","FUL","0.01","55.8867","-111.17905","6668"
"23DB-CHARLES","sk","CST","2023-05-09T20:01:09.000Z","2023-05-11T11:38:34.000Z","OUT","H","FUL","0.10","55.172767","-102.9366","6668"
"LWF-109-2023","ab","MST","2023-05-10T22:35:00.000Z","2023-05-11T09:54:00.000Z","OUT","N","FUL","0.04","55.02","-112.230667","6668"
"23LA-SEIR01","sk","CST","2023-05-11T09:26:20.000Z","2023-05-11T09:32:16.000Z","OUT","H","MOD","0.10","56.330033","-103.237467","6668"
"18-002-2023","ns","ADT","2023-05-10T20:00:00.000Z","2023-05-11T06:00:00.000Z","OUT","N","FUL","0.01","45.65824890","-60.81774902","6668"
"2023-G70168","bc","PDT","2023-05-02T22:21:00.000Z","2023-05-11T01:30:00.000Z","OUT","H","FUL","1.00","55.673417000000001","-120.100533","6668"
"2023-C40109","bc","PDT","2023-04-28T21:06:00.000Z","2023-05-10T23:30:00.000Z","OUT","H","FUL","10.50","51.222799999999999","-121.561133","6668"
"2023-C40147","bc","PDT","2023-04-30T21:52:00.000Z","2023-05-10T22:30:00.000Z","OUT","H","FUL","3.78","51.306699999999999","-121.379867","6668"
"2023-G90250","bc","PDT","2023-05-09T00:32:00.000Z","2023-05-10T22:00:00.000Z","OUT","N","FUL","0.01","59.325016669999997","-120.1938","6668"
"LWF-108-2023","ab","MST","2023-05-10T03:15:00.000Z","2023-05-10T21:47:00.000Z","OUT","H","FUL","0.01","55.9256","-110.726633","6668"
"2023-N20215","bc","PDT","2023-05-05T01:23:00.000Z","2023-05-10T21:30:00.000Z","OUT","N","FUL","0.01","50.520449999999997","-116.134417","6668"
"2023XY008","yt","PDT","2023-05-10T16:46:00.000Z","2023-05-10T19:04:00.000Z","OUT","N","FUL","0.04","60.68313","-135.04186","6668"
"04-020-2023","ns","ADT","2023-05-09T19:00:00.000Z","2023-05-10T19:00:00.000Z","OUT","N","FUL","0.01","43.87202454","-65.96810150","6668"
"2023-G70195","bc","PDT","2023-05-04T01:05:00.000Z","2023-05-10T18:30:00.000Z","OUT","H","FUL","1.96","55.67745","-120.11475","6668"
"PWF-041-2023","ab","MST","2023-05-10T23:21:00.000Z","2023-05-10T18:03:00.000Z","OUT","H","FUL","0.03","56.358217","-117.086333","6668"
"61384","nb","ADT","2023-05-10T18:41:53.000Z","2023-05-10T17:40:00.000Z","OUT","U","FUL","0.40","46.12737","-67.27466","6668"
"23DN-BIIR03","sk","CST","2023-05-06T17:54:01.000Z","2023-05-10T16:20:34.000Z","OUT","H","MOD","5.50","54.41235","-109.602933","6668"
"EWF-023-2023","ab","MST","2023-05-01T23:45:00.000Z","2023-05-10T15:30:00.000Z","OUT","H","FUL","0.01","53.579845","-115.969032","6668"
"EWF-022-2023","ab","MST","2023-05-01T21:45:00.000Z","2023-05-10T14:00:00.000Z","OUT","H","FUL","0.01","53.657238","-116.157455","6668"
"GWF-021-2023","ab","MST","2023-05-05T20:50:00.000Z","2023-05-10T13:00:00.000Z","OUT","N","FUL","0.01","54.592","-118.3055","6668"
"EWF-032-2023","ab","MST","2023-05-04T22:35:00.000Z","2023-05-10T13:00:00.000Z","OUT","H","FUL","0.10","53.598167","-116.357783","6668"
"61343","nb","ADT","2023-05-09T15:34:47.000Z","2023-05-10T11:05:00.000Z","OUT","U","FUL","0.30","46.09144","-66.86266","6668"
"EA005","mb","CDT","2023-05-04T05:00:00.000Z","2023-05-10T11:02:00.000Z","OUT","H","FUL","1269.00","51.95500","-99.64194","6668"
"LWF-105-2023","ab","MST","2023-05-10T01:03:00.000Z","2023-05-10T10:04:00.000Z","OUT","N","FUL","0.01","55.111667","-113.305833","6668"
"23LA-SMIR01","sk","CST","2023-05-10T09:33:28.000Z","2023-05-10T09:42:31.000Z","OUT","H","MOD","0.10","55.406325","-104.57591","6668"
"23WY-LRIR03","sk","CST","2023-05-08T08:27:59.000Z","2023-05-10T09:27:46.000Z","OUT","H","MOD","0.50","53.509131","-105.94859","6668"
"61382","nb","ADT","2023-05-10T09:20:20.000Z","2023-05-10T09:20:00.000Z","OUT","U","FUL","0.40","45.12483","-66.78387","6668"
"HWF-047-2023","ab","MST","2023-05-10T01:40:00.000Z","2023-05-10T08:55:00.000Z","OUT","H","FUL","0.10","58.71965","-118.744683","6668"
"15-010-2023","ns","ADT","2023-05-07T21:00:00.000Z","2023-05-10T07:00:00.000Z","OUT","N","FUL","0.26","46.18539047","-60.01592255","6668"
"04-018-2023","ns","ADT","2023-05-10T07:00:00.000Z","2023-05-10T07:00:00.000Z","OUT","N","FUL","2.13","43.86054230","-66.13498688","6668"
"04-017-2023","ns","ADT","2023-05-10T06:00:00.000Z","2023-05-10T06:00:00.000Z","OUT","N","FUL","1.45","43.73983383","-65.80804443","6668"
"06-008-2023","ns","ADT","2023-05-09T06:00:00.000Z","2023-05-10T06:00:00.000Z","OUT","N","FUL","0.01","44.71006775","-65.49401093","6668"
"06-007-2023","ns","ADT","2023-05-10T06:00:00.000Z","2023-05-10T06:00:00.000Z","OUT","N","FUL","0.01","44.56489563","-65.58820343","6668"
"2023-G70145","bc","PDT","2023-04-30T19:45:00.000Z","2023-05-10T02:00:00.000Z","OUT","H","FUL","3.90","55.713332999999999","-120.643033","6668"
"07-009-2023","ns","ADT","2023-05-08T06:00:00.000Z","2023-05-10T01:34:20.000Z","OUT","N","FUL","0.02","45.06631470","-64.58312225","6668"
"07-007-2023","ns","ADT","2023-04-29T06:00:00.000Z","2023-05-10T01:20:09.000Z","OUT","N","FUL","0.20","45.06005096","-64.27587891","6668"
"07-008-2023","ns","ADT","2023-05-07T06:00:00.000Z","2023-05-10T01:07:03.000Z","OUT","N","FUL","0.01","45.06650543","-64.41930389","6668"
"23PA-SLIR02","sk","CST","2023-05-09T20:14:43.000Z","2023-05-09T23:15:39.000Z","OUT","H","MOD","6.50","53.39215","-106.094517","6668"
"2023-V50176","bc","PDT","2023-05-03T10:47:00.000Z","2023-05-09T22:30:00.000Z","OUT","H","FUL","0.01","49.503250000000001","-123.743616","6668"
"RED_FIRE_001","on","GMT","2023-05-09T21:35:00.000Z","2023-05-09T21:50:00.000Z","OUT","H","FUL","0.10","51.8098","-93.9853","6668"
"23WY-LRIR04","sk","CST","2023-05-08T08:57:49.000Z","2023-05-09T19:59:20.000Z","OUT","H","MOD","9.00","53.474772","-105.85089","6668"
"2023-C20133","bc","PDT","2023-04-29T22:28:00.000Z","2023-05-09T19:30:00.000Z","OUT","H","FUL","1.00","52.247132999999998","-122.06480000000001","6668"
"2023-C20130","bc","PDT","2023-04-29T21:03:00.000Z","2023-05-09T19:30:00.000Z","OUT","H","FUL","0.10","52.130367","-121.946867","6668"
"23DB-DLIR01","sk","CST","2023-05-08T12:05:59.000Z","2023-05-09T18:23:40.000Z","OUT","H","FUL","0.40","54.9092","-103.379917","6668"
"MWF-014-2023","ab","MST","2023-05-09T21:48:00.000Z","2023-05-09T18:05:00.000Z","OUT","N","FUL","0.01","57.193125","-111.135042","6668"
"RWF-036-2023","ab","MST","2023-05-05T01:24:00.000Z","2023-05-09T17:30:00.000Z","OUT","N","FUL","3.50","52.544533","-115.420633","6668"
"MWF-009-2023","ab","MST","2023-05-02T20:32:00.000Z","2023-05-09T17:27:00.000Z","OUT","H","FUL","16.10","56.436532","-111.201132","6668"
"RWF-011-2023","ab","MST","2023-04-27T23:07:00.000Z","2023-05-09T16:44:00.000Z","OUT","H","FUL","7.10","53.104767","-115.14535","6668"
"EWF-036-2023","ab","MST","2023-05-05T20:04:00.000Z","2023-05-09T16:38:00.000Z","OUT","H","FUL","0.01","53.282633","-117.32195","6668"
"23BR-AIR02","sk","CST","2023-05-07T16:47:43.000Z","2023-05-09T16:36:51.000Z","OUT","H","MOD","13.00","53.3602","-106.8985","6668"
"LWF-102-2023","ab","MST","2023-05-09T19:45:00.000Z","2023-05-09T16:15:00.000Z","OUT","H","FUL","0.50","55.926717","-110.723117","6668"
"LWF-103-2023","ab","MST","2023-05-09T20:18:00.000Z","2023-05-09T16:15:00.000Z","OUT","H","FUL","0.10","55.928333","-110.7242","6668"
"LWF-104-2023","ab","MST","2023-05-09T21:50:00.000Z","2023-05-09T16:15:00.000Z","OUT","H","FUL","0.01","55.9226","-110.716267","6668"
"NO001","mb","CDT","2023-05-05T05:00:00.000Z","2023-05-09T15:56:00.000Z","OUT","H","FUL","1.50","54.95667","-95.26889","6668"
"LWF-101-2023","ab","MST","2023-05-08T22:02:00.000Z","2023-05-09T15:45:00.000Z","OUT","H","FUL","0.10","55.199177","-112.570113","6668"
"61342","nb","ADT","2023-05-09T14:44:58.000Z","2023-05-09T15:30:00.000Z","OUT","U","FUL","0.50","47.2916","-68.05019","6668"
"HWF-046-2023","ab","MST","2023-05-09T19:26:00.000Z","2023-05-09T14:47:16.000Z","OUT","H","FUL","0.10","58.547017","-117.114467","6668"
"MWF-012-2023","ab","MST","2023-05-07T18:00:00.000Z","2023-05-09T14:33:00.000Z","OUT","H","FUL","0.90","59.982067","-111.852983","6668"
"RWF-014-2023","ab","MST","2023-04-30T20:14:00.000Z","2023-05-09T13:57:00.000Z","OUT","H","FUL","48.50","52.955167","-114.957833","6668"
"61263","nb","ADT","2023-05-08T14:22:06.000Z","2023-05-09T13:52:00.000Z","OUT","U","FUL","0.40","45.8785","-65.59883","6668"
"61163","nb","ADT","2023-05-07T14:41:54.000Z","2023-05-09T13:27:00.000Z","OUT","U","FUL","0.10","46.73553","-65.16295","6668"
"61203","nb","ADT","2023-05-07T22:54:51.000Z","2023-05-09T13:00:00.000Z","OUT","U","FUL","0.30","46.27587","-67.64865","6668"
"EWF-029-2023","ab","MST","2023-05-04T01:38:00.000Z","2023-05-09T12:15:00.000Z","OUT","N","FUL","0.20","53.168683","-115.648183","6668"
"61282","nb","ADT","2023-05-08T17:14:53.000Z","2023-05-09T12:15:00.000Z","OUT","U","FUL","0.10","47.69578","-67.42578","6668"
"RWF-038-2023","ab","MST","2023-05-05T18:08:00.000Z","2023-05-09T12:00:00.000Z","OUT","H","FUL","7.00","52.2621","-115.2054","6668"
"EWF-027-2023","ab","MST","2023-05-03T23:04:00.000Z","2023-05-09T11:50:00.000Z","OUT","N","FUL","0.01","53.341","-117.132833","6668"
"LWF-099-2023","ab","MST","2023-05-07T22:38:00.000Z","2023-05-09T11:40:00.000Z","OUT","H","FUL","0.01","54.585967","-113.791683","6668"
"RWF-030-2023","ab","MST","2023-05-04T18:59:00.000Z","2023-05-09T11:00:00.000Z","OUT","N","FUL","0.01","52.864667","-115.818833","6668"
"61322","nb","ADT","2023-05-09T10:32:05.000Z","2023-05-09T10:32:00.000Z","OUT","U","FUL","0.10","46.57383","-67.56703","6668"
"RWF-016-2023","ab","MST","2023-05-01T00:24:00.000Z","2023-05-09T09:00:00.000Z","OUT","H","FUL","0.10","52.761917","-115.351533","6668"
"23HB-FORT","sk","CST","2023-05-04T20:15:21.000Z","2023-05-09T08:18:19.000Z","OUT","H","MOD","5.00","53.957967","-102.259083","6668"
"61202","nb","ADT","2023-05-07T22:46:40.000Z","2023-05-09T07:58:00.000Z","OUT","U","FUL","1.00","46.30313","-67.64708","6668"
"01-014-2023","ns","ADT","2023-05-09T06:00:00.000Z","2023-05-09T06:00:00.000Z","OUT","N","FUL","0.10","44.51176453","-64.31752014","6668"
"11-004-2023","ns","ADT","2023-05-08T06:00:00.000Z","2023-05-09T06:00:00.000Z","OUT","N","FUL","0.32","45.58674240","-63.13635254","6668"
"04-016-2023","ns","ADT","2023-05-07T06:00:00.000Z","2023-05-09T06:00:00.000Z","OUT","N","FUL","0.10","44.01757812","-65.90776062","6668"
"06-006-2023","ns","ADT","2023-05-08T21:00:00.000Z","2023-05-09T04:02:20.000Z","OUT","N","FUL","0.02","44.97097778","-65.21112061","6668"
"2023-G70141","bc","PDT","2023-04-30T01:04:00.000Z","2023-05-09T01:00:00.000Z","OUT","H","FUL","4.00","55.992832999999997","-120.610167","6668"
"61362","nb","ADT","2023-05-09T18:20:55.000Z","2023-05-09T00:30:00.000Z","OUT","U","FUL","0.10","47.07003","-67.55824","6668"
"07-010-2023","ns","ADT","2023-05-09T00:00:00.000Z","2023-05-09T00:00:00.000Z","OUT","N","FUL","0.06","45.19786453","-64.63170624","6668"
"2023-R40219","bc","PDT","2023-05-05T21:43:00.000Z","2023-05-08T22:30:00.000Z","OUT","H","FUL","0.20","55.264000000000003","-127.62441699999999","6668"
"THU_FIRE_001","on","GMT","2023-05-08T19:30:00.000Z","2023-05-08T20:50:00.000Z","OUT","H","FUL","0.40","48.349","-89.2601","6668"
"SWF-070-2023","ab","MST","2023-05-05T22:36:00.000Z","2023-05-08T20:00:00.000Z","OUT","N","FUL","6.50","56.0145","-115.025017","6668"
"2023-G10236","bc","PDT","2023-05-06T04:02:00.000Z","2023-05-08T20:00:00.000Z","OUT","H","FUL","0.20","53.877600000000001","-122.64021700000001","6668"
"61302","nb","ADT","2023-05-08T20:44:21.000Z","2023-05-08T19:50:00.000Z","OUT","U","FUL","0.10","46.00777","-67.2232","6668"
"SWF-061-2023","ab","MST","2023-05-04T22:13:00.000Z","2023-05-08T19:30:00.000Z","OUT","N","FUL","1.00","55.993067","-114.980067","6668"
"23BR-AIR03","sk","CST","2023-05-08T13:01:55.000Z","2023-05-08T19:00:53.000Z","OUT","H","MOD","0.10","53.372417","-106.911467","6668"
"23DB-TOWN","sk","CST","2023-05-06T12:40:23.000Z","2023-05-08T18:50:15.000Z","OUT","H","FUL","2.00","54.75885","-101.9158","6668"
"23LA-BURG","sk","CST","2023-05-05T17:47:19.000Z","2023-05-08T18:26:58.000Z","OUT","H","MOD","1.50","55.366652","-105.186308","6668"
"LWF-093-2023","ab","MST","2023-05-05T05:00:00.000Z","2023-05-08T18:00:00.000Z","OUT","H","FUL","6.50","55.060694","-111.605799","6668"
"LWF-049-2023","ab","MST","2023-04-26T21:42:00.000Z","2023-05-08T17:35:00.000Z","OUT","H","FUL","0.50","55.928817","-110.666683","6668"
"23DN-LLIR07","sk","CST","2023-05-07T19:03:38.000Z","2023-05-08T17:11:17.000Z","OUT","H","MOD","0.10","54.045817","-109.2447","6668"
"61242","nb","ADT","2023-05-08T08:37:07.000Z","2023-05-08T16:37:00.000Z","OUT","U","FUL","0.10","46.40533","-67.5517","6668"
"LWF-088-2023","ab","MST","2023-05-04T17:20:00.000Z","2023-05-08T16:32:00.000Z","OUT","H","FUL","0.01","55.9351","-110.718733","6668"
"LWF-092-2023","ab","MST","2023-05-05T01:30:00.000Z","2023-05-08T16:32:00.000Z","OUT","H","FUL","0.50","55.92845","-110.726617","6668"
"LWF-094-2023","ab","MST","2023-05-05T21:11:00.000Z","2023-05-08T16:32:00.000Z","OUT","H","FUL","0.50","55.930983","-110.72595","6668"
"LWF-085-2023","ab","MST","2023-05-04T08:15:00.000Z","2023-05-08T16:32:00.000Z","OUT","H","FUL","0.01","55.927233","-110.7234","6668"
"LWF-078-2023","ab","MST","2023-05-01T14:30:00.000Z","2023-05-08T16:05:00.000Z","OUT","H","FUL","0.10","55.269417","-113.23225","6668"
"23PA-DITCH06","sk","CST","2023-05-04T13:50:45.000Z","2023-05-08T15:39:16.000Z","OUT","H","MOD","20.30","50.841672","-103.830208","6668"
"EA009","mb","CDT","2023-05-06T05:00:00.000Z","2023-05-08T15:19:00.000Z","OUT","H","FUL","11.70","51.36556","-97.53250","6668"
"EWF-042-2023","ab","MST","2023-05-06T17:26:00.000Z","2023-05-08T15:00:00.000Z","OUT","N","FUL","4.00","53.9295","-117.7923","6668"
"RWF-041-2023","ab","MST","2023-05-06T00:00:00.000Z","2023-05-08T15:00:00.000Z","OUT","H","FUL","5.50","53.126917","-115.349333","6668"
"EWF-041-2023","ab","MST","2023-05-06T17:07:00.000Z","2023-05-08T15:00:00.000Z","OUT","N","FUL","2.50","53.931283","-117.7807","6668"
"EWF-043-2023","ab","MST","2023-05-06T19:00:00.000Z","2023-05-08T15:00:00.000Z","OUT","N","FUL","4.00","53.9218","-117.655033","6668"
"61123","nb","ADT","2023-05-06T14:03:55.000Z","2023-05-08T14:52:00.000Z","OUT","U","FUL","0.50","45.26005","-65.86903","6668"
"LWF-010-2023","ab","MST","2023-04-15T21:55:00.000Z","2023-05-08T14:34:00.000Z","OUT","H","FUL","14.00","55.943583","-110.712583","6668"
"EWF-028-2023","ab","MST","2023-05-04T00:30:00.000Z","2023-05-08T14:30:00.000Z","OUT","H","FUL","0.10","53.714167","-115.817417","6668"
"NO002","mb","CDT","2023-05-06T05:00:00.000Z","2023-05-08T14:05:00.000Z","OUT","H","MON","0.20","56.79778","-100.61222","6668"
"61124","nb","ADT","2023-05-06T15:09:58.000Z","2023-05-08T14:00:00.000Z","OUT","U","FUL","10.00","45.24347","-66.88769","6668"
"EWF-026-2023","ab","MST","2023-05-03T20:28:00.000Z","2023-05-08T13:30:00.000Z","OUT","H","FUL","2.50","53.742833","-115.855833","6668"
"LWF-087-2023","ab","MST","2023-05-04T17:05:00.000Z","2023-05-08T12:50:00.000Z","OUT","H","FUL","0.01","55.917233","-110.741617","6668"
"LWF-036-2023","ab","MST","2023-04-22T22:14:00.000Z","2023-05-08T12:50:00.000Z","OUT","H","FUL","0.50","55.923267","-110.752717","6668"
"61182","nb","ADT","2023-05-07T18:42:06.000Z","2023-05-08T11:49:00.000Z","OUT","U","FUL","0.40","45.621","-65.70917","6668"
"23LA-GMBIR02","sk","CST","2023-05-05T17:36:20.000Z","2023-05-08T10:12:37.000Z","OUT","H","MOD","0.30","55.626944","-104.703493","6668"
"61142","nb","ADT","2023-05-06T18:29:52.000Z","2023-05-08T10:08:00.000Z","OUT","U","FUL","0.50","46.55173","-65.1367","6668"
"LWF-089-2023","ab","MST","2023-05-04T18:20:00.000Z","2023-05-08T09:57:00.000Z","OUT","H","FUL","0.30","54.795067","-111.812117","6668"
"SWF-071-2023","ab","MST","2023-05-07T21:00:00.000Z","2023-05-08T09:45:00.000Z","OUT","H","FUL","0.01","55.3388","-114.973267","6668"
"61165","nb","ADT","2023-05-07T16:10:57.000Z","2023-05-08T09:28:00.000Z","OUT","U","FUL","0.20","46.84132","-67.62987","6668"
"61162","nb","ADT","2023-05-07T13:39:50.000Z","2023-05-08T09:20:00.000Z","OUT","U","FUL","0.20","46.99032","-67.71043","6668"
"61223","nb","ADT","2023-05-08T01:56:38.000Z","2023-05-08T09:10:00.000Z","OUT","U","FUL","0.10","45.9474","-66.84246","6668"
"01-013-2023","ns","ADT","2023-05-07T06:00:00.000Z","2023-05-08T06:00:00.000Z","OUT","N","FUL","0.10","44.28232574","-64.58012390","6668"
"03-007-2023","ns","ADT","2023-05-08T06:00:00.000Z","2023-05-08T06:00:00.000Z","OUT","N","FUL","1.35","43.79594040","-65.35697937","6668"
"06-005-2023","ns","ADT","2023-05-08T06:00:00.000Z","2023-05-08T06:00:00.000Z","OUT","N","FUL","0.50","44.91016769","-65.31959534","6668"
"2023-G70241","bc","PDT","2023-05-07T00:29:00.000Z","2023-05-08T00:00:00.000Z","OUT","H","FUL","2.00","55.344783","-120.35795","6668"
"61222","nb","ADT","2023-05-08T01:49:56.000Z","2023-05-07T23:50:00.000Z","OUT","U","FUL","0.20","45.95819","-66.84473","6668"
"2023-C40115","bc","PDT","2023-04-28T23:33:00.000Z","2023-05-07T23:00:00.000Z","OUT","H","MOD","0.10","51.518000000000001","-120.838283","6668"
"KEN_FIRE_004","on","GMT","2023-05-06T17:53:00.000Z","2023-05-07T22:00:00.000Z","OUT","H","FUL","3.90","50.2329","-94.9571","6668"
"2023-G10221","bc","PDT","2023-05-05T22:27:00.000Z","2023-05-07T22:00:00.000Z","OUT","H","FUL","0.25","53.785432999999998","-122.71615","6668"
"HWF-043-2023","ab","MST","2023-05-07T18:05:00.000Z","2023-05-07T21:35:00.000Z","OUT","H","FUL","0.86","58.560968","-117.68055","6668"
"LWF-096-2023","ab","MST","2023-05-06T17:48:00.000Z","2023-05-07T20:30:00.000Z","OUT","H","FUL","3.70","54.614833","-110.476967","6668"
"EWF-021-2023","ab","MST","2023-04-30T20:11:00.000Z","2023-05-07T18:45:00.000Z","OUT","H","FUL","8.72","53.550717","-116.802883","6668"
"14-002-2023","ns","ADT","2023-05-08T06:00:00.000Z","2023-05-07T18:41:07.000Z","OUT","N","FUL","0.41","45.26097488","-62.09001923","6668"
"HWF-045-2023","ab","MST","2023-05-07T22:00:00.000Z","2023-05-07T17:38:29.000Z","OUT","H","FUL","0.01","58.523805","-116.846842","6668"
"LWF-100-2023","ab","MST","2023-05-07T23:20:00.000Z","2023-05-07T17:30:00.000Z","OUT","H","FUL","0.01","55.070312","-111.995667","6668"
"HWF-044-2023","ab","MST","2023-05-07T20:25:00.000Z","2023-05-07T16:32:00.000Z","OUT","H","FUL","0.50","58.516912","-116.356867","6668"
"EWF-030-2023","ab","MST","2023-05-04T17:13:00.000Z","2023-05-07T16:30:00.000Z","OUT","H","FUL","0.20","53.3757","-116.8433","6668"
"61164","nb","ADT","2023-05-07T16:08:03.000Z","2023-05-07T16:09:00.000Z","OUT","U","FUL","0.50","47.72733","-64.6869","6668"
"SWF-062-2023","ab","MST","2023-05-04T22:25:00.000Z","2023-05-07T15:20:00.000Z","OUT","N","FUL","0.01","56.055483","-115.017883","6668"
"EA004","mb","CDT","2023-05-03T05:00:00.000Z","2023-05-07T15:06:00.000Z","OUT","H","FUL","50.00","51.70972","-98.64083","6668"
"CWF-005-2023","ab","MST","2023-05-06T18:09:00.000Z","2023-05-07T14:26:00.000Z","OUT","H","FUL","0.70","51.5921","-114.757933","6668"
"HWF-031-2023","ab","MST","2023-05-03T01:16:00.000Z","2023-05-07T14:21:48.000Z","OUT","H","FUL","0.33","58.465117","-114.542967","6668"
"GWF-024-2023","ab","MST","2023-05-07T18:32:00.000Z","2023-05-07T12:55:00.000Z","OUT","H","FUL","0.01","54.423072","-117.771818","6668"
"23SF-DITCH04","sk","CST","2023-05-07T11:21:16.000Z","2023-05-07T11:50:35.000Z","OUT","H","MOD","0.10","51.491522","-105.430056","6668"
"23PA-MIR01","sk","CST","2023-05-03T16:06:36.000Z","2023-05-07T10:44:14.000Z","OUT","H","MOD","5.00","53.12545","-106.82225","6668"
"61122","nb","ADT","2023-05-06T10:42:20.000Z","2023-05-07T10:30:00.000Z","OUT","U","FUL","0.10","45.44739","-66.3465","6668"
"61262","nb","ADT","2023-05-08T14:20:29.000Z","2023-05-07T09:00:00.000Z","OUT","U","FUL","0.50","44.99674","-66.96005","6668"
"61143","nb","ADT","2023-05-06T18:34:47.000Z","2023-05-07T08:03:00.000Z","OUT","U","FUL","7.70","45.95773","-66.83612","6668"
"23LX-COLE","sk","CST","2023-05-04T13:30:27.000Z","2023-05-07T07:18:43.000Z","OUT","H","FUL","0.50","55.096451","-108.286498","6668"
"09-005-2023","ns","ADT","2023-05-07T06:00:00.000Z","2023-05-07T06:00:00.000Z","OUT","N","FUL","0.27","44.71201324","-63.41287994","6668"
"RWF-027-2023","ab","MST","2023-05-04T02:00:00.000Z","2023-05-07T00:00:00.000Z","OUT","N","FUL","13100.00","52.82095","-115.908167","6668"
"KEN_FIRE_003","on","GMT","2023-05-06T02:03:00.000Z","2023-05-06T23:30:00.000Z","OUT","H","FUL","2.20","49.7444","-94.6364","6668"
"2023-N20204","bc","PDT","2023-05-04T19:13:00.000Z","2023-05-06T22:00:00.000Z","OUT","N","FUL","0.01","50.834217000000002","-116.350883","6668"
"LWF-098-2023","ab","MST","2023-05-07T03:32:00.000Z","2023-05-06T21:50:00.000Z","OUT","H","FUL","0.05","55.399067","-112.4412","6668"
"RWF-035-2023","ab","MST","2023-05-04T23:27:00.000Z","2023-05-06T20:20:19.000Z","OUT","N","FUL","0.10","52.519083","-115.489217","6668"
"23HB-DELTA","sk","CST","2023-05-03T10:40:34.000Z","2023-05-06T20:12:59.000Z","OUT","H","MOD","359.00","53.960517","-102.40425","6668"
"23HB-MUSKEG","sk","CST","2023-05-04T14:00:28.000Z","2023-05-06T20:10:47.000Z","OUT","H","MOD","5.00","54.056483","-102.680733","6668"
"23BR-AIR01","sk","CST","2023-05-06T13:11:39.000Z","2023-05-06T20:03:57.000Z","OUT","H","MOD","0.10","53.374417","-106.843767","6668"
"23WY-MLIR03","sk","CST","2023-05-06T14:26:32.000Z","2023-05-06T18:30:15.000Z","OUT","H","MOD","19.80","53.532383","-106.00885","6668"
"LWF-097-2023","ab","MST","2023-05-06T21:50:00.000Z","2023-05-06T15:55:00.000Z","OUT","H","FUL","0.01","54.708003","-111.962875","6668"
"WWF-022-2023","ab","MST","2023-05-04T21:45:00.000Z","2023-05-06T15:28:00.000Z","OUT","H","FUL","0.01","54.206402","-116.031212","6668"
"EWF-044-2023","ab","MST","2023-05-06T21:00:00.000Z","2023-05-06T15:05:00.000Z","OUT","H","FUL","0.03","53.507383","-117.31625","6668"
"WE001","mb","CDT","2023-05-04T05:00:00.000Z","2023-05-06T14:16:00.000Z","OUT","H","FUL","0.10","51.81583","-100.91333","6668"
"SWF-069-2023","ab","MST","2023-05-05T21:41:00.000Z","2023-05-06T13:45:00.000Z","OUT","N","FUL","0.50","56.6665","-114.342017","6668"
"LWF-095-2023","ab","MST","2023-05-06T08:00:00.000Z","2023-05-06T13:05:00.000Z","OUT","H","FUL","0.03","55.20825","-112.4681","6668"
"RWF-042-2023","ab","MST","2023-05-06T17:30:00.000Z","2023-05-06T11:45:00.000Z","OUT","H","FUL","0.01","52.652512","-114.821083","6668"
"RWF-032-2023","ab","MST","2023-05-04T22:03:00.000Z","2023-05-06T11:39:44.000Z","OUT","N","FUL","15000.00","52.905417","-115.695967","6668"
"RWF-033-2023","ab","MST","2023-05-04T22:17:00.000Z","2023-05-06T09:00:00.000Z","OUT","N","FUL","5.00","52.886333","-115.8995","6668"
"2023-K20103","bc","PDT","2023-04-28T00:09:00.000Z","2023-05-05T20:30:00.000Z","OUT","H","FUL","2.30","50.868532999999999","-119.96254999999999","6668"
"07-005-2023","ns","ADT","2023-04-23T06:00:00.000Z","2023-05-05T20:25:04.000Z","OUT","N","FUL","0.01","45.01918030","-64.58676910","6668"
"2023-K60127","bc","PDT","2023-04-29T19:53:00.000Z","2023-05-05T20:00:00.000Z","OUT","H","FUL","38.65","50.146932999999997","-120.848866","6668"
"23DN-TIPS","sk","CST","2023-05-04T16:32:37.000Z","2023-05-05T19:58:19.000Z","OUT","H","MOD","0.10","54.490167","-108.5479","6668"
"07-002-2023","ns","ADT","2023-04-11T06:00:00.000Z","2023-05-05T19:45:02.000Z","OUT","N","FUL","0.01","45.09531021","-64.47747040","6668"
"23WY-LRIR02","sk","CST","2023-05-04T17:57:04.000Z","2023-05-05T19:37:28.000Z","OUT","H","MOD","2.50","53.514383","-105.979342","6668"
"23DN-LLIR06","sk","CST","2023-05-04T23:03:40.000Z","2023-05-05T19:35:14.000Z","OUT","H","MOD","0.10","54.0327","-109.162683","6668"
"HWF-041-2023","ab","MST","2023-05-05T15:50:00.000Z","2023-05-05T17:42:00.000Z","OUT","H","FUL","0.04","58.514883","-116.301333","6668"
"61102","nb","ADT","2023-05-05T13:20:19.000Z","2023-05-05T17:05:00.000Z","OUT","U","FUL","0.10","45.96907","-66.85152","6668"
"SWF-067-2023","ab","MST","2023-05-05T18:04:00.000Z","2023-05-05T17:00:01.000Z","OUT","N","FUL","534.00","55.022167","-115.8975","6668"
"SWF-053-2023","ab","MST","2023-05-01T22:39:00.000Z","2023-05-05T17:00:00.000Z","OUT","H","FUL","58.50","55.093","-115.974833","6668"
"SWF-058-2023","ab","MST","2023-05-04T21:28:00.000Z","2023-05-05T16:51:40.000Z","OUT","N","FUL","1500.00","54.893733","-115.664967","6668"
"MWF-011-2023","ab","MST","2023-05-05T22:35:00.000Z","2023-05-05T16:46:00.000Z","OUT","H","FUL","0.02","57.3639","-111.020557","6668"
"SWF-065-2023","ab","MST","2023-05-05T03:15:00.000Z","2023-05-05T16:00:00.000Z","OUT","N","FUL","0.20","56.0015","-114.899667","6668"
"EA003","mb","CDT","2023-05-03T05:00:00.000Z","2023-05-05T15:59:00.000Z","OUT","H","FUL","12.80","51.58139","-98.71556","6668"
"SLK_FIRE_001","on","GMT","2023-05-03T22:38:00.000Z","2023-05-05T14:12:00.000Z","OUT","H","FUL","1.00","50.1459","-91.6732","6668"
"23SF-DITCH03","sk","CST","2023-05-05T11:57:54.000Z","2023-05-05T13:39:07.000Z","OUT","H","MOD","0.50","50.693944","-105.171059","6668"
"23SR-LLHIR01","sk","CST","2023-05-05T11:03:28.000Z","2023-05-05T13:21:44.000Z","OUT","H","MOD","0.10","58.110353","-103.1561","6668"
"EWF-033-2023","ab","MST","2023-05-05T02:04:00.000Z","2023-05-05T12:18:00.000Z","OUT","N","FUL","0.01","53.922883","-119.13195","6668"
"RWF-037-2023","ab","MST","2023-05-05T16:05:00.000Z","2023-05-05T12:00:00.000Z","OUT","N","FUL","0.01","52.010667","-116.421083","6668"
"HWF-039-2023","ab","MST","2023-05-04T21:35:00.000Z","2023-05-05T09:05:00.000Z","OUT","H","FUL","22.50","58.70753","-118.670469","6668"
"RWF-026-2023","ab","MST","2023-05-04T01:53:00.000Z","2023-05-05T09:00:00.000Z","OUT","N","FUL","0.40","53.102417","-115.68055","6668"
"2023JA2","pc","MDT","2023-05-06T01:45:42.000Z","2023-05-05T07:00:00.000Z","OUT","N","FUL","0.00","52.8447","-118.0671","6668"
"2023BA4","pc","MDT","2023-05-05T01:12:33.000Z","2023-05-05T07:00:00.000Z","OUT","N","FUL","0.20","51.3587","-116.038","6668"
"2023-R10202","bc","PDT","2023-05-04T19:34:00.000Z","2023-05-05T04:00:00.000Z","OUT","H","FUL","0.60","54.002417000000001","-125.742","6668"
"HWF-040-2023","ab","MST","2023-05-05T00:12:00.000Z","2023-05-04T21:30:00.000Z","OUT","H","FUL","1.20","58.718476","-118.743523","6668"
"07-003-2023","ns","ADT","2023-04-19T06:00:00.000Z","2023-05-04T20:17:00.000Z","OUT","N","FUL","0.23","45.06976700","-64.66030884","6668"
"23HB-FWDF01","sk","CST","2023-05-03T12:48:02.000Z","2023-05-04T18:45:03.000Z","OUT","H","MOD","77.80","51.437117","-103.140017","6668"
"23DN-BIIR02","sk","CST","2023-05-01T13:49:35.000Z","2023-05-04T18:10:15.000Z","OUT","H","MOD","0.80","54.41295","-109.6293","6668"
"23DN-ILIR02","sk","CST","2023-05-01T22:49:43.000Z","2023-05-04T18:07:48.000Z","OUT","H","MOD","0.90","54.04795","-109.603683","6668"
"SWF-026-2023","ab","MST","2023-04-26T18:43:00.000Z","2023-05-04T18:02:00.000Z","OUT","U","FUL","11.90","55.394767","-115.739983","6668"
"23LA-ROCKS","sk","CST","2023-05-04T16:57:31.000Z","2023-05-04T17:53:20.000Z","OUT","H","FUL","0.10","55.09834","-105.31157","6668"
"RWF-019-2023","ab","MST","2023-05-03T21:12:00.000Z","2023-05-04T17:08:00.000Z","OUT","N","FUL","0.70","52.223","-115.225","6668"
"EA002","mb","CDT","2023-05-02T05:00:00.000Z","2023-05-04T15:42:00.000Z","OUT","H","FUL","122.00","51.24194","-97.76667","6668"
"RWF-024-2023","ab","MST","2023-05-03T23:30:00.000Z","2023-05-04T14:41:00.000Z","OUT","N","FUL","0.10","51.704345","-115.214502","6668"
"RWF-029-2023","ab","MST","2023-05-04T17:51:00.000Z","2023-05-04T14:15:00.000Z","OUT","N","FUL","0.01","52.715833","-115.446383","6668"
"PWF-024-2023","ab","MST","2023-05-03T14:25:00.000Z","2023-05-04T14:15:00.000Z","OUT","H","FUL","0.50","56.428467","-116.096917","6668"
"WWF-018-2023","ab","MST","2023-05-04T01:41:00.000Z","2023-05-04T13:26:00.000Z","OUT","N","FUL","0.03","54.452655","-116.671958","6668"
"23LX-ERFN02","sk","CST","2023-05-04T10:27:33.000Z","2023-05-04T12:11:02.000Z","OUT","H","MOD","1.00","55.912067","-107.723817","6668"
"WWF-019-2023","ab","MST","2023-05-04T01:35:00.000Z","2023-05-04T12:10:00.000Z","OUT","N","FUL","0.10","54.4277","-116.539635","6668"
"RWF-028-2023","ab","MST","2023-05-04T02:31:00.000Z","2023-05-04T11:15:00.000Z","OUT","N","FUL","0.10","52.883533","-116.036367","6668"
"SWF-051-2023","ab","MST","2023-05-01T00:13:00.000Z","2023-05-04T11:00:00.000Z","OUT","H","FUL","0.30","55.236667","-115.3205","6668"
"23LX-BEAVER","sk","CST","2023-04-30T15:25:44.000Z","2023-05-04T10:38:22.000Z","OUT","H","MOD","5.00","55.428483","-107.771267","6668"
"LWF-083-2023","ab","MST","2023-05-03T23:11:00.000Z","2023-05-04T09:52:00.000Z","OUT","H","FUL","0.01","55.917817","-110.7379","6668"
"HWF-038-2023","ab","MST","2023-05-04T15:01:00.000Z","2023-05-04T09:29:00.000Z","OUT","H","FUL","0.90","58.709017","-118.670967","6668"
"23SR-CIR01","sk","CST","2023-05-01T18:00:02.000Z","2023-05-04T08:27:49.000Z","OUT","H","MOD","0.10","59.259246","-105.789896","6668"
"23WY-LRIR01","sk","CST","2023-05-02T18:15:48.000Z","2023-05-04T08:10:41.000Z","OUT","H","MOD","0.30","53.51175","-105.945667","6668"
"LWF-086-2023","ab","MST","2023-05-04T12:11:00.000Z","2023-05-04T07:00:00.000Z","OUT","H","FUL","0.20","55.264917","-113.229217","6668"
"2023BA3","pc","MDT","2023-05-04T19:43:17.000Z","2023-05-04T07:00:00.000Z","OUT","H","FUL","3.30","51.2073","-115.5354","6668"
"05-005-2023","ns","ADT","2023-05-04T06:00:00.000Z","2023-05-04T06:00:00.000Z","OUT","N","FUL","0.90","44.34206390","-65.96763611","6668"
"2023-R40178","bc","PDT","2023-05-03T18:30:00.000Z","2023-05-03T23:30:00.000Z","OUT","H","FUL","0.01","55.248832999999998","-127.67055000000001","6668"
"2023-C20095","bc","PDT","2023-04-27T00:54:00.000Z","2023-05-03T23:30:00.000Z","OUT","H","FUL","4.93","51.999549999999999","-122.15683300000001","6668"
"2023-N50136","bc","PDT","2023-04-29T23:02:00.000Z","2023-05-03T22:30:00.000Z","OUT","H","FUL","0.10","50.077717","-117.917633","6668"
"10-005-2023","ns","ADT","2023-05-01T06:00:00.000Z","2023-05-03T22:20:55.000Z","OUT","N","FUL","0.50","45.85554123","-63.46194077","6668"
"HWF-037-2023","ab","MST","2023-05-04T02:45:00.000Z","2023-05-03T20:50:00.000Z","OUT","U","FUL","0.01","58.501267","-115.1547","6668"
"HWF-035-2023","ab","MST","2023-05-03T18:20:00.000Z","2023-05-03T20:35:00.000Z","OUT","H","FUL","1.40","58.236592","-115.799967","6668"
"KEN_FIRE_002","on","GMT","2023-05-03T00:45:00.000Z","2023-05-03T19:50:00.000Z","OUT","H","FUL","0.20","50.1623","-94.9179","6668"
"RWF-023-2023","ab","MST","2023-05-03T23:16:00.000Z","2023-05-03T19:45:00.000Z","OUT","N","FUL","0.10","52.664333","-115.439133","6668"
"RWF-021-2023","ab","MST","2023-05-03T22:14:00.000Z","2023-05-03T19:45:00.000Z","OUT","N","FUL","0.60","52.508283","-115.595033","6668"
"RWF-025-2023","ab","MST","2023-05-04T00:13:00.000Z","2023-05-03T19:43:00.000Z","OUT","N","FUL","0.40","52.834333","-116.056333","6668"
"SWF-056-2023","ab","MST","2023-05-04T00:30:00.000Z","2023-05-03T19:15:00.000Z","OUT","H","FUL","0.10","55.1723","-114.170667","6668"
"23LX-PRINGLE","sk","CST","2023-04-24T18:16:56.000Z","2023-05-03T17:51:21.000Z","OUT","H","FUL","4.20","55.13657","-107.865342","6668"
"RWF-022-2023","ab","MST","2023-05-03T22:35:00.000Z","2023-05-03T17:45:00.000Z","OUT","N","FUL","0.01","52.491","-115.505333","6668"
"DRY_FIRE_002","on","GMT","2023-05-02T21:33:00.000Z","2023-05-03T17:15:00.000Z","OUT","H","FUL","3.20","49.8003","-92.8941","6668"
"RWF-017-2023","ab","MST","2023-05-02T00:00:00.000Z","2023-05-03T17:00:00.000Z","OUT","H","FUL","0.30","52.61395","-114.652883","6668"
"RWF-015-2023","ab","MST","2023-04-30T23:30:00.000Z","2023-05-03T17:00:00.000Z","OUT","H","FUL","0.80","52.671333","-114.862533","6668"
"RWF-018-2023","ab","MST","2023-05-02T22:24:00.000Z","2023-05-03T17:00:00.000Z","OUT","H","FUL","0.50","52.693083","-115.33745","6668"
"23LX-ERFN01","sk","CST","2023-05-03T14:40:05.000Z","2023-05-03T16:30:35.000Z","OUT","H","MOD","0.10","55.919617","-107.722733","6668"
"RWF-020-2023","ab","MST","2023-05-03T21:15:00.000Z","2023-05-03T16:30:00.000Z","OUT","N","FUL","0.01","52.038167","-115.478533","6668"
"23SF-DITCH02","sk","CST","2023-04-30T14:06:57.000Z","2023-05-03T14:25:01.000Z","OUT","H","MOD","0.10","52.268152","-105.54981","6668"
"WWF-016-2023","ab","MST","2023-05-01T22:54:00.000Z","2023-05-03T14:10:00.000Z","OUT","N","FUL","0.45","54.34441","-116.934768","6668"
"23SF-DITCH01","sk","CST","2023-04-27T15:14:25.000Z","2023-05-03T13:58:42.000Z","OUT","H","MOD","0.10","51.800877","-106.494157","6668"
"HWF-034-2023","ab","MST","2023-05-03T17:40:00.000Z","2023-05-03T13:00:00.000Z","OUT","H","FUL","15.00","58.4676","-114.4811","6668"
"SWF-055-2023","ab","MST","2023-05-03T17:32:00.000Z","2023-05-03T12:50:00.000Z","OUT","H","FUL","0.10","54.966217","-115.57085","6668"
"WWF-014-2023","ab","MST","2023-04-29T22:35:00.000Z","2023-05-03T12:28:00.000Z","OUT","H","FUL","1.01","54.572802","-115.524897","6668"
"LWF-034-2023","ab","MST","2023-04-22T20:28:00.000Z","2023-05-03T11:15:00.000Z","OUT","H","FUL","0.20","55.918117","-110.735433","6668"
"LWF-002-2023","ab","MST","2023-04-08T16:35:00.000Z","2023-05-03T11:00:00.000Z","OUT","H","FUL","0.01","55.9185","-110.734","6668"
"LWF-046-2023","ab","MST","2023-04-25T03:53:00.000Z","2023-05-03T10:45:00.000Z","OUT","H","FUL","0.01","55.933717","-110.724967","6668"
"LWF-075-2023","ab","MST","2023-04-30T21:45:00.000Z","2023-05-03T10:30:00.000Z","OUT","H","FUL","0.01","55.9283","-110.720333","6668"
"LWF-029-2023","ab","MST","2023-04-22T17:49:00.000Z","2023-05-03T10:15:00.000Z","OUT","H","FUL","0.30","55.92675","-110.723967","6668"
"HWF-033-2023","ab","MST","2023-05-03T03:09:00.000Z","2023-05-03T08:26:00.000Z","OUT","H","FUL","0.01","58.5098","-115.14925","6668"
"2023-C50129","bc","PDT","2023-04-29T20:34:00.000Z","2023-05-02T21:30:00.000Z","OUT","H","FUL","10.12","51.482216999999999","-123.8438","6668"
"2023-C50072","bc","PDT","2023-04-21T21:54:00.000Z","2023-05-02T21:00:00.000Z","OUT","H","MOD","47.76","51.891249999999999","-123.23184999999999","6668"
"HWF-032-2023","ab","MST","2023-05-03T02:00:00.000Z","2023-05-02T20:15:00.000Z","OUT","H","FUL","0.01","58.223528","-116.191285","6668"
"KEN_FIRE_001","on","GMT","2023-05-01T20:55:00.000Z","2023-05-02T20:05:00.000Z","OUT","H","FUL","0.60","50.1277","-94.9531","6668"
"23HB-DITCH01","sk","CST","2023-05-02T14:27:37.000Z","2023-05-02T19:41:05.000Z","OUT","H","MOD","16.00","51.57175","-101.903973","6668"
"SWF-054-2023","ab","MST","2023-05-03T00:47:00.000Z","2023-05-02T19:25:00.000Z","OUT","H","FUL","0.05","55.952783","-113.933483","6668"
"23HB-SMOKYRD","sk","CST","2023-05-02T14:01:44.000Z","2023-05-02T19:24:10.000Z","OUT","H","FUL","2.50","52.925767","-102.073283","6668"
"2023-V30104","bc","PDT","2023-04-28T01:00:00.000Z","2023-05-02T19:00:00.000Z","OUT","H","FUL","0.30","50.312533000000002","-122.677217","6668"
"23PA-WDFN01","sk","CST","2023-05-01T16:59:22.000Z","2023-05-02T18:49:48.000Z","OUT","H","MOD","3.00","53.276103","-105.900415","6668"
"2023-R30140","bc","PDT","2023-04-30T00:11:00.000Z","2023-05-02T18:30:00.000Z","OUT","H","FUL","3.10","54.63505","-126.874117","6668"
"23DN-TCIR01","sk","CST","2023-04-30T09:32:21.000Z","2023-05-02T17:36:49.000Z","OUT","H","MOD","2.80","53.483467","-108.8509","6668"
"23DN-TCIR02","sk","CST","2023-05-01T15:58:40.000Z","2023-05-02T17:27:36.000Z","OUT","H","MOD","1.10","53.4817","-108.874467","6668"
"LWF-082-2023","ab","MST","2023-05-02T22:20:00.000Z","2023-05-02T16:30:00.000Z","OUT","H","FUL","0.20","55.184","-112.388","6668"
"23BN-TURNOR","sk","CST","2023-05-02T09:24:18.000Z","2023-05-02T16:25:58.000Z","OUT","H","FUL","0.10","56.472654","-108.706004","6668"
"GWF-012-2023","ab","MST","2023-04-30T13:57:00.000Z","2023-05-02T15:47:00.000Z","OUT","H","FUL","3.10","54.505505","-117.671198","6668"
"LWF-081-2023","ab","MST","2023-05-02T18:16:00.000Z","2023-05-02T15:45:00.000Z","OUT","H","FUL","0.50","55.917083","-110.73375","6668"
"23DB-PNIR03","sk","CST","2023-05-02T12:00:26.000Z","2023-05-02T14:57:37.000Z","OUT","H","MOD","0.50","55.169233","-102.930033","6668"
"EWF-024-2023","ab","MST","2023-05-02T18:11:00.000Z","2023-05-02T14:54:00.000Z","OUT","H","FUL","0.74","53.531033","-116.821","6668"
"LWF-079-2023","ab","MST","2023-05-01T17:56:00.000Z","2023-05-02T14:50:00.000Z","OUT","H","FUL","0.99","55.929217","-110.720583","6668"
"EA001","mb","CDT","2023-04-30T05:00:00.000Z","2023-05-02T14:49:00.000Z","OUT","H","FUL","10.00","50.41694","-96.01694","6668"
"23BN-CRIR01","sk","CST","2023-04-30T14:52:07.000Z","2023-05-02T14:42:53.000Z","OUT","H","FUL","1.00","56.519325","-109.421367","6668"
"LWF-080-2023","ab","MST","2023-05-02T03:22:00.000Z","2023-05-02T14:10:00.000Z","OUT","H","FUL","0.50","54.67745","-111.894667","6668"
"PWF-023-2023","ab","MST","2023-05-02T18:00:00.000Z","2023-05-02T12:30:00.000Z","OUT","H","FUL","0.01","56.482125","-119.192863","6668"
"23PA-JSFN02","sk","CST","2023-05-01T14:20:13.000Z","2023-05-02T12:21:29.000Z","OUT","H","MOD","15.00","53.076794","-104.79103","6668"
"HWF-029-2023","ab","MST","2023-05-02T17:10:00.000Z","2023-05-02T12:07:00.000Z","OUT","H","FUL","0.80","58.713833","-118.74505","6668"
"LWF-077-2023","ab","MST","2023-05-01T05:09:00.000Z","2023-05-02T10:30:00.000Z","OUT","H","FUL","0.04","55.916167","-110.7368","6668"
"23WY-DITCH01","sk","CST","2023-04-30T17:11:46.000Z","2023-05-02T07:25:50.000Z","OUT","H","FUL","0.10","54.7543","-105.619717","6668"
"15-007-2023","ns","ADT","2023-04-30T06:00:00.000Z","2023-05-02T06:00:00.000Z","OUT","N","FUL","0.73","45.95869446","-60.70140076","6668"
"10-004-2023","ns","ADT","2023-05-01T06:00:00.000Z","2023-05-02T06:00:00.000Z","OUT","N","FUL","0.49","45.69572830","-64.44344330","6668"
"16-003-2023","ns","ADT","2023-05-02T06:00:00.000Z","2023-05-02T06:00:00.000Z","OUT","N","FUL","0.12","46.20728683","-61.29707718","6668"
"15-009-2023","ns","ADT","2023-04-30T06:00:00.000Z","2023-05-02T06:00:00.000Z","OUT","N","FUL","0.06","45.94866562","-60.68328476","6668"
"04-015-2023","ns","ADT","2023-05-01T06:00:00.000Z","2023-05-02T06:00:00.000Z","OUT","N","FUL","0.44","43.85109711","-66.12755585","6668"
"15-008-2023","ns","ADT","2023-04-30T06:00:00.000Z","2023-05-02T06:00:00.000Z","OUT","N","FUL","0.79","45.94949341","-60.70613480","6668"
"16-005-2023","ns","ADT","2023-05-02T06:00:00.000Z","2023-05-02T01:20:47.000Z","OUT","N","FUL","0.05","46.65480042","-60.96788788","6668"
"16-004-2023","ns","ADT","2023-05-02T06:00:00.000Z","2023-05-02T00:31:07.000Z","OUT","N","FUL","2.09","46.41860580","-61.08919907","6668"
"2023-C50094","bc","PDT","2023-04-27T00:25:00.000Z","2023-05-01T22:00:00.000Z","OUT","H","FUL","4.79","52.100532999999999","-124.23521700000001","6668"
"2023-R20089","bc","PDT","2023-04-26T00:31:00.000Z","2023-05-01T21:30:00.000Z","OUT","H","FUL","0.20","54.430917000000001","-126.760417","6668"
"2023-G40156","bc","PDT","2023-05-01T04:26:00.000Z","2023-05-01T20:30:00.000Z","OUT","H","FUL","0.60","53.984699999999997","-123.82495","6668"
"23DN-WHIR04","sk","CST","2023-04-30T21:45:23.000Z","2023-05-01T20:14:06.000Z","OUT","H","MOD","0.20","54.492783","-108.399633","6668"
"23DN-LLIR05","sk","CST","2023-05-01T14:09:29.000Z","2023-05-01T20:09:48.000Z","OUT","H","MOD","0.10","54.03895","-109.198883","6668"
"23DN-ILIR01","sk","CST","2023-04-29T15:23:53.000Z","2023-05-01T20:07:56.000Z","OUT","H","MOD","16.00","54.0427","-109.585117","6668"
"HWF-028-2023","ab","MST","2023-05-01T23:25:00.000Z","2023-05-01T19:32:00.000Z","OUT","H","FUL","1.00","58.309676","-116.178084","6668"
"EWF-016-2023","ab","MST","2023-04-29T22:26:00.000Z","2023-05-01T19:19:00.000Z","OUT","H","FUL","0.01","53.626195","-115.989925","6668"
"23PA-DITCH04","sk","CST","2023-05-01T17:09:58.000Z","2023-05-01T18:35:28.000Z","OUT","H","MOD","5.00","50.93956","-104.433529","6668"
"2023-K50113","bc","PDT","2023-04-28T22:52:00.000Z","2023-05-01T18:30:00.000Z","OUT","H","FUL","0.01","50.025449999999999","-119.499533","6668"
"2023-V70125","bc","PDT","2023-04-29T16:54:00.000Z","2023-05-01T18:00:00.000Z","OUT","H","FUL","0.01","49.268616999999999","-125.169967","6668"
"2023-C10112","bc","PDT","2023-04-28T23:09:00.000Z","2023-05-01T17:30:00.000Z","OUT","H","FUL","2.05","53.088211999999999","-124.496222","6668"
"23SF-CLASSIC","sk","CST","2023-05-01T13:00:04.000Z","2023-05-01T17:00:26.000Z","OUT","H","MOD","0.50","50.116917","-107.755528","6668"
"2023-C10148","bc","PDT","2023-04-30T21:55:00.000Z","2023-05-01T16:30:00.000Z","OUT","H","FUL","0.60","53.050367000000001","-122.532","6668"
"PWF-021-2023","ab","MST","2023-05-01T16:23:00.000Z","2023-05-01T15:45:00.000Z","OUT","H","FUL","0.04","56.6319","-117.4768","6668"
"HWF-027-2023","ab","MST","2023-05-01T17:12:00.000Z","2023-05-01T15:00:00.000Z","OUT","H","FUL","0.01","58.024502","-116.644514","6668"
"23BR-HWY301","sk","CST","2023-04-30T14:30:06.000Z","2023-05-01T14:03:01.000Z","OUT","H","FUL","0.10","53.610183","-108.138667","6668"
"PWF-018-2023","ab","MST","2023-04-29T20:15:00.000Z","2023-05-01T13:50:23.000Z","OUT","H","FUL","0.10","56.40965","-119.27525","6668"
"23PA-DITCH05","sk","CST","2023-05-01T11:29:35.000Z","2023-05-01T13:38:22.000Z","OUT","H","MOD","20.20","50.950875","-104.16058","6668"
"SWF-048-2023","ab","MST","2023-04-30T19:13:00.000Z","2023-05-01T13:00:00.000Z","OUT","H","FUL","0.90","55.953217","-113.91905","6668"
"23WY-MLIR02","sk","CST","2023-04-30T17:34:38.000Z","2023-05-01T11:44:49.000Z","OUT","H","MOD","0.10","54.054433","-105.799483","6668"
"LWF-074-2023","ab","MST","2023-04-30T17:11:00.000Z","2023-05-01T11:30:00.000Z","OUT","H","FUL","0.25","54.515052","-110.842209","6668"
"61082","nb","ADT","2023-05-02T11:05:27.000Z","2023-05-01T11:06:00.000Z","OUT","U","FUL","1.00","47.69688","-64.72208","6668"
"LWF-076-2023","ab","MST","2023-04-30T21:50:00.000Z","2023-05-01T11:00:00.000Z","OUT","H","FUL","0.99","55.945133","-110.712483","6668"
"SWF-050-2023","ab","MST","2023-04-30T23:14:00.000Z","2023-05-01T10:54:00.000Z","OUT","H","FUL","0.10","55.917417","-113.892733","6668"
"HWF-024-2023","ab","MST","2023-04-30T23:07:00.000Z","2023-05-01T10:42:34.000Z","OUT","H","FUL","1.80","58.169187","-116.601681","6668"
"61024","nb","ADT","2023-04-29T16:49:55.000Z","2023-05-01T10:33:00.000Z","OUT","U","FUL","0.20","45.36917","-66.204","6668"
"SWF-038-2023","ab","MST","2023-04-28T19:59:00.000Z","2023-05-01T10:28:00.000Z","OUT","H","FUL","0.32","55.624083","-116.333033","6668"
"61063","nb","ADT","2023-04-30T18:35:22.000Z","2023-05-01T09:00:00.000Z","OUT","U","FUL","2.70","46.61525","-65.88615","6668"
"2023EI3","pc","MDT","2023-04-30T18:37:02.000Z","2023-05-01T07:00:00.000Z","OUT","H","FUL","0.29","53.5647","-112.8528","6668"
"15-006-2023","ns","ADT","2023-05-01T06:00:00.000Z","2023-05-01T06:00:00.000Z","OUT","N","FUL","2.00","45.96128845","-60.70582581","6668"
"04-014-2023","ns","ADT","2023-04-26T06:00:00.000Z","2023-05-01T06:00:00.000Z","OUT","N","FUL","1.20","43.80078506","-65.80847931","6668"
"04-013-2023","ns","ADT","2023-04-30T06:00:00.000Z","2023-05-01T06:00:00.000Z","OUT","N","FUL","2.00","43.85510254","-66.14597321","6668"
"03-006-2023","ns","ADT","2023-05-01T06:00:00.000Z","2023-05-01T06:00:00.000Z","OUT","N","FUL","38.88","43.77526855","-65.59262848","6668"
"03-005-2023","ns","ADT","2023-05-01T06:00:00.000Z","2023-05-01T06:00:00.000Z","OUT","N","FUL","0.02","43.86713791","-65.42546082","6668"
"HWF-026-2023","ab","MST","2023-05-01T04:30:00.000Z","2023-04-30T23:45:07.000Z","OUT","H","FUL","0.05","58.713067","-118.667167","6668"
"06-004-2023","ns","ADT","2023-04-30T06:00:00.000Z","2023-04-30T23:07:02.000Z","OUT","N","FUL","0.60","44.71114731","-65.55221558","6668"
"FOR_FIRE_001","on","GMT","2023-04-30T17:18:00.000Z","2023-04-30T22:30:00.000Z","OUT","H","FUL","0.90","48.9376","-93.9251","6668"
"HWF-025-2023","ab","MST","2023-05-01T04:05:00.000Z","2023-04-30T22:30:00.000Z","OUT","H","FUL","0.01","58.713833","-118.754733","6668"
"SWF-049-2023","ab","MST","2023-04-30T23:07:00.000Z","2023-04-30T20:30:00.000Z","OUT","H","FUL","0.82","55.905767","-113.8551","6668"
"61062","nb","ADT","2023-04-30T08:50:29.000Z","2023-04-30T20:09:00.000Z","OUT","U","FUL","2.60","46.64204","-65.86088","6668"
"SWF-052-2023","ab","MST","2023-05-01T01:27:00.000Z","2023-04-30T20:06:00.000Z","OUT","H","FUL","0.10","55.404067","-116.049133","6668"
"23PA-JSFN01","sk","CST","2023-04-30T13:41:40.000Z","2023-04-30T19:13:29.000Z","OUT","H","MOD","15.00","53.051367","-104.830567","6668"
"2023-K20102","bc","PDT","2023-04-28T00:04:00.000Z","2023-04-30T19:00:00.000Z","OUT","H","MON","0.20","50.651727000000001","-120.341129","6668"
"HWF-023-2023","ab","MST","2023-04-30T21:29:00.000Z","2023-04-30T18:53:00.000Z","OUT","H","FUL","0.50","58.46705","-114.540933","6668"
"GWF-013-2023","ab","MST","2023-04-30T22:53:00.000Z","2023-04-30T18:30:00.000Z","OUT","H","FUL","0.10","55.516922","-119.455537","6668"
"MWF-007-2023","ab","MST","2023-04-30T22:38:00.000Z","2023-04-30T17:50:00.000Z","OUT","H","FUL","0.01","57.098633","-111.753067","6668"
"SWF-035-2023","ab","MST","2023-04-28T00:43:00.000Z","2023-04-30T17:37:00.000Z","OUT","U","FUL","0.01","55.371683","-115.72055","6668"
"23BR-BRIR01","sk","CST","2023-04-29T15:39:11.000Z","2023-04-30T16:53:40.000Z","OUT","H","MOD","1.90","53.664667","-107.166883","6668"
"SWF-023-2023","ab","MST","2023-04-26T06:00:00.000Z","2023-04-30T16:03:00.000Z","OUT","U","FUL","9.40","55.372017","-115.71595","6668"
"SWF-024-2023","ab","MST","2023-04-26T16:37:00.000Z","2023-04-30T14:19:00.000Z","OUT","U","FUL","0.10","55.37415","-115.72755","6668"
"61042","nb","ADT","2023-04-29T21:26:38.000Z","2023-04-30T14:18:00.000Z","OUT","U","FUL","0.30","45.95689","-66.85306","6668"
"LWF-059-2023","ab","MST","2023-04-27T22:52:00.000Z","2023-04-30T14:15:00.000Z","OUT","H","FUL","0.02","54.947667","-112.403383","6668"
"61043","nb","ADT","2023-04-29T21:38:50.000Z","2023-04-30T14:09:00.000Z","OUT","U","FUL","0.40","45.95721","-66.8382","6668"
"EWF-020-2023","ab","MST","2023-04-30T19:20:00.000Z","2023-04-30T13:21:00.000Z","OUT","H","FUL","0.14","53.164083","-116.9845","6668"
"SWF-021-2023","ab","MST","2023-04-26T05:07:00.000Z","2023-04-30T12:51:00.000Z","OUT","U","FUL","3.50","55.367417","-115.689517","6668"
"61022","nb","ADT","2023-04-29T14:53:04.000Z","2023-04-30T12:47:00.000Z","OUT","U","FUL","0.20","45.74153","-67.01489","6668"
"SWF-020-2023","ab","MST","2023-04-26T05:02:00.000Z","2023-04-30T12:44:00.000Z","OUT","U","FUL","8.60","55.373783","-115.6707","6668"
"PWF-019-2023","ab","MST","2023-04-30T00:11:00.000Z","2023-04-30T11:20:00.000Z","OUT","H","FUL","0.80","56.720083","-117.4023","6668"
"61026","nb","ADT","2023-04-29T19:01:10.000Z","2023-04-30T11:00:00.000Z","OUT","U","FUL","0.20","45.98858","-67.60731","6668"
"HWF-020-2023","ab","MST","2023-04-29T23:10:00.000Z","2023-04-30T10:45:00.000Z","OUT","H","FUL","7.94","58.5233","-116.426883","6668"
"LWF-068-2023","ab","MST","2023-04-29T16:50:00.000Z","2023-04-30T10:18:00.000Z","OUT","H","FUL","0.50","55.9415","-110.715733","6668"
"LWF-067-2023","ab","MST","2023-04-29T00:03:00.000Z","2023-04-30T10:05:00.000Z","OUT","H","FUL","0.20","55.92795","-110.72255","6668"
"LWF-069-2023","ab","MST","2023-04-29T18:35:00.000Z","2023-04-30T10:00:00.000Z","OUT","H","FUL","0.01","55.927783","-110.72355","6668"
"LWF-071-2023","ab","MST","2023-04-29T21:40:00.000Z","2023-04-30T09:55:00.000Z","OUT","H","FUL","0.01","55.925633","-110.722217","6668"
"LWF-066-2023","ab","MST","2023-04-28T21:58:00.000Z","2023-04-30T09:50:00.000Z","OUT","H","FUL","0.01","55.929367","-110.72325","6668"
"LWF-073-2023","ab","MST","2023-04-30T15:43:00.000Z","2023-04-30T09:50:00.000Z","OUT","H","FUL","0.01","54.5151","-110.81275","6668"
"LWF-064-2023","ab","MST","2023-04-28T17:30:00.000Z","2023-04-30T09:40:00.000Z","OUT","H","FUL","0.05","55.919433","-110.738017","6668"
"LWF-070-2023","ab","MST","2023-04-29T19:05:00.000Z","2023-04-30T09:35:00.000Z","OUT","H","FUL","0.01","55.916983","-110.738533","6668"
"LWF-072-2023","ab","MST","2023-04-29T22:25:00.000Z","2023-04-30T09:15:00.000Z","OUT","H","FUL","0.70","54.997167","-111.72905","6668"
"HWF-021-2023","ab","MST","2023-04-29T23:17:00.000Z","2023-04-30T09:10:47.000Z","OUT","H","FUL","0.54","58.456717","-116.401833","6668"
"23LX-CANOE","sk","CST","2023-04-28T09:30:20.000Z","2023-04-30T08:12:13.000Z","OUT","H","MOD","0.10","55.366183","-107.9174","6668"
"05-004-2023","ns","ADT","2023-04-29T08:00:00.000Z","2023-04-30T06:00:00.000Z","OUT","N","FUL","0.20","44.40681839","-66.03114319","6668"
"12-006-2023","ns","ADT","2023-04-30T06:00:00.000Z","2023-04-30T06:00:00.000Z","OUT","N","FUL","0.01","45.39454651","-62.25851822","6668"
"04-012-2023","ns","ADT","2023-05-01T06:00:00.000Z","2023-04-30T06:00:00.000Z","OUT","N","FUL","9.40","43.86845398","-66.14714050","6668"
"EWF-019-2023","ab","MST","2023-04-30T09:15:00.000Z","2023-04-30T03:50:00.000Z","OUT","H","FUL","0.01","53.63245","-116.295467","6668"
"07-006-2023","ns","ADT","2023-04-30T06:00:00.000Z","2023-04-30T02:46:06.000Z","OUT","N","FUL","0.04","45.23034286","-64.37986755","6668"
"EWF-018-2023","ab","MST","2023-04-30T05:58:00.000Z","2023-04-30T00:41:00.000Z","OUT","H","FUL","0.01","53.57055","-116.73695","6668"
"MWF-008-2023","ab","MST","2023-04-30T05:00:00.000Z","2023-04-29T23:30:00.000Z","OUT","H","FUL","0.01","58.720972","-111.158783","6668"
"61044","nb","ADT","2023-04-29T21:53:24.000Z","2023-04-29T21:30:00.000Z","OUT","U","FUL","0.40","47.0806","-67.28873","6668"
"61025","nb","ADT","2023-04-29T18:48:55.000Z","2023-04-29T19:00:00.000Z","OUT","U","FUL","0.10","47.33548","-67.5983","6668"
"HWF-022-2023","ab","MST","2023-04-29T23:28:00.000Z","2023-04-29T18:55:00.000Z","OUT","H","FUL","0.50","58.169894","-116.230281","6668"
"23DN-WHIR03","sk","CST","2023-04-25T12:34:07.000Z","2023-04-29T16:20:49.000Z","OUT","H","MOD","30.00","54.497367","-108.388067","6668"
"23DN-LLIR03","sk","CST","2023-04-28T09:33:14.000Z","2023-04-29T16:15:21.000Z","OUT","H","MOD","0.40","54.047083","-109.1511","6668"
"SWF-046-2023","ab","MST","2023-04-29T21:21:00.000Z","2023-04-29T16:05:00.000Z","OUT","H","FUL","0.01","55.140383","-116.343717","6668"
"RWF-013-2023","ab","MST","2023-04-29T18:50:00.000Z","2023-04-29T16:00:00.000Z","OUT","H","FUL","0.70","52.720533","-115.2995","6668"
"SWF-032-2023","ab","MST","2023-04-27T23:33:00.000Z","2023-04-29T15:55:00.000Z","OUT","U","FUL","0.10","55.3491","-115.68015","6668"
"SWF-034-2023","ab","MST","2023-04-27T23:59:00.000Z","2023-04-29T15:55:00.000Z","OUT","U","FUL","0.01","55.356367","-115.66975","6668"
"SWF-031-2023","ab","MST","2023-04-27T23:10:00.000Z","2023-04-29T15:55:00.000Z","OUT","U","FUL","0.10","55.345217","-115.677383","6668"
"SWF-033-2023","ab","MST","2023-04-27T23:50:00.000Z","2023-04-29T15:55:00.000Z","OUT","U","FUL","0.01","55.35329","-115.6717","6668"
"SWF-039-2023","ab","MST","2023-04-28T20:25:00.000Z","2023-04-29T14:32:00.000Z","OUT","H","FUL","3.60","55.105333","-116.080167","6668"
"SWF-037-2023","ab","MST","2023-04-28T19:41:00.000Z","2023-04-29T14:10:00.000Z","OUT","H","FUL","1.40","54.793518","-115.51682","6668"
"61023","nb","ADT","2023-04-29T15:22:23.000Z","2023-04-29T14:00:00.000Z","OUT","U","FUL","2.30","45.94865","-66.83766","6668"
"23DN-WHIR06","sk","CST","2023-04-28T18:44:51.000Z","2023-04-29T13:51:42.000Z","OUT","H","MOD","0.30","54.5201","-108.427883","6668"
"LWF-065-2023","ab","MST","2023-04-28T20:35:00.000Z","2023-04-29T13:45:00.000Z","OUT","H","FUL","0.05","55.9163","-110.7392","6668"
"23PA-DITCH03","sk","CST","2023-04-29T11:50:33.000Z","2023-04-29T13:44:17.000Z","OUT","H","MOD","0.10","53.41695","-106.18505","6668"
"60983","nb","ADT","2023-04-28T16:43:15.000Z","2023-04-29T12:51:00.000Z","OUT","U","FUL","0.10","46.03467","-66.03638","6668"
"SWF-022-2023","ab","MST","2023-04-26T07:39:00.000Z","2023-04-29T11:58:00.000Z","OUT","U","FUL","6.60","55.36945","-115.7468","6668"
"SWF-042-2023","ab","MST","2023-04-28T22:14:00.000Z","2023-04-29T11:30:00.000Z","OUT","H","FUL","0.30","55.942499","-113.766876","6668"
"SWF-027-2023","ab","MST","2023-04-26T20:17:00.000Z","2023-04-29T09:47:00.000Z","OUT","U","FUL","0.01","55.3674","-115.693283","6668"
"61002","nb","ADT","2023-04-28T23:18:07.000Z","2023-04-29T09:18:00.000Z","OUT","U","FUL","1.30","47.154","-65.62075","6668"
"02-007-2023","ns","ADT","2023-04-29T06:00:00.000Z","2023-04-29T06:00:00.000Z","OUT","N","FUL","0.10","44.13782501","-64.63496399","6668"
"12-005-2023","ns","ADT","2023-04-29T06:00:00.000Z","2023-04-29T04:46:23.000Z","OUT","N","FUL","0.15","45.48516083","-62.79113770","6668"
"GWF-010-2023","ab","MST","2023-04-28T21:41:00.000Z","2023-04-28T21:30:00.000Z","OUT","H","FUL","0.50","55.503367","-119.49605","6668"
"60985","nb","ADT","2023-04-28T19:12:52.000Z","2023-04-28T18:45:00.000Z","OUT","U","FUL","0.10","47.41902","-68.28182","6668"
"60984","nb","ADT","2023-04-28T17:51:44.000Z","2023-04-28T17:51:00.000Z","OUT","U","FUL","0.10","45.79225","-66.47649","6668"
"SWF-044-2023","ab","MST","2023-04-28T22:30:00.000Z","2023-04-28T17:45:00.000Z","OUT","H","FUL","0.62","55.32795","-115.433217","6668"
"SWF-043-2023","ab","MST","2023-04-28T22:32:00.000Z","2023-04-28T17:10:00.000Z","OUT","H","FUL","0.01","55.942499","-113.773321","6668"
"60982","nb","ADT","2023-04-28T16:30:22.000Z","2023-04-28T16:30:00.000Z","OUT","U","FUL","0.10","45.98647","-64.29585","6668"
"PWF-016-2023","ab","MST","2023-04-27T23:16:00.000Z","2023-04-28T16:17:00.000Z","OUT","H","FUL","0.41","56.45685","-116.077467","6668"
"HWF-016-2023","ab","MST","2023-04-23T22:42:00.000Z","2023-04-28T16:12:00.000Z","OUT","H","FUL","0.40","58.422633","-115.9825","6668"
"23DN-ILIR05","sk","CST","2023-04-27T19:01:18.000Z","2023-04-28T16:10:05.000Z","OUT","H","MOD","0.20","54.052333","-109.680967","6668"
"WWF-009-2023","ab","MST","2023-04-19T15:15:00.000Z","2023-04-28T15:40:00.000Z","OUT","H","FUL","0.99","54.206717","-116.031342","6668"
"SWF-045-2023","ab","MST","2023-04-28T21:35:00.000Z","2023-04-28T15:40:00.000Z","OUT","U","FUL","0.30","55.942517","-113.77967","6668"
"SWF-041-2023","ab","MST","2023-04-28T21:20:00.000Z","2023-04-28T15:25:00.000Z","OUT","U","FUL","0.01","55.939723","-113.778297","6668"
"SWF-040-2023","ab","MST","2023-04-28T21:00:00.000Z","2023-04-28T15:03:00.000Z","OUT","U","FUL","0.10","55.937752","-113.77819","6668"
"60942","nb","ADT","2023-04-27T21:27:20.000Z","2023-04-28T14:40:00.000Z","OUT","U","FUL","0.50","45.73981","-66.60379","6668"
"PWF-015-2023","ab","MST","2023-04-27T19:35:00.000Z","2023-04-28T14:30:00.000Z","OUT","H","FUL","2.60","56.448445","-117.255273","6668"
"MWF-006-2023","ab","MST","2023-04-26T17:29:00.000Z","2023-04-28T14:00:00.000Z","OUT","H","FUL","0.01","56.479933","-111.19815","6668"
"LWF-022-2023","ab","MST","2023-04-17T07:20:00.000Z","2023-04-28T13:59:00.000Z","OUT","H","FUL","9.00","54.865383","-112.697633","6668"
"GWF-009-2023","ab","MST","2023-04-28T04:08:00.000Z","2023-04-28T13:38:00.000Z","OUT","H","FUL","1.14","55.13174","-117.780935","6668"
"LWF-056-2023","ab","MST","2023-04-27T19:14:00.000Z","2023-04-28T11:50:00.000Z","OUT","H","FUL","0.02","55.925583","-110.72125","6668"
"04-011-2023","ns","ADT","2023-04-26T06:00:00.000Z","2023-04-28T06:00:00.000Z","OUT","N","FUL","11.85","43.81740189","-65.81709290","6668"
"15-005-2023","ns","ADT","2023-04-27T06:00:00.000Z","2023-04-28T06:00:00.000Z","OUT","N","FUL","2.04","46.27880859","-60.26959991","6668"
"2023-K60042","bc","PDT","2023-04-16T00:13:00.000Z","2023-04-27T22:00:00.000Z","OUT","H","FUL","17.00","50.038466","-120.85735","6668"
"2023-G40097","bc","PDT","2023-04-27T02:22:00.000Z","2023-04-27T21:30:00.000Z","OUT","H","FUL","0.41","53.889783000000001","-124.013283","6668"
"60962","nb","ADT","2023-04-28T12:52:40.000Z","2023-04-27T20:45:00.000Z","OUT","U","FUL","0.50","46.03178","-67.54585","6668"
"60943","nb","ADT","2023-04-27T21:35:11.000Z","2023-04-27T20:35:00.000Z","OUT","U","FUL","0.10","45.69919","-66.60494","6668"
"SWF-036-2023","ab","MST","2023-04-28T01:00:00.000Z","2023-04-27T19:20:00.000Z","OUT","H","FUL","0.02","56.507717","-114.538783","6668"
"2023-G40090","bc","PDT","2023-04-26T20:41:00.000Z","2023-04-27T19:00:00.000Z","OUT","H","FUL","0.01","54.031300000000002","-124.938917","6668"
"RWF-009-2023","ab","MST","2023-04-27T15:48:00.000Z","2023-04-27T19:00:00.000Z","OUT","H","FUL","0.10","52.255333","-115.77295","6668"
"WWF-013-2023","ab","MST","2023-04-27T22:55:00.000Z","2023-04-27T19:00:00.000Z","OUT","H","FUL","0.30","54.456917","-114.69545","6668"
"23DN-PINE","sk","CST","2023-04-23T16:00:03.000Z","2023-04-27T18:40:40.000Z","OUT","H","FUL","4.00","54.29115","-108.90315","6668"
"2023-C10096","bc","PDT","2023-04-27T01:04:00.000Z","2023-04-27T18:30:00.000Z","OUT","H","MOD","0.01","53.021082999999997","-122.05971700000001","6668"
"LWF-063-2023","ab","MST","2023-04-28T00:15:00.000Z","2023-04-27T18:20:00.000Z","OUT","H","FUL","0.01","55.922683","-110.73245","6668"
"LWF-061-2023","ab","MST","2023-04-27T23:25:00.000Z","2023-04-27T18:10:00.000Z","OUT","H","FUL","0.01","55.92255","-110.733667","6668"
"LWF-062-2023","ab","MST","2023-04-27T23:33:00.000Z","2023-04-27T17:48:00.000Z","OUT","H","FUL","0.01","55.928533","-110.722633","6668"
"HWF-019-2023","ab","MST","2023-04-27T22:47:00.000Z","2023-04-27T17:20:00.000Z","OUT","H","FUL","0.10","58.313283","-116.2488","6668"
"LWF-060-2023","ab","MST","2023-04-27T22:51:00.000Z","2023-04-27T17:07:00.000Z","OUT","H","FUL","0.10","55.92815","-110.77275","6668"
"SWF-025-2023","ab","MST","2023-04-26T18:36:00.000Z","2023-04-27T16:43:00.000Z","OUT","U","FUL","18.60","55.374187","-115.698138","6668"
"SWF-030-2023","ab","MST","2023-04-27T19:43:00.000Z","2023-04-27T16:30:00.000Z","OUT","H","FUL","2.20","55.325807","-114.551588","6668"
"WWF-012-2023","ab","MST","2023-04-23T20:41:00.000Z","2023-04-27T14:32:00.000Z","OUT","H","FUL","5.80","54.242417","-115.572827","6668"
"RWF-010-2023","ab","MST","2023-04-27T19:39:00.000Z","2023-04-27T14:09:00.000Z","OUT","H","FUL","0.01","52.540333","-115.938633","6668"
"NOR_FIRE_001","on","GMT","2023-04-26T22:38:00.000Z","2023-04-27T14:00:00.000Z","OUT","H","FUL","0.10","45.9598","-80.0102","6668"
"LWF-058-2023","ab","MST","2023-04-27T19:50:00.000Z","2023-04-27T13:52:00.000Z","OUT","H","FUL","0.01","55.932117","-110.722583","6668"
"LWF-057-2023","ab","MST","2023-04-27T19:40:00.000Z","2023-04-27T13:45:00.000Z","OUT","H","FUL","0.01","55.92965","-110.722717","6668"
"23DN-FDIR01","sk","CST","2023-04-26T18:00:26.000Z","2023-04-27T13:15:31.000Z","OUT","H","MOD","7.00","54.163267","-108.3906","6668"
"LWF-052-2023","ab","MST","2023-04-27T00:30:00.000Z","2023-04-27T11:53:00.000Z","OUT","H","FUL","0.03","55.915317","-110.7381","6668"
"LWF-053-2023","ab","MST","2023-04-27T01:10:00.000Z","2023-04-27T11:52:00.000Z","OUT","H","FUL","0.10","55.915917","-110.736317","6668"
"LWF-051-2023","ab","MST","2023-04-26T22:42:00.000Z","2023-04-27T11:45:00.000Z","OUT","H","FUL","0.10","55.925333","-110.7258","6668"
"LWF-055-2023","ab","MST","2023-04-27T01:38:00.000Z","2023-04-27T11:12:00.000Z","OUT","H","FUL","0.01","55.9354","-110.722317","6668"
"LWF-054-2023","ab","MST","2023-04-27T01:38:00.000Z","2023-04-27T11:10:00.000Z","OUT","H","FUL","0.02","55.935533","-110.721917","6668"
"PWF-014-2023","ab","MST","2023-04-26T21:35:00.000Z","2023-04-27T10:42:17.000Z","OUT","H","FUL","0.03","56.766167","-117.623","6668"
"60902","nb","ADT","2023-04-27T09:13:50.000Z","2023-04-27T09:13:00.000Z","OUT","U","FUL","0.10","47.51125","-64.94608","6668"
"60882","nb","ADT","2023-04-26T09:50:50.000Z","2023-04-27T08:42:00.000Z","OUT","U","FUL","0.20","47.50953","-64.94977","6668"
"2023-K70060","bc","PDT","2023-04-18T21:40:00.000Z","2023-04-27T00:30:00.000Z","OUT","H","FUL","28.10","50.874217000000002","-121.83366700000001","6668"
"60923","nb","ADT","2023-04-27T14:31:47.000Z","2023-04-26T23:00:00.000Z","OUT","U","FUL","0.10","45.77815","-66.47883","6668"
"60922","nb","ADT","2023-04-27T12:50:02.000Z","2023-04-26T22:10:00.000Z","OUT","U","FUL","0.10","45.95731","-66.8384","6668"
"12-004-2023","ns","ADT","2023-04-26T06:00:00.000Z","2023-04-26T22:02:38.000Z","OUT","N","FUL","1.13","45.63702393","-62.65634537","6668"
"23DN-LLIR02","sk","CST","2023-04-25T11:09:06.000Z","2023-04-26T17:57:47.000Z","OUT","H","MOD","3.00","54.03445","-109.154517","6668"
"LWF-050-2023","ab","MST","2023-04-26T21:55:00.000Z","2023-04-26T17:35:00.000Z","OUT","H","FUL","0.20","55.9283","-110.724417","6668"
"23DN-WHIR01","sk","CST","2023-04-22T16:31:04.000Z","2023-04-26T15:53:30.000Z","OUT","H","MOD","0.30","54.476733","-108.407533","6668"
"GWF-006-2023","ab","MST","2023-04-25T20:13:00.000Z","2023-04-26T14:29:00.000Z","OUT","H","FUL","53.20","55.09565","-116.933533","6668"
"60802","nb","ADT","2023-04-25T15:40:17.000Z","2023-04-26T14:00:00.000Z","OUT","U","FUL","0.50","47.87383","-66.12742","6668"
"LWF-048-2023","ab","MST","2023-04-26T18:32:00.000Z","2023-04-26T14:00:00.000Z","OUT","H","FUL","0.16","54.708783","-111.87735","6668"
"LWF-020-2023","ab","MST","2023-04-17T01:40:00.000Z","2023-04-26T13:50:00.000Z","OUT","H","FUL","6.90","54.68735","-111.957867","6668"
"MWF-005-2023","ab","MST","2023-04-25T21:44:00.000Z","2023-04-26T12:00:00.000Z","OUT","H","FUL","0.01","56.4423","-111.177","6668"
"LWF-033-2023","ab","MST","2023-04-22T19:58:00.000Z","2023-04-26T11:20:00.000Z","OUT","H","FUL","1.50","54.655783","-111.8931","6668"
"PWF-013-2023","ab","MST","2023-04-26T00:47:00.000Z","2023-04-26T10:57:00.000Z","OUT","H","FUL","0.20","56.348967","-117.316133","6668"
"60842","nb","ADT","2023-04-25T19:25:45.000Z","2023-04-26T10:40:00.000Z","OUT","U","FUL","1.00","47.52549","-65.06879","6668"
"06-003-2023","ns","ADT","2023-04-22T16:00:00.000Z","2023-04-26T06:00:00.000Z","OUT","N","FUL","0.33","44.63402176","-65.62094116","6668"
"12-003-2023","ns","ADT","2023-04-26T06:00:00.000Z","2023-04-26T06:00:00.000Z","OUT","N","FUL","0.06","45.56994247","-62.62384415","6668"
"2023-G10065","bc","PDT","2023-04-20T18:42:00.000Z","2023-04-26T02:00:00.000Z","OUT","H","FUL","16.50","53.5533","-122.63005","6668"
"16-001-2023","ns","ADT","2023-04-23T06:00:00.000Z","2023-04-25T23:52:05.000Z","OUT","N","FUL","0.01","46.39951324","-60.96986008","6668"
"GWF-007-2023","ab","MST","2023-04-26T02:42:00.000Z","2023-04-25T21:10:00.000Z","OUT","H","FUL","0.10","55.478783","-119.053367","6668"
"2023-K70037","bc","PDT","2023-04-15T03:57:00.000Z","2023-04-25T20:00:00.000Z","OUT","H","FUL","13.00","50.867933000000001","-122.83255","6668"
"60862","nb","ADT","2023-04-25T19:57:08.000Z","2023-04-25T19:57:00.000Z","OUT","U","FUL","0.30","45.9532","-66.85961","6668"
"DRY_FIRE_001","on","GMT","2023-04-20T22:10:00.000Z","2023-04-25T17:45:00.000Z","OUT","H","FUL","0.60","49.7943","-93.1766","6668"
"23DN-BIIR01","sk","CST","2023-04-23T13:51:31.000Z","2023-04-25T17:25:17.000Z","OUT","H","MOD","6.00","54.417217","-109.6664","6668"
"60822","nb","ADT","2023-04-25T17:15:44.000Z","2023-04-25T17:17:00.000Z","OUT","U","FUL","0.40","46.68848","-67.72702","6668"
"23WY-MLIR01","sk","CST","2023-04-24T13:20:29.000Z","2023-04-25T16:46:09.000Z","OUT","H","MOD","0.10","54.059467","-105.7957","6668"
"23LA-GMBIR01","sk","CST","2023-04-24T09:26:55.000Z","2023-04-25T16:12:38.000Z","OUT","H","MOD","0.90","55.624267","-104.696","6668"
"60783","nb","ADT","2023-04-24T16:58:01.000Z","2023-04-25T12:30:00.000Z","OUT","U","FUL","0.40","45.4707","-66.53734","6668"
"PWF-011-2023","ab","MST","2023-04-25T16:16:00.000Z","2023-04-25T10:25:00.000Z","OUT","H","FUL","0.01","56.4624","-116.31695","6668"
"RWF-008-2023","ab","MST","2023-04-24T00:35:00.000Z","2023-04-25T09:00:00.000Z","OUT","H","FUL","0.10","52.220618","-114.970553","6668"
"60663","nb","ADT","2023-04-23T16:50:25.000Z","2023-04-25T08:15:00.000Z","OUT","U","FUL","1.40","46.7967","-67.49975","6668"
"2023-V30015","bc","PDT","2023-04-06T21:18:00.000Z","2023-04-25T00:00:00.000Z","OUT","H","FUL","0.01","49.887282999999996","-123.180083","6668"
"2023-R30075","bc","PDT","2023-04-22T02:36:00.000Z","2023-04-24T21:30:00.000Z","OUT","H","FUL","0.01","54.697916999999997","-127.05413299999999","6668"
"2023-K20034","bc","PDT","2023-04-15T00:34:00.000Z","2023-04-24T21:00:00.000Z","OUT","H","FUL","11.50","50.780217","-119.73195","6668"
"23DN-WHIR02","sk","CST","2023-04-23T18:18:02.000Z","2023-04-24T20:19:36.000Z","OUT","H","MOD","0.90","54.483517","-108.402967","6668"
"60625","nb","ADT","2023-04-22T17:05:31.000Z","2023-04-24T18:09:00.000Z","OUT","U","FUL","0.20","46.03198","-65.0716","6668"
"HWF-018-2023","ab","MST","2023-04-24T22:01:00.000Z","2023-04-24T17:03:00.000Z","OUT","H","FUL","0.90","58.712033","-118.728033","6668"
"60782","nb","ADT","2023-04-24T16:54:47.000Z","2023-04-24T16:55:00.000Z","OUT","U","FUL","0.10","46.04644","-66.02318","6668"
"23DB-PNIR02","sk","CST","2023-04-23T15:21:56.000Z","2023-04-24T15:00:45.000Z","OUT","H","MOD","2.00","55.176458","-102.939653","6668"
"HWF-017-2023","ab","MST","2023-04-24T17:15:00.000Z","2023-04-24T15:00:00.000Z","OUT","H","FUL","0.01","58.507383","-116.117","6668"
"WWF-008-2023","ab","MST","2023-04-15T23:53:00.000Z","2023-04-24T14:43:00.000Z","OUT","H","FUL","1.10","54.513897","-114.572312","6668"
"LWF-041-2023","ab","MST","2023-04-24T01:20:00.000Z","2023-04-24T13:23:00.000Z","OUT","H","FUL","0.10","55.93515","-110.72315","6668"
"LWF-039-2023","ab","MST","2023-04-23T21:42:00.000Z","2023-04-24T13:23:00.000Z","OUT","H","FUL","1.00","55.93555","-110.7242","6668"
"LWF-042-2023","ab","MST","2023-04-24T01:54:00.000Z","2023-04-24T13:15:00.000Z","OUT","H","FUL","0.10","55.935617","-110.721633","6668"
"60722","nb","ADT","2023-04-23T23:01:46.000Z","2023-04-24T12:00:00.000Z","OUT","U","FUL","0.10","45.78144","-66.61552","6668"
"SWF-017-2023","ab","MST","2023-04-23T20:45:00.000Z","2023-04-24T10:50:00.000Z","OUT","H","FUL","1.30","55.198693","-116.884142","6668"
"LWF-043-2023","ab","MST","2023-04-24T14:45:00.000Z","2023-04-24T10:00:00.000Z","OUT","H","FUL","0.15","54.617333","-111.679333","6668"
"60723","nb","ADT","2023-04-23T23:06:21.000Z","2023-04-24T09:30:00.000Z","OUT","U","FUL","0.50","45.95162","-66.86373","6668"
"03-004-2023","ns","ADT","2023-04-24T06:00:00.000Z","2023-04-24T06:00:00.000Z","OUT","N","FUL","0.47","43.57828903","-65.78166962","6668"
"08-012-2023","ns","ADT","2023-04-24T06:00:00.000Z","2023-04-24T06:00:00.000Z","OUT","N","FUL","1.05","45.13957596","-63.62743378","6668"
"13-008-2023","ns","ADT","2023-04-23T06:00:00.000Z","2023-04-24T06:00:00.000Z","OUT","N","FUL","0.01","45.43099976","-62.03148651","6668"
"13-007-2023","ns","ADT","2023-04-23T06:00:00.000Z","2023-04-24T06:00:00.000Z","OUT","N","FUL","0.01","45.43041611","-62.03233337","6668"
"13-006-2023","ns","ADT","2023-04-23T06:00:00.000Z","2023-04-24T06:00:00.000Z","OUT","N","FUL","0.01","45.40966797","-62.03745270","6668"
"08-011-2023","ns","ADT","2023-04-24T06:00:00.000Z","2023-04-24T06:00:00.000Z","OUT","N","FUL","0.30","45.01630402","-64.00205994","6668"
"13-004-2023","ns","ADT","2023-04-23T06:00:00.000Z","2023-04-24T06:00:00.000Z","OUT","N","FUL","0.07","45.41457748","-62.02525711","6668"
"14-001-2023","ns","ADT","2023-04-22T06:00:00.000Z","2023-04-24T06:00:00.000Z","OUT","N","FUL","0.01","45.13641357","-61.88295364","6668"
"13-005-2023","ns","ADT","2023-04-23T06:00:00.000Z","2023-04-24T06:00:00.000Z","OUT","N","FUL","0.09","45.61090088","-61.91321182","6668"
"15-004-2023","ns","ADT","2023-04-23T07:00:00.000Z","2023-04-24T03:11:05.000Z","OUT","N","FUL","3.60","46.24991608","-60.12408447","6668"
"15-003-2023","ns","ADT","2023-04-24T06:00:00.000Z","2023-04-24T01:31:12.000Z","OUT","N","FUL","5.05","46.14804459","-59.95914841","6668"
"18-001-2023","ns","ADT","2023-04-11T06:00:00.000Z","2023-04-23T20:09:45.000Z","OUT","N","FUL","0.56","45.64908600","-60.84286499","6668"
"60702","nb","ADT","2023-04-23T19:54:06.000Z","2023-04-23T19:00:00.000Z","OUT","U","FUL","3.00","45.88447","-66.50498","6668"
"60682","nb","ADT","2023-04-23T17:09:18.000Z","2023-04-23T17:09:00.000Z","OUT","U","FUL","0.10","45.95578","-66.83764","6668"
"23DB-PNIR01","sk","CST","2023-04-22T16:31:23.000Z","2023-04-23T16:39:46.000Z","OUT","H","MOD","0.50","55.178033","-102.933883","6668"
"HWF-015-2023","ab","MST","2023-04-23T21:59:00.000Z","2023-04-23T16:10:00.000Z","OUT","H","FUL","0.10","58.247167","-116.375833","6668"
"60662","nb","ADT","2023-04-23T16:06:55.000Z","2023-04-23T16:07:00.000Z","OUT","U","FUL","0.10","45.99632","-66.89663","6668"
"MWF-004-2023","ab","MST","2023-04-23T16:50:00.000Z","2023-04-23T15:31:00.000Z","OUT","H","FUL","3.30","56.630383","-111.392967","6668"
"60623","nb","ADT","2023-04-22T16:30:13.000Z","2023-04-23T13:50:00.000Z","OUT","U","FUL","0.80","45.6698","-66.70083","6668"
"23PA-DITCH01","sk","CST","2023-04-23T12:36:48.000Z","2023-04-23T13:42:59.000Z","OUT","H","MOD","0.20","53.32595","-105.75845","6668"
"23PA-DITCH02","sk","CST","2023-04-23T12:30:21.000Z","2023-04-23T13:42:46.000Z","OUT","H","MOD","0.10","53.31295","-105.7585","6668"
"23PA-SLIR01","sk","CST","2023-04-22T18:15:10.000Z","2023-04-23T10:19:39.000Z","OUT","H","MOD","3.50","53.419083","-106.005","6668"
"08-010-2023","ns","ADT","2023-04-22T22:00:00.000Z","2023-04-23T06:00:00.000Z","OUT","N","FUL","0.30","44.94654846","-64.01610565","6668"
"07-004-2023","ns","ADT","2023-04-19T01:00:00.000Z","2023-04-23T06:00:00.000Z","OUT","N","FUL","0.01","45.07210541","-64.25326538","6668"
"03-003-2023","ns","ADT","2023-04-22T07:00:00.000Z","2023-04-23T03:50:00.000Z","OUT","N","FUL","0.58","43.72008896","-65.14040375","6668"
"02-006-2023","ns","ADT","2023-04-22T07:00:00.000Z","2023-04-23T01:43:02.000Z","OUT","N","FUL","2.07","44.30875015","-64.78889465","6668"
"04-010-2023","ns","ADT","2023-04-23T06:00:00.000Z","2023-04-22T19:10:20.000Z","OUT","N","FUL","1.94","43.94118500","-65.69286346","6668"
"EWF-013-2023","ab","MST","2023-04-22T23:57:00.000Z","2023-04-22T17:59:00.000Z","OUT","H","FUL","0.02","53.884475","-119.10662","6668"
"60642","nb","ADT","2023-04-22T19:14:05.000Z","2023-04-22T17:45:00.000Z","OUT","U","FUL","0.10","46.02295","-67.06599","6668"
"60626","nb","ADT","2023-04-22T17:33:50.000Z","2023-04-22T16:20:00.000Z","OUT","U","FUL","0.10","45.9598","-67.24403","6668"
"23DN-ILIR03","sk","CST","2023-04-21T18:38:57.000Z","2023-04-22T15:45:53.000Z","OUT","H","MOD","0.40","54.042783","-109.584917","6668"
"HWF-014-2023","ab","MST","2023-04-22T18:00:00.000Z","2023-04-22T15:45:00.000Z","OUT","H","FUL","0.10","58.245083","-116.268383","6668"
"60622","nb","ADT","2023-04-22T14:26:19.000Z","2023-04-22T14:50:00.000Z","OUT","U","FUL","2.00","46.33817","-65.00619","6668"
"HWF-013-2023","ab","MST","2023-04-22T18:14:00.000Z","2023-04-22T12:53:00.000Z","OUT","H","FUL","0.24","58.26675","-116.286217","6668"
"EWF-012-2023","ab","MST","2023-04-22T18:00:00.000Z","2023-04-22T12:40:00.000Z","OUT","H","FUL","0.26","53.5853","-115.034167","6668"
"SWF-016-2023","ab","MST","2023-04-22T17:30:00.000Z","2023-04-22T12:35:00.000Z","OUT","H","FUL","30.40","55.935917","-113.82705","6668"
"LWF-028-2023","ab","MST","2023-04-22T15:19:00.000Z","2023-04-22T10:00:00.000Z","OUT","H","FUL","0.01","55.67655","-111.106467","6668"
"SWF-015-2023","ab","MST","2023-04-21T18:12:00.000Z","2023-04-22T08:49:00.000Z","OUT","H","FUL","1.60","55.409117","-116.172317","6668"
"PWF-010-2023","ab","MST","2023-04-22T13:15:00.000Z","2023-04-22T07:30:00.000Z","OUT","H","FUL","0.01","56.44975","-116.098083","6668"
"01-010-2023","ns","ADT","2023-04-13T06:00:00.000Z","2023-04-22T06:00:00.000Z","OUT","N","FUL","0.10","44.38475800","-64.76360321","6668"
"2023-K20066","bc","PDT","2023-04-20T20:50:00.000Z","2023-04-21T22:00:00.000Z","OUT","H","FUL","5.70","50.791699999999999","-119.75966699999999","6668"
"2023-C50031","bc","PDT","2023-04-14T23:29:00.000Z","2023-04-21T19:00:00.000Z","OUT","H","FUL","16.40","52.002400000000002","-123.161433","6668"
"60602","nb","ADT","2023-04-21T19:14:03.000Z","2023-04-21T18:00:00.000Z","OUT","U","FUL","0.10","46.07378","-66.9773","6668"
"23DN-LLIR01","sk","CST","2023-04-21T14:05:47.000Z","2023-04-21T17:43:31.000Z","OUT","H","MOD","0.10","54.035767","-109.1486","6668"
"60582","nb","ADT","2023-04-21T11:11:11.000Z","2023-04-21T12:32:00.000Z","OUT","U","FUL","0.30","45.72512","-66.60582","6668"
"60742","nb","ADT","2023-04-24T07:29:43.000Z","2023-04-21T10:30:00.000Z","OUT","U","FUL","0.40","47.20953","-65.11625","6668"
"SWF-014-2023","ab","MST","2023-04-21T16:03:00.000Z","2023-04-21T10:04:00.000Z","OUT","H","FUL","0.01","55.3545","-114.755","6668"
"05-002-2023","ns","ADT","2023-04-21T06:00:00.000Z","2023-04-21T06:00:00.000Z","OUT","N","FUL","0.50","44.52428436","-65.82522583","6668"
"05-003-2023","ns","ADT","2023-04-21T06:00:00.000Z","2023-04-21T06:00:00.000Z","OUT","N","FUL","0.50","44.58545685","-65.76844025","6668"
"16-002-2023","ns","ADT","2023-04-24T06:00:00.000Z","2023-04-21T01:00:06.000Z","OUT","N","FUL","0.01","45.99197388","-60.99787140","6668"
"2023-K20047","bc","PDT","2023-04-16T15:51:00.000Z","2023-04-21T00:30:00.000Z","OUT","H","FUL","0.72","50.777200000000001","-119.729833","6668"
"2023-G80035","bc","PDT","2023-04-15T01:48:00.000Z","2023-04-20T22:30:00.000Z","OUT","H","FUL","62.00","56.507199999999997","-121.95699999999999","6668"
"2023-G80052","bc","PDT","2023-04-16T23:39:00.000Z","2023-04-20T20:30:00.000Z","OUT","H","FUL","2.00","56.296666999999999","-121.10673300000001","6668"
"2023-V10048","bc","PDT","2023-04-16T00:29:00.000Z","2023-04-20T19:30:00.000Z","OUT","H","FUL","0.01","49.328333000000001","-121.27838300000001","6668"
"1","qc","EST","2023-01-08T03:00:00.000Z","2023-04-20T18:12:36.000Z","OUT","N","FUL","0.00","50.305","-66.4394","6668"
"2023-G80053","bc","PDT","2023-04-17T02:33:00.000Z","2023-04-20T18:00:00.000Z","OUT","H","FUL","12.00","56.374333","-121.23388300000001","6668"
"2023-K50058","bc","PDT","2023-04-18T00:57:00.000Z","2023-04-20T18:00:00.000Z","OUT","H","FUL","0.01","49.518650000000001","-119.534783","6668"
"23DN-LLIR04","sk","CST","2023-04-19T18:53:36.000Z","2023-04-20T13:32:23.000Z","OUT","H","MOD","0.30","54.03155","-109.154817","6668"
"PWF-009-2023","ab","MST","2023-04-19T23:30:00.000Z","2023-04-20T09:40:00.000Z","OUT","H","FUL","0.65","56.35495","-117.3036","6668"
"15-002-2023","ns","ADT","2023-04-20T06:00:00.000Z","2023-04-20T02:40:42.000Z","OUT","N","FUL","0.14","46.17787552","-60.01496887","6668"
"2023-K20028","bc","PDT","2023-04-14T20:22:00.000Z","2023-04-19T19:00:00.000Z","OUT","H","FUL","0.12","51.172083000000001","-120.148083","6668"
"SWF-007-2023","ab","MST","2023-04-16T22:35:00.000Z","2023-04-19T18:00:00.000Z","OUT","H","FUL","3.20","55.584783","-116.513983","6668"
"2023-K50032","bc","PDT","2023-04-14T23:59:00.000Z","2023-04-19T18:00:00.000Z","OUT","H","FUL","0.50","49.515317000000003","-119.56913299999999","6668"
"23LF-FOAM","sk","CST","2023-04-17T18:03:52.000Z","2023-04-19T17:39:45.000Z","OUT","H","FUL","1.50","53.57805","-104.851667","6668"
"RWF-006-2023","ab","MST","2023-04-18T18:51:00.000Z","2023-04-19T16:30:00.000Z","OUT","H","FUL","6.80","52.203917","-115.0292","6668"
"EWF-011-2023","ab","MST","2023-04-18T22:19:00.000Z","2023-04-19T16:15:00.000Z","OUT","H","FUL","0.95","53.462333","-117.446083","6668"
"WWF-007-2023","ab","MST","2023-04-15T20:22:00.000Z","2023-04-19T12:00:00.000Z","OUT","H","FUL","3.20","54.595135","-116.781535","6668"
"2023-V50055","bc","PDT","2023-04-16T20:58:00.000Z","2023-04-18T23:00:00.000Z","OUT","H","FUL","0.00","50.062550000000002","-124.820767","6668"
"60562","nb","ADT","2023-04-18T20:42:12.000Z","2023-04-18T20:42:00.000Z","OUT","U","FUL","1.00","45.95694","-66.84601","6668"
"2023-R40057","bc","PDT","2023-04-17T22:59:00.000Z","2023-04-18T19:30:00.000Z","OUT","H","FUL","0.60","55.108283","-127.784583","6668"
"2023-K60049","bc","PDT","2023-04-16T18:36:00.000Z","2023-04-18T19:30:00.000Z","OUT","H","FUL","0.90","50.042282999999998","-120.843917","6668"
"60542","nb","ADT","2023-04-18T16:55:56.000Z","2023-04-18T17:26:00.000Z","OUT","U","FUL","2.50","45.17897","-66.36838","6668"
"LWF-024-2023","ab","MST","2023-04-18T22:13:00.000Z","2023-04-18T16:15:01.000Z","OUT","H","FUL","0.08","54.501017","-111.65385","6668"
"HWF-009-2023","ab","MST","2023-04-17T23:36:00.000Z","2023-04-18T15:00:00.000Z","OUT","H","FUL","1.55","58.463696","-114.48113","6668"
"60522","nb","ADT","2023-04-18T07:04:01.000Z","2023-04-17T22:50:00.000Z","OUT","U","FUL","0.10","45.70175","-66.60569","6668"
"2023-C40003","bc","PDT","2023-04-04T20:03:00.000Z","2023-04-17T20:30:00.000Z","OUT","H","MOD","0.01","51.772182999999998","-121.003917","6668"
"11-003-2023","ns","ADT","2023-04-13T19:00:00.000Z","2023-04-17T19:00:00.000Z","OUT","N","FUL","0.35","45.72632217","-63.33694839","6668"
"60502","nb","ADT","2023-04-17T17:37:05.000Z","2023-04-17T18:04:00.000Z","OUT","U","FUL","1.00","45.23983","-66.8033","6668"
"LWF-009-2023","ab","MST","2023-04-15T19:25:00.000Z","2023-04-17T16:10:00.000Z","OUT","H","FUL","0.20","55.925317","-110.717533","6668"
"LWF-019-2023","ab","MST","2023-04-17T00:51:00.000Z","2023-04-17T16:04:00.000Z","OUT","H","FUL","1.17","55.92575","-110.7221","6668"
"LWF-016-2023","ab","MST","2023-04-16T21:00:00.000Z","2023-04-17T15:49:00.000Z","OUT","H","FUL","0.70","55.920683","-110.738883","6668"
"LWF-015-2023","ab","MST","2023-04-16T19:30:00.000Z","2023-04-17T15:43:00.000Z","OUT","H","FUL","0.05","55.9363","-110.726393","6668"
"LWF-014-2023","ab","MST","2023-04-16T18:30:00.000Z","2023-04-17T15:39:00.000Z","OUT","H","FUL","0.05","55.9363","-110.720383","6668"
"EWF-009-2023","ab","MST","2023-04-17T00:34:00.000Z","2023-04-17T15:06:00.000Z","OUT","H","FUL","0.50","53.654958","-115.861953","6668"
"EWF-010-2023","ab","MST","2023-04-17T16:55:00.000Z","2023-04-17T14:37:00.000Z","OUT","H","FUL","0.36","53.652455","-116.597595","6668"
"60462","nb","ADT","2023-04-16T19:43:09.000Z","2023-04-17T14:00:00.000Z","OUT","U","FUL","0.10","45.62405","-66.5862","6668"
"60450","nb","ADT","2023-04-16T18:24:30.000Z","2023-04-17T11:00:00.000Z","OUT","U","FUL","0.10","45.2079","-66.86765","6668"
"60442","nb","ADT","2023-04-16T12:02:24.000Z","2023-04-17T10:39:00.000Z","OUT","U","FUL","1.50","46.66987","-65.77688","6668"
"60382","nb","ADT","2023-04-14T23:17:19.000Z","2023-04-17T10:13:00.000Z","OUT","U","FUL","0.10","45.71334","-66.60568","6668"
"60449","nb","ADT","2023-04-16T17:51:32.000Z","2023-04-17T10:00:00.000Z","OUT","U","FUL","1.50","45.2129","-66.8818","6668"
"60363","nb","ADT","2023-04-14T10:44:44.000Z","2023-04-17T09:30:00.000Z","OUT","U","FUL","3.00","45.20815","-67.00972","6668"
"10-003-2023","ns","ADT","2023-04-16T07:00:00.000Z","2023-04-17T07:00:00.000Z","OUT","N","FUL","0.10","45.75844574","-63.72206497","6668"
"10-002-2023","ns","ADT","2023-04-16T07:00:00.000Z","2023-04-17T07:00:00.000Z","OUT","N","FUL","8.75","45.40612411","-64.60052490","6668"
"13-001-2023","ns","ADT","2023-04-13T07:00:00.000Z","2023-04-17T01:32:58.000Z","OUT","N","FUL","5.60","45.53790665","-62.05391312","6668"
"15-001-2023","ns","ADT","2023-04-17T06:00:00.000Z","2023-04-16T22:27:32.000Z","OUT","N","FUL","11.07","46.18805695","-59.88322067","6668"
"13-002-2023","ns","ADT","2023-04-15T07:00:00.000Z","2023-04-16T20:44:03.000Z","OUT","N","FUL","2.90","45.56871033","-62.16909027","6668"
"13-003-2023","ns","ADT","2023-04-17T06:00:00.000Z","2023-04-16T19:31:25.000Z","OUT","N","FUL","0.58","45.63552094","-61.95477295","6668"
"60444","nb","ADT","2023-04-16T14:45:17.000Z","2023-04-16T18:30:00.000Z","OUT","U","FUL","10.50","45.11505","-66.86337","6668"
"60448","nb","ADT","2023-04-16T17:36:58.000Z","2023-04-16T17:37:00.000Z","OUT","U","FUL","0.40","45.20564","-66.86501","6668"
"60446","nb","ADT","2023-04-16T15:42:53.000Z","2023-04-16T15:42:00.000Z","OUT","U","FUL","38.50","45.22485","-66.88775","6668"
"60445","nb","ADT","2023-04-16T14:57:00.000Z","2023-04-16T15:30:00.000Z","OUT","U","FUL","4.20","45.25687","-66.87945","6668"
"60762","nb","ADT","2023-04-24T12:37:00.000Z","2023-04-16T13:49:00.000Z","OUT","U","FUL","0.10","45.61213","-66.6249","6668"
"SWF-003-2023","ab","MST","2023-04-15T22:51:00.000Z","2023-04-16T13:20:00.000Z","OUT","H","FUL","15.30","55.344658","-115.780175","6668"
"60443","nb","ADT","2023-04-16T13:01:05.000Z","2023-04-16T13:06:00.000Z","OUT","U","FUL","67.00","45.26283","-66.859","6668"
"RWF-005-2023","ab","MST","2023-04-16T18:54:00.000Z","2023-04-16T13:00:00.000Z","OUT","H","FUL","0.01","52.953617","-114.947117","6668"
"60447","nb","ADT","2023-04-16T15:51:29.000Z","2023-04-16T12:00:00.000Z","OUT","U","FUL","2.50","45.26082","-66.92146","6668"
"04-009-2023","ns","ADT","2023-04-15T07:00:00.000Z","2023-04-16T07:00:00.000Z","OUT","N","FUL","1.92","43.81495667","-65.88519287","6668"
"04-008-2023","ns","ADT","2023-04-15T07:00:00.000Z","2023-04-16T07:00:00.000Z","OUT","N","FUL","2.75","43.80274582","-65.85492706","6668"
"08-008-2023","ns","ADT","2023-04-16T07:00:00.000Z","2023-04-16T07:00:00.000Z","OUT","N","FUL","0.10","45.20536423","-64.08434296","6668"
"08-009-2023","ns","ADT","2023-04-16T07:00:00.000Z","2023-04-16T07:00:00.000Z","OUT","N","FUL","0.44","45.06137466","-63.98347473","6668"
"12-002-2023","ns","ADT","2023-04-16T07:00:00.000Z","2023-04-16T07:00:00.000Z","OUT","N","FUL","0.10","45.54225540","-62.64481735","6668"
"01-011-2023","ns","ADT","2023-04-16T06:00:00.000Z","2023-04-16T06:00:00.000Z","OUT","N","FUL","0.02","44.37045288","-64.48993683","6668"
"05-001-2023","ns","ADT","2023-04-15T07:00:00.000Z","2023-04-16T00:56:32.000Z","OUT","N","FUL","0.01","44.24800110","-66.08300018","6668"
"60422","nb","ADT","2023-04-15T20:17:23.000Z","2023-04-15T20:18:00.000Z","OUT","U","FUL","0.10","45.95725","-66.84344","6668"
"60402","nb","ADT","2023-04-15T19:24:06.000Z","2023-04-15T19:26:00.000Z","OUT","U","FUL","1.30","45.76808","-66.54343","6668"
"08-007-2023","ns","ADT","2023-04-14T07:00:00.000Z","2023-04-15T19:00:00.000Z","OUT","N","FUL","0.54","45.17007446","-64.15406036","6668"
"EWF-008-2023","ab","MST","2023-04-15T21:15:00.000Z","2023-04-15T16:15:00.000Z","OUT","H","FUL","0.05","53.16935","-115.45726","6668"
"04-006-2023","ns","ADT","2023-04-14T07:00:00.000Z","2023-04-15T07:00:00.000Z","OUT","N","FUL","0.76","43.81085968","-65.88722229","6668"
"01-012-2023","ns","ADT","2023-04-15T06:00:00.000Z","2023-04-15T06:00:00.000Z","OUT","N","FUL","0.01","44.39429855","-64.66352844","6668"
"02-005-2023","ns","ADT","2023-04-14T07:00:00.000Z","2023-04-15T03:31:52.000Z","OUT","N","FUL","0.01","44.12160492","-64.60612488","6668"
"04-007-2023","ns","ADT","2023-04-14T07:00:00.000Z","2023-04-15T01:00:00.000Z","OUT","N","FUL","2.68","43.74175262","-65.84796143","6668"
"12-001-2023","ns","ADT","2023-04-10T07:00:00.000Z","2023-04-14T23:31:42.000Z","OUT","N","FUL","1.10","45.52679825","-62.57199097","6668"
"08-006-2023","ns","ADT","2023-04-14T07:00:00.000Z","2023-04-14T19:00:00.000Z","OUT","N","FUL","0.20","45.26453781","-63.75294495","6668"
"60364","nb","ADT","2023-04-14T12:37:03.000Z","2023-04-14T15:28:00.000Z","OUT","U","FUL","0.20","45.50547","-65.60005","6668"
"60482","nb","ADT","2023-04-17T13:56:15.000Z","2023-04-14T15:20:00.000Z","OUT","U","FUL","0.50","45.25717","-65.74117","6668"
"60344","nb","ADT","2023-04-13T21:02:08.000Z","2023-04-14T10:49:00.000Z","OUT","U","FUL","1.00","45.70117","-66.60517","6668"
"EWF-006-2023","ab","MST","2023-04-10T23:30:00.000Z","2023-04-14T10:35:00.000Z","OUT","H","FUL","0.01","53.582283","-116.2135","6668"
"60342","nb","ADT","2023-04-13T15:05:02.000Z","2023-04-14T09:00:00.000Z","OUT","U","FUL","0.60","45.8814","-66.37866","6668"
"01-009-2023","ns","ADT","2023-04-14T07:00:00.000Z","2023-04-14T07:00:00.000Z","OUT","N","FUL","0.05","44.54108810","-64.59415436","6668"
"02-004-2023","ns","ADT","2023-04-14T07:00:00.000Z","2023-04-14T07:00:00.000Z","OUT","N","FUL","0.01","44.38013840","-65.03849792","6668"
"08-004-2023","ns","ADT","2023-04-14T07:00:00.000Z","2023-04-14T07:00:00.000Z","OUT","N","FUL","0.10","44.93176651","-63.90520859","6668"
"08-005-2023","ns","ADT","2023-04-14T07:00:00.000Z","2023-04-14T07:00:00.000Z","OUT","N","FUL","0.25","45.20298767","-63.64644241","6668"
"01-008-2023","ns","ADT","2023-04-14T07:00:00.000Z","2023-04-14T07:00:00.000Z","OUT","N","FUL","0.02","44.40715027","-64.34016418","6668"
"08-003-2023","ns","ADT","2023-04-13T23:00:00.000Z","2023-04-13T23:00:00.000Z","OUT","N","FUL","0.21","45.05084991","-64.20606232","6668"
"02-003-2023","ns","ADT","2023-04-12T06:00:00.000Z","2023-04-13T22:00:00.000Z","OUT","N","FUL","0.08","44.06206894","-64.67406464","6668"
"EWF-007-2023","ab","MST","2023-04-14T00:36:00.000Z","2023-04-13T18:41:00.000Z","OUT","H","FUL","0.01","53.933898","-115.908715","6668"
"60343","nb","ADT","2023-04-13T17:49:33.000Z","2023-04-13T17:49:00.000Z","OUT","U","FUL","1.00","45.75625","-66.56677","6668"
"PAR_FIRE_001","on","GMT","2023-04-12T19:38:00.000Z","2023-04-13T17:00:00.000Z","OUT","H","FUL","0.70","45.0243","-79.7746","6668"
"60362","nb","ADT","2023-04-14T10:06:19.000Z","2023-04-13T12:15:00.000Z","OUT","U","FUL","0.10","45.83903","-66.5308","6668"
"08-002-2023","ns","ADT","2023-04-11T07:00:00.000Z","2023-04-13T07:00:00.000Z","OUT","N","FUL","0.10","45.02606583","-63.54213333","6668"
"01-007-2023","ns","ADT","2023-04-12T07:00:00.000Z","2023-04-13T07:00:00.000Z","OUT","N","FUL","0.04","44.56892395","-64.26718903","6668"
"02-002-2023","ns","ADT","2023-04-11T07:00:00.000Z","2023-04-13T07:00:00.000Z","OUT","N","FUL","0.01","44.08710861","-64.58557129","6668"
"06-002-2023","ns","ADT","2023-04-11T07:00:00.000Z","2023-04-13T00:45:00.000Z","OUT","N","FUL","9.89","44.56859589","-65.60034180","6668"
"07-001-2023","ns","ADT","2023-04-10T06:00:00.000Z","2023-04-12T23:29:02.000Z","OUT","N","FUL","0.66","45.15506363","-64.43567657","6668"
"WWF-005-2023","ab","MST","2023-04-10T16:55:00.000Z","2023-04-12T14:45:00.000Z","OUT","N","FUL","0.20","54.357247","-116.620193","6668"
"01-005-2023","ns","ADT","2023-04-11T07:00:00.000Z","2023-04-12T07:00:00.000Z","OUT","N","FUL","0.10","44.48855591","-64.51692200","6668"
"01-003-2023","ns","ADT","2023-04-10T07:00:00.000Z","2023-04-12T07:00:00.000Z","OUT","N","FUL","0.01","44.26911926","-64.58799744","6668"
"01-002-2023","ns","ADT","2023-04-10T07:00:00.000Z","2023-04-12T07:00:00.000Z","OUT","N","FUL","0.01","44.37369537","-64.36381531","6668"
"01-004-2023","ns","ADT","2023-04-11T07:00:00.000Z","2023-04-12T07:00:00.000Z","OUT","N","FUL","0.30","44.58709335","-64.28611755","6668"
"01-006-2023","ns","ADT","2023-04-11T07:00:00.000Z","2023-04-12T07:00:00.000Z","OUT","N","FUL","0.20","44.48047638","-64.46142578","6668"
"10-001-2023","ns","ADT","2023-04-11T21:00:00.000Z","2023-04-11T21:00:00.000Z","OUT","N","FUL","0.40","45.86881638","-63.76950455","6668"
"04-005-2023","ns","ADT","2023-04-11T21:00:00.000Z","2023-04-11T21:00:00.000Z","OUT","N","FUL","0.17","43.81636047","-65.92865753","6668"
"09-004-2023","ns","ADT","2023-04-11T22:00:00.000Z","2023-04-11T21:00:00.000Z","OUT","N","FUL","1.16","44.73917007","-63.43330765","6668"
"2023-C40022","bc","PDT","2023-04-09T21:02:00.000Z","2023-04-11T17:00:00.000Z","OUT","H","FUL","0.01","51.679116999999998","-121.299333","6668"
"08-001-2023","ns","ADT","2023-04-11T07:00:00.000Z","2023-04-11T07:00:00.000Z","OUT","N","FUL","0.40","44.86149979","-63.80377197","6668"
"03-002-2023","ns","ADT","2023-04-11T06:00:00.000Z","2023-04-11T06:00:00.000Z","OUT","N","FUL","2.37","43.43397903","-65.59695435","6668"
"09-003-2023","ns","ADT","2023-04-11T06:00:00.000Z","2023-04-11T06:00:00.000Z","OUT","N","FUL","0.10","44.77757645","-63.05825424","6668"
"06-001-2023","ns","ADT","2023-04-11T06:00:00.000Z","2023-04-11T06:00:00.000Z","OUT","N","FUL","0.10","44.67338562","-65.60700989","6668"
"11-002-2023","ns","ADT","2023-04-10T06:00:00.000Z","2023-04-10T23:34:00.000Z","OUT","N","FUL","1.60","45.39701080","-63.66550064","6668"
"EWF-005-2023","ab","MST","2023-04-10T21:45:00.000Z","2023-04-10T15:50:00.000Z","OUT","H","FUL","0.01","53.7027","-115.157833","6668"
"11-001-2023","ns","ADT","2023-04-10T06:00:00.000Z","2023-04-10T02:13:53.000Z","OUT","N","FUL","0.50","45.44790268","-63.65164566","6668"
"02-001-2023","ns","ADT","2023-04-09T06:00:00.000Z","2023-04-09T06:00:00.000Z","OUT","N","FUL","0.10","44.14979553","-64.65686035","6668"
"03-001-2023","ns","ADT","2023-04-08T06:00:00.000Z","2023-04-08T06:00:00.000Z","OUT","N","FUL","0.14","43.82682037","-65.38681793","6668"
"04-003-2023","ns","ADT","2023-04-01T06:00:00.000Z","2023-04-05T06:00:00.000Z","OUT","N","FUL","2.68","43.74077606","-65.82685089","6668"
"04-004-2023","ns","ADT","2023-04-01T06:00:00.000Z","2023-04-05T06:00:00.000Z","OUT","N","FUL","9.03","43.80308914","-65.87228394","6668"
"01-001-2023","ns","ADT","2023-04-04T06:00:00.000Z","2023-04-04T06:00:00.000Z","OUT","N","FUL","0.02","44.49133301","-64.31012726","6668"
"09-001-2023","ns","ADT","2023-03-22T23:00:00.000Z","2023-03-24T00:00:00.000Z","OUT","N","FUL","57.32","45.01539230","-63.21425247","6668"
"04-001-2023","ns","ADT","2023-03-22T21:00:00.000Z","2023-03-23T02:00:00.000Z","OUT","N","FUL","13.39","43.80704117","-65.86865234","6668"
"04-002-2023","ns","ADT","2023-03-22T07:00:00.000Z","2023-03-23T00:00:00.000Z","OUT","N","FUL","0.88","43.86638641","-66.06042480","6668"
"09-002-2023","ns","ADT","2023-03-22T21:00:00.000Z","2023-03-23T00:00:00.000Z","OUT","N","FUL","0.14","44.78252029","-63.10366058","6668"
"2023PP1","pc","EST","2023-02-25T16:40:11.000Z","2023-02-25T05:00:00.000Z","OUT","H","FUL","0.00","41.9352","-82.5175","6668"
"636","qc","EDT","2020-07-17T20:50:00.000Z","2020-07-17T20:50:00.000Z","OC","N","MON","0.00","52.4708","-77.7369","6668"
"559","qc","EDT","2003-07-01T20:30:00.000Z","2003-07-01T20:30:00.000Z","OC","N","MON","5835.50","54.6678","-73.1356","6668"
"223","qc","EDT","2000-01-01T05:00:00.000Z","2000-01-01T05:00:00.000Z","UC","U","FUL","0.00","47.3875","-73.1494","6668"
"2023PU10","pc","EDT","2023-08-09T00:54:01.000Z","0001-01-01T05:00:00.000Z","OUT","N","MON","0.10","48.2613","-85.7431","6668"